-1.1630652723831416
-0.6002167994894589
-0.9508465699425797
-1.302387796669694
-0.430905056388843
-1.2608928975086875
-1.3811604622053877
-0.6017039993815299
-2.537521825917961
-1.3139241112375015
-1.2436328254856879
0.02766283349824817
-1.4242938148242499
-0.6913022022021668
-0.5618651232944951
-1.6603091072075251
-0.4328578151101472
-0.5656718848451668
-0.3185774316954078
-1.53415439090879
-0.6715983845143673
-1.3816113323925274
-0.4753010845542422
-0.6070486904793959
-1.1516454393437978
-0.6646875581832532
-1.9213732312994545
-1.2433245772476633
-0.7298435231780861
-0.8195684661038333
-1.0867309952219426
-0.9084893900344764
-0.0483617378311187
-0.20568594235747345
-1.891420945551955
-2.4467008901558307
-1.8936129040452458
-1.1290842265506922
-1.3034278968126511
-1.0023081275010768
0.6957292548590694
-1.1399806177233824
-1.318324821471155
-0.6457460067393281
-1.9522008592260411
-0.9421388952216868
-1.8344924152490938
-1.7970630804386325
-1.469119005538331
-0.7429598007815864
-1.21993619956623
-1.4545083987302727
-0.548909976880512
-1.4596210842311008
-1.4962873323043855
-2.7553835529140622
-0.6143764116810143
-2.2736480422439653
-1.1830791801201135
-1.106483340854109
-3.3478819822257884
0.053720066824628245
-1.6603953707830506
-1.5542994492526816
-1.4063159919273274
-2.076398332616815
-1.981852973197077
-1.4881370556296045
-1.8442307777803364
-2.2390813575219117
-0.2416908150507574
-1.742305222393177
-1.5642066887098838
-2.5454543919443933
-2.43605724544214
-2.3841254232433684
-0.16730983392132437
-1.0607446337261064
-2.464693291232332
-0.5274145424270908
-1.9454428018015624
-2.6297153876275354
-0.6987386460306447
-1.3051073504713415
-2.7339551019161137
-1.928090711112884
-1.0337660016394707
-1.4730787684127635
-0.862430429272782
-2.5606214443667783
-2.083617678837869
-2.5590900097162708
-0.14186720978515655
-2.7663461353236602
-2.070108168065584
-1.2238931837078217
-2.452886630540065
-1.2893136165810262
-2.5660793036904637
0.207139232472695
-2.8116153159166157
-1.0181794659899757
-2.6123504004813296
-1.0960185546161947
-0.6204992703785516
-0.7888723505543341
-0.33727787319961694
-1.10407975125002
-0.7625390603174771
-1.5515508344611386
-0.9024067600429201
-2.6651350995371708
-0.41549593461838136
0.7129534301444026
-1.3895552151781174
-1.5319732672557052
-2.593828961829543
-1.5797113181788554
-1.5630240546838885
-0.154410007870869
-0.3956405101897833
0.6834300535722435
-0.4666569835414113
-0.5849189839077011
1.2389797372120754
-1.9257573751118908
-0.2396152946808853
-1.224483976433699
0.010246636110280666
-1.0246275170643377
-0.4682971585248181
-0.12036602184370675
-0.5051285574093918
1.5513670062755205
-1.714058348599708
-0.7091151068989331
-1.2904030173767125
1.3051924178590855
-0.2942647871391666
-1.0889663392608364
-0.2661980787212729
0.16273451037908493
-0.4622043392057108
-2.456410144184566
-0.3524703619227413
-2.2225742740797965
-1.3569698501995913
-1.1331095377415208
-0.4140741135154393
-0.9103386822294094
-1.196623752866952
-0.7870489125168363
-1.3562317095669623
0.7525599075526977
-0.33608745512657995
-0.02031311710758784
-0.15040559179806529
-0.2909801260666514
1.3675128962806553
-1.1304360075441378
0.3400329713711851
-1.2953080961699817
-0.4497750132498362
-0.9822741325480367
-1.0073395811516472
0.3170512222597664
0.614447549458313
-0.7983568177490104
-1.2338161275102117
-0.33573633035487055
-1.3007690245677443
0.11880855748362773
-1.5681907237648804
0.1186942969609795
1.534091017225048
-0.13966209313540986
1.169852003861652
-0.42108952803165983
-0.729827078683397
-0.6017697703390933
0.791589342600079
-0.764164930258964
-0.39657082102105395
-1.1202580146979983
-0.35533050434782476
-0.14849532342578195
-1.9708723615772334
0.5364345011150117
-0.5785722567935688
0.643996545547604
-1.60617541867723
-0.5752519808523499
-0.1286068687782599
-0.6107198370803045
0.4001977019783875
-1.54876145932852
0.588866403462616
-1.73122675676741
-1.5231324764273233
-1.7882720343866125
-0.32725518310360086
-1.410761127096305
-1.1541969538567054
-0.5313368100117609
-1.7024246287590403
0.7932381659537712
-1.982358501493312
0.5549963162636727
-2.1168641212606176
-1.6277870523071425
-0.0540835964664066
-0.45800497098108467
-1.3095403065352413
-1.1454348369019967
-0.4895370221573333
-2.191020330347098
-0.6240544454996667
-0.8685032863959109
0.3403519990440788
-1.0133176864074651
-0.7490806935275034
0.7296880319686126
-1.4320979063634913
-0.561212583038465
-1.2145838100142732
0.3164021320386972
-1.326249122681563
0.06487217251956735
-0.027638941634435803
-1.1049171301169058
0.4881372802359572
-0.9118541365385125
-1.5925521468354606
-0.8575110014861818
0.14120936184981533
-0.862905205973259
0.12247344521638345
-1.1539655966342866
-0.1270722666546142
2.036961010967078
-1.1039478374780551
-0.15043186418180268
0.18698680258582392
0.9344569023871764
-0.46620481429103855
0.6786741552653122
1.5247664290445733
-0.11546803659484911
0.8630747690792028
1.1781900277614346
0.7596138327278869
-2.2783167075815127
0.05216849678573068
0.15730291610066874
-0.3477910217595112
-1.1523850978178087
-0.48655003620236753
1.22544846895279
-0.6761443673795104
1.5013521859012005
-0.7939408773388104
0.9593628574920241
-0.5159235722519776
1.7330316990653647
1.1910345736726675
-0.04067634129552691
0.50957292505103
-1.3075240202600857
-0.08540164634110374
-0.8566139799719515
-0.04807702818990384
-0.2982351705349539
-0.42725037943870253
1.0750535878549519
-0.14035206584200377
0.8403322256650955
-1.860776407846205
2.0888500995974852
-0.20802257770965538
1.109795824410501
-1.427227259902274
-0.04900762751619044
1.2176211823513685
0.31539954478231624
-0.8288135010816392
-1.4255057663510409
0.11484849505733918
-2.4135557086638153
0.5225509365733257
0.585082159552913
0.3200863853544354
-1.0122356673354735
-1.6218390566773904
1.6853578627576145
-1.1151200234656733
0.8904059486844076
0.16625824430762642
-1.3058260461562912
-1.5822285931677433
-0.8941295456796244
0.6344715895934555
-2.2366173179702384
-1.0405057265618136
-1.967434157069043
-0.48956920299662166
-2.335898874417293
-1.1235923267122467
0.31836019824692763
-0.3478265201229865
1.4008796641806736
-1.588145983377025
-0.34186102271478547
-2.6410436975760354
-0.6601009654819346
-0.5812208062646018
0.013265775135717809
-1.637245861788215
-0.5118308620265992
-0.5740285887334966
-2.0263112682965527
-0.23473715763452943
-1.3969791529439908
-0.11848537382048409
-2.3394286386842293
0.062051409657934736
-1.2689610209141735
-1.5130631890122834
0.7380341750862771
-1.9933434483976398
-0.7626931327292348
-1.6652715316717226
-0.10306783922872252
-0.5219457798041306
-1.50230173939002
-0.40077149009974006
-1.1884359040680204
0.04697690170284032
-1.6338450441585084
0.5372294701560644
-1.1946882718583514
-0.825973861479665
-2.3866708235774343
-1.2905853367454403
0.7106099153915056
-0.8057623710321533
0.14449369409255436
-0.21680128920576336
0.33164803938287984
-1.6329108809662776
0.08011412514595098
-2.215882839627544
-0.9454098232083361
-0.6594785047470655
-0.9288813998820109
0.7378439257223391
-1.1630541595009192
-0.18372524289936568
-1.1432881343269858
0.3518043931369766
-1.2175326356722502
-0.23208764720456765
0.2811031943016809
-1.7036532079990345
0.43433991569048896
-1.451647347444173
0.10801717325484701
-1.198820716524645
-0.3256092801217866
-1.4695367101939656
-0.05460791526799971
-0.024553028017596103
-1.1791510262500229
-0.31188535454650923
-0.09628803616011068
-1.4646692245705786
-1.1597699768103276
-1.8891694323656338
-2.3628364701750595
-1.5986318921624065
-0.9741315711610992
-1.1959366598189516
0.5993685791107994
-2.0618720013660825
0.26981179902550984
-2.7859084651864445
-1.8906986775324246
-1.1684684301021513
-0.3892831923571797
-0.7716158639068414
-1.9147225908032781
-0.25045777692957305
-0.798672902835919
-0.7498020414506769
-1.3017875402664276
-0.9824239376821827
-1.0083128019059557
-1.7454464535261205
-0.07421232520022789
-0.839196017740565
-0.21832181420269237
-1.4939452806275182
-1.5614090334367488
-1.8097187961937786
0.5157725000381116
-1.100340132373953
-1.0546019762059697
0.6220071635875187
0.3040103380497342
1.190785767674617
-1.578908291634979
1.1139390995771474
-0.7397560765193401
0.8255917279718405
-1.3986290899813312
-1.3702512532382332
0.819453605858097
-1.4576098274361406
-1.8452161214633225
-1.2863298343647511
0.7589874153079122
0.08054920907625797
-1.1356442227391925
-0.4516015451711261
-0.5944370653808112
-1.5464744889295539
-1.8767389277632176
0.844578261460459
-1.7302134914081924
-0.9962859119403422
-0.772911802118655
-1.4058875122568264
-1.363791742051987
-0.9475827258526349
-0.45674459182242905
-1.6191298123984372
-0.15845759793096395
-1.4701271857089306
0.36202844943198215
-1.520500113128133
-0.47429419801245987
-1.9300283772707414
-2.087141838469934
0.0825372790038136
-1.52446341572406
0.6401062284155374
-0.9923532280752617
0.781720305199713
-2.2169819573006193
-0.7237053107444262
-1.587357027800761
-1.362172790003646
0.7389479293933815
-0.8471548256970532
0.5295086692202207
-0.9296470987924748
0.06622541374357974
-1.5514384686315834
0.2023445620485612
-0.1636785088923991
-1.0985442180083516
-0.9161878609077948
-1.214220848417025
1.952453260455697
-0.6987583326459023
-0.08629880180838907
-0.9558228338491661
-0.9438604797129199
-0.9910760696655282
-0.14268500811955237
-0.22042322078040827
-0.21650300478586618
0.59966245753444
-1.433358741789092
1.3094782878485134
-0.6748112977782366
-0.6034234883214987
-1.0095987268766964
0.3031116093167789
0.1996822567222083
-0.6394730641343238
0.9050795070588378
-1.499771024018193
-0.292260217376639
-0.5487663985664061
-1.6839279706117036
-0.5986634306044643
-1.3599544865209958
1.0984008539240169
-1.242639859375122
0.41392868926887216
-1.6767350027066135
0.4436336914655895
-1.1710239819100294
-0.2513245591987417
-0.9397124533110821
-0.23949848439459434
0.543488172572522
-0.08125955341101483
0.9706395961503977
-0.8817208936609339
-0.5794857729323236
-0.6786469857696233
-0.9090908119025488
-1.7594124560646218
-1.954278175708432
0.584913356792762
-1.2221735218856717
-0.006563392264052233
-1.1908618706886152
0.07341873519520861
-1.7116459206677994
-1.4635276172449503
-0.06832446346121139
-1.0463026436452163
-0.22030655760556292
-0.7324093629729106
0.8514339815811834
-0.5013375405751868
0.044021699015742585
-0.6848856233511778
-0.6130248821911938
-0.9344793099575551
-0.9899362365428634
0.19490715799533762
-0.09243109692514298
-0.10226171718293547
-1.5474681794284453
-0.2587329867955069
-1.304351992141908
0.057449931065685904
0.11865375455455723
-0.37644169029754493
-0.8928525157936748
-0.323957776965753
0.6972696934981731
-1.4922162654688946
-1.1594318218547472
-1.0606389533137648
-0.8100166325773516
-0.7365481900433715
-0.4119008924636423
0.25722800357425957
-1.4903551851839012
-0.9104917435288316
-1.0691657406887598
0.6649895239540947
-0.6589782069229458
-0.2097521479127255
0.055692652613417014
-0.944274541734493
-0.7384629862250592
-1.2142267687951458
-0.2804672855676406
-1.5479193003582854
0.23969476780396767
-1.0398271039637126
-0.381992316065443
0.3114362463698511
-1.8428695744942305
1.1505277175399538
-2.0697197858591254
0.561287285438644
-1.7145603780921541
0.5909720489922212
-1.0201985629862578
-2.296051258422667
-0.34932218156139244
-1.4486379802797347
0.422760424463711
-0.59028684567003
-0.13377221396211547
-1.223488236747511
-0.026711853732041307
-0.5684363010227977
-0.6339692757227047
0.3020495724864882
-1.1280261007860242
0.7249581177590745
-0.8571746318294166
0.6430582341671677
-1.09392108465101
0.33112095722605517
0.02448765513146582
-0.738738723376626
0.790837956957127
-0.72827047488614
2.76516910508909
0.20396405714077537
0.08303717245677043
-1.7998823740835332
0.31282899656846724
-1.1408534585369734
-0.33012389153536237
0.014760869335777319
-0.7898979699595076
-0.3578822829203381
-0.23392286196049086
0.49389215814047666
-0.8626790515906604
-1.1681512752491543
0.42026665204160824
-1.1897005780199101
0.4300737145744033
-1.3625238243930768
0.7329198047401775
-1.295882725902876
-1.1776763786102105
-1.8625671994752258
0.21225079965852126
-0.31418108849374865
-0.6413405398566672
-0.26534020826201316
0.0634006630013175
2.2129813570139865
-2.2176960791774762
-0.09144105457183499
0.589935516217241
-1.3101824667202122
-1.1554858374947032
-1.6789666305480127
0.35312031209844263
-1.0682322648767644
0.5803091815237889
0.09005353886581766
1.0996266886001282
-1.2015871026623366
0.33417879463294226
-0.12768934127567383
0.21269490899875618
-0.6769903358669003
-1.0552426433185818
-0.4564277430208303
-0.1616259406209367
0.7150934899414454
-0.8173154832870041
-0.7716026522727409
0.7362994650761271
0.07704018873077387
0.6211578753031922
-0.6231124389688195
0.40457596118192823
-0.8887055609155529
1.0386265415864036
-0.48523074306572644
-0.8404481512308491
-1.270660230881119
-2.173909214659899
0.04027355004178295
-0.7352166328543871
1.4332148149525625
-1.0790205649154867
-0.2702314824467366
-1.446494888695731
-0.4583208851851591
0.041701227027532185
-0.010789955525758692
0.22278375344968038
-1.1368943416195716
1.2608062123354473
-0.9978080622980812
-0.068764576259377
-0.057549027726477645
-1.326957720740023
-0.8151204869226399
-0.6291684516505835
1.1649686985850896
-1.9456205485152773
-1.646108588075499
-1.2905445494182637
0.29342652772945266
0.008856360589749404
-1.7658627771927076
0.6896327870993999
-1.2444126181034922
0.47469926714167593
-0.18656434695907675
1.25602628257962
-0.6858228446079468
-0.8660413525607239
-0.4868011576410848
0.9417622341163583
0.17548258016956997
-1.7556046399088006
-0.2756494818697653
-0.9488478926340885
0.8189456592936883
0.061882336510861516
0.10305962528136796
0.3600183887361748
1.0053786018600477
1.2867730393088894
-1.199586401077009
0.030894591972096017
-1.470538857882308
1.4549712544930251
-1.0486663379414538
0.0672171979845535
-0.09955693432012953
-2.088135924688174
0.9859743957073641
-1.6864038676137305
-1.1794471194301754
-0.9978660229219806
-0.4266727616449475
-0.8245664084075861
-0.6801924500779462
-0.3731759836819923
0.12196037626614069
-0.031311123905286585
-1.763939066377882
0.8755529300950942
-1.5718322285167208
0.05364904123815689
0.2731096469558502
-0.3621283486258141
-0.9634644840262551
-1.013040328464715
1.2176253869212041
-0.7083682449214677
0.2205356769282588
-1.7342120178540024
0.5543810421741121
-1.3091484883292928
0.15173851263533936
-1.296208216593443
-0.05000092810230346
-1.3202954888273553
-1.9833573982804933
0.4215986924586541
-1.4909015699029526
0.5557664490108678
-1.5809994013232593
-1.7104646529299676
-0.49789342914098667
-0.1778251612204224
0.1384673823834826
-2.927430232423519
0.6280267423174262
-2.4958689478932494
-0.800140014674256
-2.7176089802331145
-0.2448190398659241
-0.012179357594056164
-1.87611246913642
-1.9875734283494446
-1.6470638803021431
0.8168984823203196
-1.556966103830645
-0.04528518666288217
0.31539663494739933
-1.2701352687633871
-1.520660550992733
-0.5991224739623512
-0.04540222065359987
-2.553620948762905
-0.8552927848887482
-1.0364064439674607
-2.033918650254463
-1.7827164110056408
-1.3921897803301013
-0.576542129125763
-0.8228792635325547
-0.1219662315371724
-1.4136420706151542
-0.294694491407043
-0.20738661622611373
0.39031399734906363
-1.5163264307771347
0.29317512217359637
-0.002841266921244814
-1.8918968531380282
0.15804419887405755
-1.763805659061117
-1.4930872267810977
-1.7053340011757756
1.2216209513956449
-0.8897822399581012
-0.590619872246702
0.3422662403266889
-1.2526042577262135
-0.5053478705381933
-2.188489995862845
0.9449929529669441
-0.17656586731206758
-0.1912201533842697
-0.0901249552086234
0.06116891476336394
-0.5215665994168345
-0.36586770403714947
-0.7571904474045308
-0.6664941567632984
-1.0085631789199412
-3.771698812172534
0.2606989397401294
-0.1419266023250387
-1.6663996078088148
-1.0487889423587005
-2.0728722313226204
-0.23566592277487797
-1.3619126866343223
-0.31136620008672294
-2.6401583324873616
0.6272963242198749
-1.8994631834885551
-0.6173665333811936
-1.1312971139136716
-1.3434386097478237
-1.2054171602854726
-2.5548695637685745
0.6913574423182448
-1.7214095322932568
-0.6376164341455649
-1.5799914813790306
-1.8063563490526022
0.004822658405272625
-1.8852137023001974
-0.4457955652655611
-1.3348174380444098
-0.9459663301875335
-2.103319568959671
-1.7592643412484041
-1.6546729961769862
-2.3372543781537995
-2.1580451871379007
-1.2039992284513577
-1.2468166049352936
-2.005466295469342
-1.7483816246177044
-2.4213574693253412
-0.3534930034008883
-0.7225260214926084
-2.6916953911367676
-0.4809272536014059
-1.3896318912114527
-0.6975679413326469
-2.889793843068325
-1.2998112168729485
-0.5633380833653121
0.4570756182458775
-1.626482008831813
-1.9545889249319008
-2.2463365294528304
-1.8258020609557732
-0.9024468815419443
-4.313593264981193
-1.4602191623102165
-2.3178590826350565
-0.6453785458205296
-1.4559772998707927
-2.029165755064463
-1.429697697687276
-3.583694864280713
-0.5138560915641415
-2.638264567739899
0.3664127472604925
-1.3438178780551933
-0.6165208082362386
-1.5153613815017501
-1.8987150017796903
-1.1956899583648908
-2.319964733022675
0.022474642940016006
-1.3267338397510586
-2.2727050923192267
-2.6623985532378622
-0.8567997776869792
-0.955919732754307
-1.9142345703761303
-0.8698360583971693
-1.68764158913139
-1.9433105949845197
-2.564566815885946
0.2403961352531549
-2.185904415419968
-1.8805496999655036
-0.6683624379044434
-1.4092276064125366
-0.8249971020881588
-2.3026133561860807
0.6006405633476243
-2.1746196821853068
-1.405270402871952
-1.990375692054291
0.7472132681605437
-0.9701660432759202
-0.9126235638465549
0.3907767730941593
-2.0091177415606194
0.38870105433698154
-3.0720181268999798
-0.051831885495293384
-0.4208053899363165
-1.0133658235654426
-1.462925810935898
-0.007084356930420133
0.1589900519360025
-2.3402555027031413
-0.06923714718308019
-1.4931602847836873
-0.85730876672225
-2.2782553993490637
-0.8852429877478745
-0.5314060221909475
-2.540922852706428
-0.5348058550697325
-2.330984692672011
0.27324844831523454
-0.38406831746639203
-0.5393804105145112
-2.453057304706231
-1.0733088622249505
-0.12732221653149273
-1.409682608764607
1.8192667301182168
-0.9254782498112045
0.776866472717289
-2.088698518818126
-1.9993361195153543
-1.1295797395485407
1.3200570276542205
0.4496380391873071
-1.3204781214729024
0.2721504532180478
-1.588839013590049
-0.5094563489940451
-1.1257478630760063
0.37323282585535356
-0.23164822838414983
0.5628962041667516
1.0472091369358099
0.6233052665757252
-0.14320887170207874
-0.17244258153513686
-0.15332814520492596
-1.2635414540537504
0.5308795498608996
0.5264512637329989
0.35098667086625845
-0.08134953977946374
-0.7668125448632609
0.47657022259310367
0.9395556001794831
0.09606038948405066
-0.9582103055834769
-0.15606433777754877
0.957812898124298
0.7568710996913697
0.15178415694105687
-1.2271130168447
0.48988761084993543
0.5673275838103707
1.3956510753078473
1.876983045812058
0.6079968942698598
-1.3029781127699764
0.7240101961877862
-0.5057765198645504
1.088756351016452
0.3840007628827285
0.9276705014395633
-0.027714776456677435
-1.8833818441825574
0.5612482041663208
0.9293348209155563
0.3700659906610373
0.34024232272722443
-0.3694473740280332
0.4411653176193074
-1.3674841331268541
0.13640289862657717
0.6994440102826376
0.8186394532787673
0.7889229536241484
1.482339640622349
-0.4520243217225231
0.30989127856257603
1.6053667012997848
0.9255289049945689
0.7716780926884407
-1.3379964390088206
0.774572068581375
1.066522240557218
1.1203025897250611
0.9031777940387514
-0.3549747101263184
1.9099001503788804
0.07400515188956941
-0.1798833207317177
0.7588717099119753
1.6947227779243084
1.2213788925209108
0.4511369202968804
1.2891850478955555
1.2060686155336608
2.387522262207965
0.256473992412067
1.2486354553539794
0.10307277926702826
2.0047837687138754
0.7466366336758696
0.04455237625244223
1.1369386451637054
0.814614849496389
1.3955396444320751
-0.260551017345973
1.6453240697577005
0.05086365971065529
-0.3244968830943615
0.9432229085336113
1.5060426047077071
-0.24533989989883973
0.8068592824993146
1.3985286140532913
-0.29963365097510347
1.5675824461131664
-0.12037704608263168
0.025999798315441483
-0.279626613762201
0.8250145329546399
2.255991578776245
-0.6786457246724602
1.3873998444600446
-1.4768749290068954
0.627285428132995
0.6405201820435259
1.2629369332548288
-0.6427596000069461
-0.0579784151811012
-0.42097390606565155
-0.5534613455700665
0.2593868136993556
-0.8730505460913373
0.9297290741030295
0.27860555032525314
0.41621354247004516
0.6939043401733084
-1.2336417720568316
-0.20884563377367085
-0.4783325847679925
-0.18425089974815348
-0.34988655551745257
1.1399404735900558
-1.3087261822944403
-0.4394593581920645
0.32988638886713423
-0.6988973928502343
-1.243596752669361
-0.9355969192875636
-0.30371833031327394
-0.8546718692480055
-2.07497259202169
0.46355673476569587
0.521754352272602
-1.5078188517572786
-1.8227085517601551
-1.0090028057224132
-2.1344101481547346
-2.3098248695133345
-2.3053779005297352
-1.9440428037879165
-1.3665981777476146
0.09348752437563251
0.35708653304724103
-1.072739967782009
-1.231949818756591
-0.6546271669307507
-0.42230809314541046
-2.0699022613044535
-0.46995545563319036
-0.23143898965873125
-0.48408276887771606
-1.5639696293887637
-1.9626435922246481
-0.38754531313353713
-1.377963739870792
-2.0403214773106066
-1.8079154002416247
-0.7851382390160851
-1.142439056046227
-2.357152918443788
-1.4957301877199745
-0.976675252168746
0.22426522037349023
-2.271152999261801
-2.739861034587478
-1.8616000571817417
-1.2426061326398818
-1.473093999210275
-2.9151184403466197
-1.9135802796691317
-0.792648142064104
-1.9498714561316448
-2.365423157500424
-2.427299649687652
-3.139485902209348
-1.6816016127684228
-2.0079099167699304
-1.186105309366512
-0.49229967873079056
-0.8879688851780617
-1.6419074534209495
-1.4140511628116246
-1.211589114852958
-1.1867990276226696
-1.0138381784308959
-1.337409433069084
-1.149421982829692
-2.255844941673629
-2.207849445341478
-0.9775177472657468
-0.5251943013709167
-1.5584168183454277
-1.0560790080646916
0.13382515271526738
-0.7058856757797788
-1.925780098967826
-2.3032631841885203
-1.7942560374316068
-0.35209844811731333
-1.0414041112894605
-0.5937663555249183
-0.7830747169533878
-1.6788062477683265
-1.2989180560432225
-0.6683992382682719
0.3424183949351309
-1.713492499180976
-1.7021653112765547
-1.3118968175326164
-0.5111954791305973
-2.604967364187127
-0.370025852670899
-2.2456396308135527
-1.866710086493606
-1.1743114265918277
-1.4743824349263763
-0.2326188478168644
-0.3259701059929082
-0.018320138504678417
-0.9943817337196973
-0.6470508466150762
-1.3047277832325688
0.4196276170688246
0.21118426879598856
-1.594938930394376
-1.940729719957743
0.021186458872097913
0.006755525989483621
-0.801796870394571
-1.2243494756504623
-0.9792513920202581
0.3934641370423409
0.7061693309008438
-1.245495290790762
-1.1767406988837907
-0.5374424812991662
-0.10460427496773932
-0.6032160583106758
-1.4074263630500616
-2.386601267338333
-0.4723608801227848
-0.6264605265433101
-0.45478200426303883
0.5540320892498369
-1.4078672861157642
0.12338135994109328
0.2580553107802084
-0.8387863205364997
-0.7862770472622822
-0.818280340982357
-2.177308271073928
0.1604622611467985
-1.634656667282219
-2.2608163226744007
-1.2680848171110721
0.006305580556865336
-1.4486307203170812
-2.1847618358741494
-0.33342443892081214
-0.5920056716343595
-0.9585376676707923
-0.0829360359277242
-1.0157295424838413
-1.768263648920031
-0.9354000731808938
-0.19006660700505887
0.35587100017803935
-1.5373076008618336
-1.6335712937354832
-0.5195843783951736
-0.6033321356849206
-0.8854125371206926
-0.5848918835402838
-1.9143186673606303
-1.418856798114962
-0.8820038324276387
0.5547519882434816
-2.175951071352399
-1.0687751071839662
-1.1385963655268476
-1.9173787139142335
-1.0197722871223396
-2.045977642426833
-1.9197388840149778
-1.7165495742396768
-1.8290260716708189
-0.31432820501172926
-0.7861823002843339
-1.7056419588151894
-2.3953010100145318
-0.8253641026615701
-0.08175501096394829
-1.698965982064718
-2.6303444831974154
-1.5792666240393247
-2.037146127150939
-2.305383614818591
-0.5851406482235093
-0.2295818609925415
-2.4883852081690323
-1.8482711117945545
0.7280601262284577
-2.0552910745063726
-0.8364011243670373
-1.0914083104547552
-1.1419905057754092
-2.5279446771542826
0.26891127289162986
-0.9168946825531324
0.19642111431017767
-1.234346377201405
-0.17750241933650002
-1.1699698662411282
-1.6339616938175743
-1.1556377456288771
-1.789551624954902
-0.33320266208662613
-0.23792533780595962
-0.35652692355422094
-0.7370278229150077
-1.0890436594426536
-0.007830813174135844
0.5070437257660859
-0.7228831137396667
-0.8474745894516384
-0.45013321036374837
-0.4116880070574302
0.5643238525257246
0.132507551182044
-0.2924669830241498
-0.06072634158467933
-0.5930614277641342
-1.3537678455237485
-0.26376772636523477
1.7076081975767092
-2.1276741002431057
0.6043889697796121
0.2964406273463619
0.10431974393939139
1.3501209660541702
-0.0871240827917959
-0.6057759104801125
-0.46236400990188925
0.7135809027721364
-0.2692541373537845
-0.006509400491078947
0.5290443174727664
0.8975848414231961
1.2498723414750892
-0.23212225107795664
0.9626773933318725
-0.8963585423785055
1.4036580293040395
0.6502610945486317
1.549667896885277
1.0524284270487219
-2.217377049498814
0.10450718452757009
-0.03727284621572264
1.259995534738837
-0.18798573968889304
0.6973244975783496
2.257671419658956
0.2482160364115475
0.28673302441977605
1.0644172365328515
0.5006603189151533
-0.3437692072493191
1.0457888296407265
-1.4527095390369822
2.4528502985746496
1.8180655185593746
0.6875034148788447
-0.28060474098956734
-0.002353109086057745
1.1305111117632567
-0.595264541486826
-0.18968446288972607
-0.6227526933856518
1.4006434503743528
-0.2742007097046534
-0.5784250301698521
1.0124272269367358
0.2924194341199656
-0.23946692140154008
-1.5085315142867743
-0.005905862926262034
-0.7434557899433553
2.1239293590021204
-0.5702708537368772
-1.0365235987660473
0.12030617433508488
-1.4230911978779013
0.0936120902736279
-1.19015812898544
-0.9424796676504611
-0.4630275919872815
1.0880665418685733
1.3156684845590156
0.11678302754843357
-0.9550038922926093
0.26778739435805454
1.392750049019988
-0.8379194461078047
1.4050781727100206
0.3785526568061555
0.7157885855728845
0.3381993758392913
-0.6292798637444259
0.004319596401131046
0.9172046340373646
-2.0364745521662764
0.30540136052668004
1.6562023953595428
-0.021395179166605775
0.6291230141952149
-0.7425632129449408
0.5532496424323091
1.3396695329994748
-0.9186892835244792
0.30318691877023374
-0.2374803815458443
0.11879834050773634
-0.9238206081871778
0.5805041709775374
0.2665292916780627
0.043680194631647996
0.7850717463585544
0.10745688476049645
1.5475914974143838
1.464732036264504
0.49667186101848054
-0.7424666215501949
1.6424197764038053
1.720151846762461
1.1189381927017807
1.1317255361396572
-0.28092799959480325
1.0663726020566535
-0.4624905064143494
-0.016496538950744478
-1.443842781859389
1.1102172475970724
-0.8272736646472625
0.421469137000858
0.7672490745785359
0.13330161751237599
-0.4900011767102567
-0.21187984783782934
-0.5726678929542816
-0.5903525133473835
0.6805208832845945
-1.0819824771452153
0.9703909036787757
-0.9997875136282507
-1.3432639490860796
-0.14146145796792095
0.23979202740189495
-0.7844667921432342
-0.03806860334484901
-1.1099058481905404
-0.7658692042384845
-0.3234138603393923
-0.9768210471116796
-1.2348875390408873
-0.33230070204245976
-0.4920910956907461
1.5694960063443066
-1.9954667106782829
-0.2571534139654207
-0.2651231608749154
2.137009880966494
-0.08490609469519901
-1.4194379816424778
-0.12106856248992898
-0.7398711493745018
-0.02367801850899764
-0.34639117789568274
-0.76449935330806
-1.8518938748724236
-0.11355493147035865
-1.2615063081290034
0.6361637911066033
0.2207907341615373
-1.9767386501186341
0.9901531481149979
-0.3576104568800204
-0.763195006018278
-0.655574733204677
0.9807509025995449
-0.34189454505641237
0.028524293494301505
0.05480188025181962
-0.33711376733526793
-0.26593707392446725
0.004951652452855398
0.29074987011070763
-1.6159346103298922
-0.38312584692422386
-1.3008904911589152
-0.45516922886759614
1.2421632233307998
0.6923906497651382
0.9930118388590929
-0.23325419528920424
-0.37171563012929065
-1.4822097315935248
1.0691350346728972
-0.7206544158653102
-1.2736135031523999
0.8962192538437419
-2.14149195624163
-0.6667963148785321
-1.5679296129031128
0.07721759238658629
-0.4176093909752316
1.115367308849569
0.02656576901840059
-1.2150918728249633
-0.21911799214012098
-1.2102319180911814
-1.4894557767071672
-1.2175054028130572
0.0702674910694413
-1.8540752232260782
-0.6650374482153105
-0.569499091258484
-1.9360277933298775
0.34991094132121797
-0.8867867812532992
0.8479079900981428
-1.0992574144865677
-0.2619689294405683
-1.3155035308058565
-1.3129652323668324
0.050671694678604676
-0.7383161066010949
-0.0757113293236179
-1.6189191912291685
-0.05818157847525006
-0.4928682344361481
-0.44450215185150893
-1.4813424127856787
-0.2812932683363844
-1.2388048669167784
-1.0529538461704266
-0.6195429162261924
-1.2332670087253539
-0.09529455938961648
-0.5465579827265943
0.07399575253604315
-2.1829771073448034
-1.253379125086669
-1.9212153834548027
-0.3634948935791058
-0.22705192284049783
-1.228755243870559
-0.9502342046483323
-2.9970353278353454
0.01632727702540173
-0.8072214963584142
-1.1060351335441192
-0.02947717841221045
-1.1244594143499724
-1.321945676991665
-1.3998072940010637
-0.25238594039546364
-3.3570414499992998
-1.4064600519847679
-1.6672032282809168
-1.9134799215795624
-1.974676760530899
-1.541110703228255
-0.587507771725608
-1.811653294613274
-1.3797317428364118
-2.553824738040662
-0.14150794260228836
-0.86274600838068
0.6473276546534283
-0.2360569331310101
-1.3108050297630338
-0.9670094564325075
-2.303200504095821
-0.6597613276199267
-1.031193636373461
-1.0942045294038374
-1.435172559398491
-1.1246077425678525
0.5524946813054713
-0.6728010867419377
0.5062485718111288
-1.886543687601158
0.5521111932770757
0.3277478579516314
0.30483716433486713
-0.7069570862821472
0.04607313562412314
-0.5351092894119681
-0.9355783265947731
0.3609279394350244
-1.200782373003599
0.29796428223073007
-0.2536687126198863
0.9134142616264485
-0.4291341960116739
-1.2884743787945552
-0.24884259939160336
-0.7711431229873896
-0.36106136958921886
-1.2174418748132436
1.6531561995595612
-1.2785396998714993
0.29136272661715984
-0.3724242955439464
-0.21734502888783921
-0.7639523688036765
-0.590153589491646
0.68709245578007
-2.320472107761249
0.25064906895147665
-0.023234919649154168
-1.4953214761585285
-0.4900344757985244
0.0615440721876413
0.41012402189893865
-0.17512654236118552
2.1023585965868703
-1.4103755186475493
-0.05898877279660493
-1.6230504890397495
0.15799863895251479
-1.02443524994182
-0.9367830880365099
-0.776042941022579
-1.620161460041053
0.06618486349678017
-0.5061953493230346
-0.5402955644544674
-3.049037498835512
-1.4631316737086848
0.9118263636591357
-0.7264263993069778
-1.288250867767483
-0.05824459961327859
0.3294582495412262
-1.3763585312725528
-0.0384213500552457
-0.9998000149306518
-0.8667226341476172
-2.8370526219527616
0.6727134900427973
-0.9590808911069962
-2.227895894985549
0.6188929629853855
-0.732325581964263
-1.4556466286127192
-1.6655780062962773
-0.4122579468592022
-0.3301773606133221
0.5814885023222001
-0.15468490033040902
0.4457369305941447
-0.21076796151964003
-1.4519818928347725
-0.3892124598419772
-1.3356250318771155
0.4588510781071429
0.036932322751361095
0.6885066481006946
-0.3123620233921863
-0.5166011006266296
0.7114461921667319
-1.160316065177968
0.6279091511864221
-0.9713436853528328
0.29158154958562005
-0.8997635539176021
0.9601845102794444
-0.680289912581651
0.8989644034600341
-0.12943823573742075
-0.8936114708324516
0.6644244895807624
-1.7863220498485017
1.0286867769624313
0.6005006402252734
0.13262298573078193
0.2588433864220944
-0.7886919490429048
0.5467676494062956
-0.5668313706096226
1.4907705651389205
-1.1534845926502375
-0.20718777018212817
-1.6133713031017727
-0.17155472880555242
1.0108792692265032
-0.4219781179918176
1.0978793364631532
-0.8113725331108679
2.0650722989836288
-1.11701983433064
1.2262770084392314
0.37882402214933614
0.37433977812634583
1.2174658050903193
-0.2021454178114649
2.3343600677869936
-0.551050974432095
1.7294400513061692
-0.7201892427799801
0.9572920023263758
0.10184225815926051
0.4995590772326719
1.2642249917311776
0.17186999581459625
2.4296737592901785
0.04139354301622721
1.7588661696475412
-0.14382917170890738
0.2545101918861266
0.5677425211846733
1.1699316589355737
0.4251839160810911
0.42714166675426735
0.8911525624808332
0.2177108047277177
1.3834881718665197
-0.8487655300733735
1.7999133280608577
0.12367531354301667
0.9337815774490882
1.2077270178767012
-0.11636665765804824
0.6815453802628317
0.9014346822353934
2.7676915803483406
0.2590055633570865
1.847708264362437
1.1038509555023794
0.835302233285786
1.5272171179185572
1.5762193561146491
-0.3265344917107266
-0.8737619862832091
3.490747992871233
0.7138198347292253
0.942754439861673
-0.2891251917445133
0.7478319576779676
0.9873946548805969
0.28049972073514606
1.393087400257244
-0.10160782864673253
1.3753596587681396
-0.3006793402276193
1.240459196910483
0.3949307384662233
0.576652829776095
0.8328408651671434
1.022336380870286
0.834024777988452
-0.5645523819653802
1.4881921213911442
-0.6379912131170559
2.718655344508206
-0.16024467462815115
-1.0428681799297495
2.029615690869488
0.3672797523355607
-0.3566130093615538
-2.2031531476841986
2.178660008370478
0.010977104548873727
-0.0909750663746351
-0.254650292545468
0.613338505761343
-0.058583698844963505
-0.12742245595971913
0.692934961312919
-0.12493667561072018
1.832913181295906
-1.2931245676058443
0.49694676299010115
-0.5121332137589003
0.6591115650847547
1.8530985041047319
0.45494040646630507
-0.2727332951047817
1.123473193744769
0.6400257712659513
-0.8220215462559184
1.1304810001995114
0.7427367720068526
0.764380094594775
0.856037088620963
-0.2646017259306304
0.8318836217246287
-1.4813577322635787
0.15555763490102287
-1.2646433359064075
1.307713554448991
-1.182479154600175
-0.48257092686955605
0.44652571362556087
-0.1290101191331848
0.544074058146621
0.599422616798827
1.3547305871126947
-1.0610207877100872
0.7885536162444743
1.226043452014766
-0.3190778632221366
0.2566961030924496
-1.402010903856377
0.4383689147714678
-1.3026314105750179
1.1135965142154134
-0.3685561680709701
0.16994972341100825
0.2583587993774969
-0.8478879247064864
1.5552103941567152
1.1750599149825778
0.7551637895883043
0.15589867442690217
1.319359976302951
-0.008634430595810403
0.8000814789115924
-0.9390962046690977
-0.5033201827200452
0.6687761852936753
-1.6024740808467774
0.1633840449404881
-1.8905154726875741
1.0891637035310624
-1.4948082333584967
-0.8219666701175298
0.014339950015071377
-1.1471445576495083
0.8381770303525075
0.7319948526946537
0.5350962622952211
-0.9717770481732411
1.466360801815747
-1.7091241359907434
-1.4655224610858104
-0.30554160782357376
-0.9177364184709395
-0.18356518329241628
-0.8575514068679826
0.19319522814343867
-1.1495285049285933
-1.50431861047304
-0.19881238012896765
-0.8046175312764184
-0.8896970129623879
-1.883117418077574
0.0020278631120557093
-1.3206175313819577
0.3087824913193548
-2.029803125991787
-1.6634287634458254
-2.102078005136402
-1.2763481287890477
-0.8911651127995376
-1.2993629541298908
1.308679284535418
-1.7314668414353158
-0.9286325958973033
-1.846568312006594
-1.5483294695327554
-2.74383215227055
-0.5886460589964966
-1.971629179861959
-1.9557500481468715
-2.265056783831013
-0.6599792431713088
-0.925974456067666
-1.7549226654348782
-1.5396796468493337
-1.8418823703627625
-1.6312244953853057
-1.2823013912116044
-1.8294123541351472
-1.0970459492943865
-1.8747323982596884
-0.15874795040298972
-1.8511723105163145
-1.2741719228661992
-2.175811753856018
-1.9323120170329893
-1.1728705283911487
-0.8403865428544453
-0.05939088855253789
-1.680852983713615
0.6566200498470909
-0.910149427436254
0.13763082264632404
-0.9444356435210397
-1.7499696317158902
-0.017173696869736552
-0.3617270568479507
-0.784010350665195
-1.0013803792899518
-0.26871949909217285
0.12559541188645243
-0.8120897313381763
-0.810523338357617
-1.8084647129202351
0.08324745281750213
-0.09688955880427211
1.8827309363799618
-0.5875040648900762
-0.4209190375431281
-1.0134867166810846
-0.26960997108323276
-1.5945710436026572
-0.46927338160888094
-0.9823414273175497
-2.138064750336153
-0.25431762697444943
-0.5938841765955851
-1.0169487482707926
-1.0820385936091867
0.5694177057464743
-2.0713346199353384
-0.0855474766472508
-0.0980079175703415
-0.308010770415112
0.05843262355529212
-1.1893826934633323
-0.455419329061756
0.03296909137216908
0.6796758300637605
-1.2043669959719754
-0.41921749910680994
0.22300583525842535
0.06464043592007361
0.2320103596789875
-1.418488718768769
0.661171507989004
-0.4591739679774021
-0.5688206420514053
-1.0561777011835207
0.4304439775529171
-0.38862364028970936
0.13075449828309502
0.13880188406548108
0.6480674309277729
0.6740327022421431
-0.5287545306852061
-0.7061127130371293
-0.9725141287977785
-0.47744096476834885
0.5683793464984959
0.02877013813500959
-0.05805820158687074
0.29401655353827055
0.6355148523328402
-0.6962212475763895
-0.09962525671558523
-0.04742987577625511
0.8204667751095616
-0.20640977682553316
-0.534808926777584
2.1205428153975294
1.333564684863019
0.20674062780526103
-0.05436370779451672
0.7817751910464852
-0.23543922938663614
-0.5501050784813067
1.5963391204242934
0.7226913673502449
0.8856676496865873
1.3571324133340128
1.3155588683546113
0.4987019324721764
1.5159487515800334
-0.45238425691236056
0.9164023005980629
0.31731530604685254
-0.8544646813854805
1.638506350259047
1.0396173490455571
0.9342190099686443
0.7266370363944951
-0.2055762813759404
0.04447802225743153
0.4412275012038247
0.4750981943888693
1.2075598545812134
-0.16963848757086936
0.03930303971008728
1.29814653249758
-1.134914277443812
-0.5491669094044133
0.9879969558597338
1.0275327829935823
1.2071582659194053
0.45356733230036916
0.5420530149261858
0.07241184366526236
0.9695388629994051
-0.15813529007337435
0.5674533570878446
0.2285805650052592
0.3040714811043723
-0.03846972237567989
0.9577374021974836
1.0425830219319825
0.6606300227994956
1.7455886159302103
-0.9841918575211702
0.016630803333547634
1.6635023373326916
0.10786387006363622
0.215229394454987
1.4258684135259083
0.6096933239782686
1.5297074345488253
-0.7749051312286026
-0.3581020736589821
2.136162949228163
0.8064416762475121
1.3146211335486666
2.281840280941727
-0.27845767999039234
0.5438365379835364
1.6797174587093355
0.5121571307187489
0.383628010269804
-0.4439426308281731
0.728019023581531
0.6059708574577461
0.19285627764439964
0.720568524007788
1.1387648147559137
-0.44907691268173916
1.139375355117421
0.8410778061212099
-0.08901725581912755
-0.2483782841545234
0.34563686569371266
1.099500742125771
0.24518529829992713
2.130005824598227
-0.9519298450611409
0.752793136341519
0.31968564625111456
0.05408976201569558
-0.057571518318692706
-0.05743912780191901
0.2977664350115668
1.0094718313167013
0.37222534303299043
0.6126011187086157
-0.8661393961947863
0.6973730612845802
-0.55537914989435
-1.7105086482921337
0.2969821272943976
1.1536963399227513
-0.1560228137915833
-0.8744278451302089
0.14289777606373685
0.6616455743467253
-0.8209088134084148
-0.19014984700438764
0.8914242230777983
0.4744476123118381
0.6255528109191408
-1.65939090138152
0.8137905058760492
0.7960423245643435
-0.13777023050062887
-0.33890343233383213
0.6461443178231702
0.6189302240610368
-0.8875452545078274
0.16278672524363688
0.05422580502565592
0.5288880085846721
1.3255610196564391
0.33220305191238314
-0.12247673205470627
0.05612981337252711
0.7740473881539719
-1.0117683366218233
0.6402288775179722
0.26502557859716036
0.0699919850568719
0.3594379120833694
0.6087941757404303
0.8674194651439936
0.31906270529166864
1.2454070510161972
-0.11223263962663574
-0.6505121601491441
0.7333299808476568
0.019316456691284494
-1.0607202097767818
-0.6907851373303546
-0.3700293382481987
-0.5660362192904028
-0.17531682306875035
0.9794616132065856
1.6578714807614698
-0.436135831889625
-0.7231100397360714
1.1657230552447908
0.12372528142619721
-0.7495140293842362
0.15623478376832078
0.9138786831525053
-0.6357221688638608
-0.2255252914129847
-0.6336896464476891
-0.24107079128605644
-0.42993976877553997
-1.1291034011609784
0.46750036386297894
0.3140919507275734
-0.7102329748402574
-1.0449227176965867
0.642832452058676
-0.5520052503248933
0.5495686817500446
-0.11295496264051755
-1.4504120810348997
-0.5380007628609735
-0.4616172471568028
-0.6411681197186445
-0.31036413166448373
-0.5333640079848885
-1.2974513791487872
-0.9860257563186224
0.0988558187610485
-1.508889090129116
-0.17400330696830335
-0.48248261490836314
0.9606611156676907
0.013004856888590315
-0.5355162981795523
-0.27934589913489094
-0.835429939763829
-0.5329481829606525
-0.4228582478449368
-0.853254177589155
-0.06946223574772943
0.3597559212294739
-0.4185175469082878
-1.688604944502391
-1.6389216023686957
-0.8181464292664402
0.5842178844126177
-1.216318576717086
-1.4894136032481993
-0.709724878912416
-0.606915283340521
0.28118861178013477
0.10351292450845621
-0.5383240227660763
-1.131414039889817
-0.08193577499209599
-0.6850793848592107
0.8321893743878321
-1.9330044154835728
0.06920176263687076
1.254951515914922
0.3364000301785942
-1.0787443553420024
-1.6294128352407387
-0.5821595799968905
-2.793379764673416
-0.37725067738122
0.054034080612386313
0.05171773524901968
-0.3891197360048632
0.2129929988705643
1.1649329692137855
-1.471450838401599
-1.4184934777153535
-0.528844870477738
-0.536236805997474
-2.2184493930654914
0.07130125891383764
-1.1552216214573388
-2.2052390427712
-0.028508347301806243
-1.716936862798373
-0.525970181804017
-1.5997351464773844
-1.0626573013543563
-1.5851661329259432
-0.45819830480772406
-1.5136243789515555
-1.1519465558084871
-2.289394611822044
-0.46608159961229345
-0.8436611368781697
-1.5086951666918125
-0.23556133025631726
-0.9190403633603802
-0.8482282428178837
-0.7356337418660511
-1.4893748769337793
0.058938547735332955
-1.9097399039028917
-0.3766781510761402
-2.126878143827281
0.8234451915904846
-1.4700693861011678
-1.1122505256625872
0.8173122528438607
-0.9225329828874403
-1.0655315696401795
-1.6102523913084081
-0.5303637651228714
-0.27552204494891064
-1.6095371382793782
-1.1192148199598653
0.6855355075505397
-1.7532520003706904
-0.6886396212804181
0.6958663333529069
-2.592457182174557
-0.6264045683575722
-1.4893152754659007
-0.7001499175072382
-0.2487816964955689
0.3753945283650115
-0.1063722474624344
-1.2409347588857136
1.4688839831385954
-1.9180762314233712
0.5051336948171674
-0.8031927787116772
0.76621705909814
-1.3825756833646752
1.681284018873047
-0.08064732568198808
-0.8508055150252288
0.19416661272934096
-0.8565907220182514
-1.2975950765572508
-0.8293024838313753
1.2408379048632576
-0.0014163496193295812
0.9458682062221168
-0.5725695668514574
0.08676668089546472
0.2888265818585335
-1.667730406920013
0.513255885355065
-0.28172555930075344
0.7642676432661739
-0.6397604088295988
0.07498258387612837
0.20380515737235225
-1.7676672096021602
0.7813515854328323
0.12408793393253072
-0.03795914330139056
-0.30619767183992996
0.7880311272497189
0.14147884781116288
0.7463364099617723
-0.43683878468244525
0.193534480016618
1.229525755600528
-0.3900884789933856
0.4563908636796829
-0.9553864157670975
-0.9959687768840181
0.10411334692021185
0.581646647825767
-0.44313526827327826
0.4265965612911003
0.8591472641506028
-1.4691273064803128
0.4738378483250656
-0.5705970969052254
0.8967598760871571
1.1098129050585044
0.7006044153744088
-0.5756928478869551
-0.06268938768415395
2.258494515191176
-0.4766990909541348
0.22908790115146443
-0.7542914944300341
1.0623086536580066
0.008380530289849843
0.7607594167947835
0.5682193495250407
0.13014333163092298
0.7799866499291225
0.16441214700882148
0.7576077672928526
0.619294380302965
1.638708509001235
0.048014458877353436
2.0330244501631363
1.1211120782341895
0.19586161364332705
1.5625617347714036
-0.36446382606959876
0.9343229469235284
-0.8676491791587034
-0.4865700629139296
0.08240380251173324
0.9086064786177332
0.9030088701232092
-0.12035958060799021
0.41606714036052994
0.5419413097169473
1.025126894025359
-1.068132189060022
3.0049738748152897
1.0338253359838196
0.5627072871048105
1.8526860899356241
1.0405079365455698
0.809571283206918
0.010385246690532883
1.4198111607636195
0.6815516948685503
0.9894300671685268
-0.11491831973898674
0.1600420776871332
0.6608931215899159
0.8166094221744873
1.219877200224589
-1.8723087044641267
-0.06484617309140334
0.17842458220360255
1.2035755043293273
0.7185118587232731
0.6851869405645894
0.6902721461272419
-0.5373931542161062
1.2556761378085521
0.016781407747024107
0.037073532344007905
-0.7429552157136268
0.5909770713961079
0.25937149091115314
-0.3104022364611783
1.22481799764676
-0.8634113498791751
-0.2865440026384568
-2.0376339616123107
0.28036962486388783
-1.357470949309677
0.6203310000946938
0.5591172598310441
-0.1752721818148589
-0.4713693687207309
-0.02199664268966828
0.0006862431231240933
-1.5891999249360342
0.879883312570827
-0.12978113329967889
-0.5403663854599833
0.9633530198735056
0.18170794891681982
-0.3372389114917401
-0.8153233550243019
-1.1268796640016698
-0.7775465648907026
-0.01807569208254655
-1.6501673655296465
1.0944531932965171
-0.6270407909218048
0.2886818642303188
-0.19778328958283498
-0.9858324459474379
-0.39072809328837954
0.2210186236324037
0.8506448500100932
-0.850500515424406
-0.020561590273719614
0.846709282179162
1.2132480263186998
0.6502313156272379
-0.3279274534456267
-0.009066965704641055
-1.288456418798584
-0.18478290231226382
-1.5757162209388842
-1.3011918086063228
0.17813468842541214
-0.8315542382167387
0.6317457240556897
-1.0167029157457879
0.05796132416976676
-1.1191102129910635
0.25385940667883977
-2.2704207440564823
-0.24270601394745747
-1.021538697557748
-1.091322105961499
-1.3856536700581026
-2.7117243240975055
-0.13985090484104518
-2.568621829613651
0.15878068116527796
-0.38539893384268564
-1.1084144890423737
-0.4103754029146757
-1.3999295988134712
-0.5699458037194246
-1.969269101339675
-0.7597071142502765
-1.7235831491672682
-0.28932924030538293
0.3154880487627454
0.3704898960181642
-0.8951074443597223
-1.4697352375917534
-0.6465630921102684
-0.5149552605453139
0.19509452045246237
-2.3452558159651584
-1.1974032658956517
0.6117070903114441
0.14845912485034612
-0.1717415278084299
-0.4141564775077184
0.38593649562290283
-1.0765803657980515
0.16061473369998158
-1.2953351138346216
-0.08946601018208467
-0.9950930117094465
-0.5446578104171407
-0.6349036437749964
0.5988464268024137
-0.44634940174523524
-2.1997900421430994
1.4277596928863612
-0.40034213940310864
1.5425741944348645
0.984645514575172
1.0508028996258731
0.017975539813658525
-0.9190523691415925
-0.34392404539529065
-1.017843785563482
0.39744693171024004
0.3684029630916395
0.6921903760132169
-1.2354598244799444
0.9433031207138843
0.9665293753095997
-0.5988232933543267
-0.5483943846416403
-1.3741954010954098
-0.04266314327148171
-0.22097705426675035
0.5423784196587471
-1.3706322860353637
1.2358418486424008
1.3080498661011681
0.14986433137727026
0.002427877796620625
-1.4920876401376277
0.5582516691612174
-0.25191549271726843
1.349991114181737
-0.8271788462300436
-0.2858606406011788
0.6675993917597355
-0.42737933071917844
0.28049684332876396
-1.8740430416484013
0.9711384793623048
-0.879396423785201
-0.31480093575408524
0.5589151895291066
0.1290872250958641
0.13874902433100145
-0.9509423028608247
0.5650021325203688
0.2629578881370277
0.4685112795975165
-1.2641562308998169
0.2520931390565406
-0.6557276722244751
-0.08017554370360468
-0.8172595665399438
-0.6412548660810873
1.6610803641856535
-0.6842788736970444
-2.1380695768867515
-0.1515888716020092
0.5996430745651682
0.07910898734320358
-0.42799507754347127
-0.1111298290141596
-1.6699643267081143
1.0642186380513563
-1.755534726862287
0.3101236875180649
-0.4872223374719265
1.141448752506938
0.050253366297058705
0.2038958365121236
2.4972074700106526
-0.7821167624206177
-0.9651292179414415
-1.8352770267306202
-0.4463620262655686
-1.2515676786971701
1.0798775964764828
0.48328529459898345
0.9188688972855363
-0.10429504977818367
-0.4198967893064621
1.0529940913471476
-0.4216274338964141
0.4245262058433354
-0.9646894299047117
0.7846806133352071
-2.778598592652545
-0.504267434361433
0.4582093391594589
-0.7912680920143935
1.0228653244158945
-1.5887131798003113
0.25620827342450836
-0.8482339002912306
0.10717914036777086
-0.11166986877805485
0.054981223413089794
-1.0871205283923804
-0.5442871948891098
1.001985107148631
-1.3611728065894402
0.4808510030864834
-1.0878635038285298
1.5343395877336048
0.30841313549121185
-1.059269146231421
0.24290596848421658
-0.6008714031075376
-0.8777115040569546
-0.9573749857388268
-0.2894617699800926
-1.7893791670636197
1.5173544714289622
0.5819124227699422
-2.2338085573258883
-0.6420896566543219
-0.17909182562694362
-0.4132893666103394
-0.8118347214033532
-0.16832289306357895
-0.3970796020866746
1.2826980305674158
-0.26498981763660123
-1.415047137245831
0.44899738711226006
-1.0586146033412245
-0.9351324796495434
-0.12452158877684444
0.3770611094405058
-0.7577099867159456
0.038424977216579385
0.28061188518921654
-0.7307114294107296
-0.7578504040192737
-0.5229913652769351
0.5854043354167211
-0.40285889026791927
0.8180631251865024
0.5645306183625108
-0.37284161652583386
-0.972158806274368
-1.0242319374001632
0.0039922172428312214
-0.1525387477951562
1.628880579452487
-1.8433919817707247
-0.336128238530565
-0.6851132146191623
1.8238047175916388
-1.4849903258215524
-0.011190705912263925
0.3968918382003573
-0.24467564232666827
1.1259078297807976
-0.4837647099077727
1.4138753571074503
-1.038381921302245
1.1294731542955516
0.2397622272928336
0.21837196663684752
0.9988201090617226
0.04291680534690856
1.1082761055410268
-1.6518071957543037
2.5906674086126356
-0.1676398213076628
1.1336219705569277
-0.2604634996978065
0.3910816305406065
-0.5765876456536864
-0.545750235002259
1.8177788539358501
0.29612644092312007
0.6759737365109921
-0.907575072524544
-1.0883874670562093
-0.5603516137109567
1.0140410839515097
-0.13667951646655668
1.4186417007298753
1.4849561107385718
-0.1660191904083713
1.325925376616772
0.43005732208848696
0.8322662874635995
-0.5008394941955686
0.3548304561060109
0.4874946272865571
-0.743784225018975
0.800166499391629
-0.9328085630633624
0.27932700909819047
0.387814530389458
1.810739291219992
-0.27736644864263515
-0.48956936355348746
1.0912580175666633
-0.7095701026666045
1.1180510146058416
-0.5055899045256034
1.1197725263160359
0.2324547266840028
-0.2726329498381285
0.7356397589603672
0.14711191882912047
1.5290684546328899
0.6922573732271221
0.8739594486239706
-0.21387472136325478
0.9335747167659895
0.6073651481133677
1.673001907031466
-0.16759782632300171
-0.7701999531541455
0.8676557959648764
0.11006681915357337
0.7655012667211539
-0.7954727778827958
1.8654287540625625
-0.7006589688913701
-0.1592116146124882
1.1131621704945398
-0.9947343414948796
-0.015325617825873366
0.8676167106264897
1.2660431888852062
0.0220060498361433
0.9806611596182349
-0.44066700135404097
1.6690301761136248
0.9085518107842135
0.8328963978927998
0.49260896301753687
1.4440221312069959
0.857050900550602
-0.7992146188715615
2.1786885534743776
0.2362142422497763
0.765623589940423
0.44024172244890464
-0.07532879594360076
0.31747231463466624
1.0357567724264796
1.3072714101281921
0.7141299794726413
2.268309660643917
1.1915957912011883
-0.16300794449624437
0.9779117322592527
0.12152086809683979
1.0874288318654777
-0.1754860038412299
1.6769248781363042
0.4538949205330345
0.9487101077120006
1.1809196158269775
-0.6198998541021626
0.9270570478870432
-0.7798535953647762
0.8026212872467309
1.1724763036033155
1.121653004145843
-0.2826393388142761
0.8279817536633703
0.3837184746273279
-0.7681693029722969
-0.3466705100174443
-0.0011798310186985808
1.336035843820876
-0.7758022830159496
1.0009181574531258
0.7932617128273598
1.1182250915633758
-0.671487937870473
0.06112839067468188
-1.0220576072983043
-0.05289612898817279
0.12334221483649264
-0.06524277026997442
1.9943209726851612
0.5419182907849682
1.1647254575186639
-0.05795055404072896
-0.6430909648320883
0.013318525911063457
-1.5555739937021114
0.9152161739874718
-1.308250338346466
-0.02006889057209134
0.8535717566154767
-0.2983132821207077
-0.3673231405094585
0.12847896994611382
0.509512784170257
0.28344264333727026
0.8021922702975501
0.46932163388899245
1.1666004567566999
0.3450519873098131
0.05408207171563433
-1.1015147556733345
-0.000149923414235174
-0.31454040506316305
-1.3660831698282294
0.5865941680726918
-0.9822758179349097
-1.6709794468136314
-0.10615988631309523
0.9334220547262981
-0.6661826470139407
-0.7352001817979599
-0.6961846790094559
-0.26634984565618197
-0.16169090783558898
0.6893906258998203
-1.5354530775907278
-1.490276772487389
0.35786361787423204
-0.5075296260671023
-1.7376688940957072
-1.6202472407243624
-1.3175343607873653
-0.4411254624431955
-0.8095291873645769
0.4436807241562413
0.9091588211154729
0.7622073340942411
-1.297840836020042
-0.05422066586458078
-0.7526038728866066
-0.5764642606711337
-0.8015714036738285
-0.896610069405626
0.9313255890150959
-0.6122836366924225
-0.16263818812555889
-0.4032530097429429
0.06213399190538415
1.6418522734587786
-0.817824674177479
1.373398204892794
-0.5178464538823025
0.39785636034073163
-0.5093934598666541
-0.7455162712815722
0.09330081079988194
0.3233938906284031
-0.693835284538882
-1.5946158392833314
-0.6645674471410126
0.40679419093007185
1.1397089263418718
-0.7426125727150767
0.08108176655807152
0.19693726334640566
0.62492263167019
-0.3970620403754309
-0.9108392544062416
-0.7997756622623242
0.7043604385806214
-1.2656012797652147
-0.6934499384695921
0.09066686474421622
-0.39541923402151424
-0.07887991156088568
1.0478796619283934
-0.7040704841728628
0.4638954012765212
0.45400371043216725
0.9295986421096949
-0.7433546838812378
1.0159654227270158
-0.23089984452010187
0.13376731846300527
-0.06515183380320251
-0.33169652647874215
0.5973433699628308
0.1255883226853899
1.4940489866337505
0.4436694179461357
0.164749171418514
-0.6204945699727203
1.817081776850271
0.3931832815143967
-1.0091236299761348
-0.964675374579316
0.148979687796249
1.3178240333035605
0.5115322623322175
-1.14416306094701
-0.13954145610539562
0.26021187329799617
0.5604007717330269
1.2098643918011374
0.1680958679889981
-0.20226512999070048
1.5683557980091825
-0.5410174729687829
1.1233290069993638
-0.43084033634101565
0.44715768246280824
0.9973297071836348
0.9624899699102734
1.936494039759099
0.7550128337774474
0.40777255909898513
0.5372742956318909
-1.0360342508593239
1.063684860678786
0.7609128404271416
-0.05563493365109363
-0.2978573478413348
0.37049152234296356
0.07147265170889393
0.67434713303855
-1.0102123990881913
-0.49439844642686787
-0.555831534895761
-0.5297166853265193
-0.01641681601987526
-0.4270144286728308
1.2737144262475986
-0.337200322107454
0.46654375509855783
0.3896823758505747
1.0731866366451321
0.6919188531654001
0.23240052646790485
0.14321990057851527
0.311797772935497
0.3840975905138147
-0.34402280693602744
1.5492067876801887
0.04259035291233737
-0.39984386159268764
-0.5445856129302452
-0.32740762557863323
0.34424541801029546
-0.02599301037733244
2.08999915986399
0.4929855933157868
2.9083114986528753
0.6334655964008636
2.0263381470510646
-0.7922979128922158
-0.5933546770960323
0.4423814285913317
-0.1021606654890901
1.4750219471418256
0.034454348305041654
1.0420768196607453
0.82908717905763
-0.4328300887087056
0.46730643026409086
-0.9879717024144166
0.7039759165156432
0.2655587865012181
0.5926522414424388
0.34844542757674307
0.8897483956400963
-0.8867320082796566
-0.6091908090609773
-0.5900614859708487
0.9054258455244013
0.08930790811221187
-0.38285047528294014
0.8589746720673792
0.8157470091831626
0.814579599443301
-0.057788582212414286
-0.9282153579389175
0.403628966923727
-0.42145081584394756
-0.13910626001058615
-0.28937074741241314
1.089512253394022
1.159157707394587
1.5497353450340603
-0.3903802063183692
-0.1401569591635352
0.6938964197524691
1.1787426054293948
1.2336762430211057
-0.6766662317753435
0.8054915836297337
1.368405844290939
0.08204093267762184
0.5846380684426848
-0.45906372509277654
0.4206018728831721
-0.24324363845440153
0.5065764100862662
-0.3775770569157156
0.9588803512960818
1.1753738700756453
1.5092866503076745
-0.003875692323925768
-0.18331030023602707
0.8936669772151027
-0.1535250955014277
1.2198795062504888
0.2638471141463329
0.8989273616127923
2.0779816475856787
1.1228743049115402
0.8164604367927968
-0.9368201809638239
-0.5766343161344432
-0.3930682212359356
0.9863208824604599
0.5719407190827154
0.7858025741664514
2.325171741303312
0.5494363703015231
-0.41094696812521525
0.5974716544371406
0.2640348480308439
-0.12669316100759356
0.7689620856428897
0.3146076525852343
-0.3740196802705934
0.10534943381162835
0.09649897613406039
0.8710564728321
0.4070160282632122
0.041538852128153794
-0.3493771712107781
0.5525325194414733
0.5398963396871338
1.5364144048841644
0.9218453657120783
1.083037294688149
0.7225415893241162
-0.4202466448223469
-0.42603395038067576
0.4824835182088587
0.8925211524958742
1.4879251087188043
1.0845147535849506
0.6314119069673773
0.7537286381574811
-0.010720717844661658
0.23201338736426672
-1.1770712635711948
0.6181419486163786
2.27443973107714
0.7187459773173709
0.5357140288963532
0.589588847439581
0.0036926151895654243
0.8273110549872718
-0.029410627953183135
0.3689569393684533
-0.9105635919121278
0.8566438197934864
1.4901564145194588
0.7061318128744067
0.1811233645771178
0.5623082444581523
1.2508539293384264
0.9066331356484334
1.0852457253221495
2.0313196938201985
1.3021879030173766
1.6722108071960722
0.1068493223208302
0.4370377886836524
2.1981320424643664
0.37772725314866906
0.7663723629420301
2.0121706004125848
-0.6587502098731405
0.7996697934866793
1.1568857042525618
2.1473149101005964
1.673745753913409
1.3880723865282771
0.32479303880191035
1.2503058670737217
0.6563616270036435
2.030770854843405
1.7536660187572544
1.6886563223303563
-0.39862323013316725
1.7096633675318045
0.8033532061108798
1.063455881249525
1.1282067940846272
1.7237139297203885
0.8093139452365448
0.6324854951693776
3.0397745133486573
0.2854381645694449
0.6877993407749641
-0.23874449891849958
0.8935453857080848
1.50745545054258
0.11119139053390896
1.340536350069272
2.4793090275696246
2.268264781881502
0.2247807179176059
1.0265358907939508
1.3318548851093217
2.237155197066557
-0.517205374584213
0.8886411008075157
0.8963453538923885
-0.47816858406437807
1.5271909036686175
0.9530095527405098
0.32217600892198045
0.17707819315885132
-0.054462429638678825
0.27346396271889467
0.42313068931729697
1.7141379874559657
-0.7031639208723937
1.1811679962750574
1.2279974087726413
1.0584593174534904
0.18019215426206295
1.1829293924790194
0.19862359993553252
0.9424846633187564
-0.2990245788884173
-0.13139177952564424
2.5456712015049816
0.8092421347584605
-0.07279283971408432
-0.5212182928393064
-0.8792514106632797
0.007603327968110331
-0.29055176690154316
0.47270903324092806
-0.05710910824678887
0.21993371282006677
0.14549472585398127
0.33818229518238485
0.5626329996114389
-0.7528281892762771
-0.5020684212560516
-1.4804606077371194
-0.5282528695155964
-1.614507113030955
1.2338547757928149
0.1218130649921386
-0.2186985509019902
-0.36135849222779043
-0.877301369779197
0.026979310173168996
0.7127441071898714
0.11002995312669618
-0.9629247041678664
0.15300171926748074
-0.37564580729716823
-0.7958225707674587
-0.3318171579923615
-1.1117708440035161
-0.08238339332487199
0.12388274039702746
0.5187658187631397
0.2711864628375291
-0.19197055795919846
-0.39817003946123347
0.5196696841141896
-0.42763536825458237
0.6716392564365312
-1.1659493824939027
-1.5315688970996415
1.0478605370785627
-0.8142056593485504
-0.8262279582131039
-0.264328433356197
0.17563731834707627
0.07796684532741428
-1.1431767169596314
-0.14611469510692954
-0.628034181898536
1.5167188781652563
-1.1407180588901797
-0.005232893098759179
0.20510286076445827
-2.183060769140863
-0.09409383274419826
-0.8085055315410292
0.9726913498975034
-0.23780070354369215
-0.37521611886055806
-1.508914694064826
0.2654405079863991
-0.18420948599187167
-0.1694508597227003
-0.7387255680729128
-0.750634319163824
-1.1691012287767024
-1.8084106148501968
2.592559357197301
-0.2672840562549936
-0.00036357056680919053
-0.5443643842911012
1.0171474657699187
-1.3456657915132306
1.2524889001932067
1.1292581495595693
-1.5243159423522783
1.2782580629463236
-0.6981732662687994
0.6729428272962436
0.7788262370163924
-0.1909012926112108
0.44136474289282895
-0.450205935962298
0.2504712042247373
-0.3027150816404022
0.9601421727262325
-0.6009071806620582
-0.36284422858495285
-1.283403224437255
1.1521007968836205
-0.6206080050692782
-0.04020379236893833
0.7580321721663583
0.016406662551103113
1.1858363667001284
-0.5119469666804992
-0.7553366688133323
0.8790209371083504
0.7200154750150037
-0.8588378995152739
-0.011226909959093407
1.0150786095644504
-0.038647088177387004
-0.008400426039129997
-0.7675368436476228
0.1722644276031544
0.06833466982553464
-0.1072941073967463
0.6818353763225814
1.0060539536277964
-0.16112356284076257
-0.9636308576352883
1.8649050417720043
0.2976219584203811
-0.18499454674594443
-0.7328390727697095
0.8126960414772145
0.673264256410001
-1.0097611892835692
-0.08785098313318132
-0.27403866035026503
0.27769014846093093
-0.10716488981436977
0.2675468464744364
-1.6826571748718762
0.6272112276088108
1.0796168218804725
0.05255846230500433
-1.2677659624534707
-0.8933590185557229
1.903143907154818
-1.1673527356968607
0.45984597874143734
-0.4114023755961097
-0.3673089700802214
0.5956605095733087
-0.9356160643257618
0.9489143971405503
0.3727015960224807
-0.4620560458002565
-1.2263929130733573
0.38530204696789727
-0.806772571417634
-0.31893174960073967
-0.27972317951394887
0.9189790981948258
2.1897979056568584
0.22257971193188944
1.111417391564926
-0.017361661005905422
1.3704113965635687
1.2030567704907589
1.3172651928753702
-0.026272578095977314
-0.3281219236563325
0.3415221068833787
1.302856806136824
2.158835865722632
-1.3008751579876487
2.0504056947149136
-0.9893553626588586
-0.22979751957622419
0.8951293456078909
-0.23972437820324674
1.1246186660165873
0.7571547976352667
3.1205706200325536
0.07407714065984101
1.0137060696959697
0.5248507044536834
0.12366103019143879
0.19587347476524294
0.17848129455621473
0.7327429491389265
1.2137450071927722
2.0253745893087824
-1.4050397060631963
0.3574352388266946
1.5562729410415341
0.07219782352482572
1.4726098372079013
0.7949446527268553
1.0291293516239792
0.8405563263091259
2.56720803321576
1.0349342690963348
1.3910113466796317
-0.22623694432637698
1.397622910612825
0.11191114374704006
0.6354444068035838
1.4809313701480593
0.8822729518844008
0.9357665401615245
0.043561858784799935
1.7550390510999176
-0.023887695568942918
0.9264357900379168
1.6557780126193877
2.2242414908992774
1.2204833757979454
-0.011099344072203917
1.6560389358976813
0.858132239729614
1.8214016869469802
2.145116505956926
0.41489715215580886
0.6530537861242928
0.8644013267802867
2.06414149929781
0.28732228090569883
2.1795845568906276
1.0603995692737134
1.7285357785617959
0.7105646408708215
0.15707793185104532
1.2257080308911537
1.2893356048155566
0.9516703542964028
0.6119270042324015
0.9447972280048686
0.7472798936260591
1.4270705993857762
0.20815904716956776
0.5737691885733675
0.6680079828223563
0.551874003719472
1.7055817020751156
0.9785592330121835
1.6119913088813331
0.7910372941825805
0.6160048164952097
1.2082651872490853
1.6556190238000124
0.7591648671101735
0.4131733826411557
1.0179240499902957
0.4142398185009503
2.084623355481501
-0.03514002690650673
0.2527068534699665
0.8413491581661344
2.2525933367237734
2.027231845640606
0.5176544452392173
2.0537212913061564
0.28955740318410084
1.9875926501188879
-0.3360282019531425
0.39790087133648466
1.7967616542744467
1.2800983748655033
0.6671910519214412
0.2012554168456317
2.491179669827975
-0.3714380852543284
1.3174683908615537
1.2104365232894791
0.5071766841861968
-0.9574217009010434
-0.09318145290677605
0.14950490581754736
-0.24633529868810677
1.4448516782873848
0.5172558066444407
0.49178375446509537
-0.46258840918392
1.2140930380414479
0.7999837604465673
-1.0087952457653782
1.3581771212418834
-0.10841475413646676
2.24898859809978
-0.47208024095778595
1.5300706232358092
0.16806189900598922
1.1693432228529337
0.510115884886561
0.9462020081239533
1.1240166995023149
-1.024317690583891
2.629290919933138
-1.0101142634463238
0.9519281183281028
1.2826524848564962
-0.45545079871849475
0.7900027425299421
0.022561332289481748
1.4445328180058026
-0.04979107229610389
1.0775349657076534
1.3997988993229251
1.5229089896397818
0.7304731578507869
0.4470555192092944
-0.654255916100725
1.0263253797804142
0.5887556529708609
-0.3930860780721693
0.8047822641055559
0.8359504186630078
0.9258452593651623
0.4397069906728944
1.1728634353749523
-0.2488846411912293
-0.2105013378467681
0.8940385799843992
1.4357878806562496
1.221166125843756
-1.2266193285604596
0.19765001542361776
-1.1875759462828395
1.3773372021746595
0.10317625594655058
0.11133413876904458
0.7759457724249458
-1.1107078218610735
0.6390257945041645
0.4212899323704732
0.6250569507981587
-0.8828822151114327
-0.5981159982679576
-0.44764368571090074
-0.6821002907857999
1.5260308531693605
-1.255627727744704
0.5721542615167489
-1.171168668507984
1.6391713992898742
0.18989284675136994
-0.49011620306017273
-0.8395446497400354
0.003879647193758972
1.3454652626282417
0.39377158135110035
0.33338178868466056
-0.6229272462920825
-0.8904931566931181
-1.1454824348401906
0.981039408684261
-0.7477899385448286
0.36773882523949436
0.874409565398339
0.5016063183693326
0.24342739628326107
-1.1631351804371062
0.06553675692970756
-0.7569734580793531
1.0681061001273584
0.4621082876584748
-0.6113220917857088
-0.5143271830616741
0.6413029988934124
0.07776880284154754
-1.1706885126321604
-1.3954097769499922
-1.3749175746831994
0.3968369725509788
0.17258291866056852
-0.055609236363445946
0.019348004947132267
0.5558499435634283
1.0116999337252102
-0.6059849358714222
0.30103114854839325
-0.02852492730446907
0.6016813950853837
-0.014535148278708538
-0.35947530239320924
1.5069107740288477
0.43363889412893336
0.6924735551122038
-0.4141015874485826
0.2751306883295376
-1.3893065790527797
0.9811350821801585
-1.5676909617086803
0.4219254535543888
1.3401869164112845
-1.203781356111702
-0.23343937367497017
-0.8611833460441438
1.4344571135635162
-1.4099496539873644
0.2975911079127002
-1.1809533556568004
-0.6708441177953983
0.8509061493147085
-0.19392471255014618
0.35689071566672625
-0.42398938190685426
-0.7612403195103062
-0.6781150953457592
0.7837408534613926
0.935182516610805
-1.158961786922828
0.30102270005896237
-0.02738940547398787
0.24002481746876494
-1.1782730737107645
1.3199375988324153
-0.6642758351449899
0.28905076880184305
-0.2376025499405432
1.8397813357899815
-0.409892163449126
-0.6809033518946803
0.6399470692212595
-0.5991034877559215
0.9534146652334581
0.20625546734374733
1.157396585668343
-0.766414673176966
0.3061112820238743
-0.5203713557540622
-0.048400577321504344
1.7157588211770805
-0.7060498086875173
0.4536194717700351
-0.5594585914127164
0.5470725920517354
1.4980350903368473
-0.6688694978176211
0.22092458681655489
0.45974033160152344
0.6766003139914591
-2.1620290099658592
0.779567193126739
0.9061740677557353
0.3787090926776119
-1.3307602391107565
-0.6192488269410159
0.53268329840321
0.8370270697938996
1.572114501071981
-1.0825170737570808
1.6279675023152484
-1.6998732030420038
1.0783359780640167
-1.1558399141254536
0.4596886965115249
0.35539843225649204
-0.19873876701236465
1.6528742911365824
-0.2692432892286921
1.1365098141033327
-0.6018575745964306
1.723381952338491
1.600985585374098
0.312819580732362
1.0143822123215847
0.8132470050876007
0.7810642321706751
-0.72105089467279
0.7696689436254062
-0.2969467075889595
0.1742833259544302
0.7164640155437609
0.6987278669370083
-0.056959033135434683
0.10295443354891066
0.4061629236063929
-1.8105925255811577
1.8478893390070716
0.7710771718620586
0.24111228428037818
1.1740283578860988
0.11154594481731266
1.604555572129402
-0.34536355107084704
1.5695794122192839
0.8824171257075274
1.6083421155992021
-0.6160305784395088
0.34486690042753365
-0.1797660046303263
1.5620461372518946
0.6885518231973914
-0.47678427854044897
0.952948671169372
0.28500670602516337
1.440748737819129
-1.857104316554262
1.234828930144416
1.23388045495282
0.03389709615765969
0.6121184443780087
-0.16750932434837593
0.5047363194731925
-0.9035908039378888
1.597745473414066
0.39920116999106914
0.9075425094563675
0.5946309917005826
-1.2312080268513588
1.9849484461614866
0.7881186413826043
1.4528727391504341
-0.4288588624582196
1.061843018465969
1.9181441178688583
0.682905695979205
0.2803498571189996
-0.49603207409383476
0.37207001478962304
0.12316467050203186
0.5516693124876942
-0.01299315895822727
0.9353740867691807
0.27213616451528067
0.041506791606437575
0.29284783391005165
-0.8405621757343864
0.9906765280871339
0.04040007612804546
0.9291721148044968
-0.30794699695391664
1.21403451027039
0.0843562989146855
0.6621579331871867
-0.19906024935590677
1.1037421555802354
0.08622225779259418
-0.5574235346174249
0.8923164665613043
0.6056603934288347
1.7742977551626082
0.2233455052689056
0.6804298216359632
1.020798442263753
0.4059527183895716
0.022804958313903136
0.4079525989428854
1.0100227268455204
0.9389191021227938
0.7730611161878364
0.1472620056420646
1.7103713341672144
-0.3426609633083874
0.8209880286542641
0.7539521623689079
1.5113652396909967
-0.5210061351700985
0.39848667120443537
0.7643009297481853
0.4182369226379803
0.7362057059989641
1.9382869451986897
0.1254707576156104
0.9907661218177073
-0.02754077902193547
0.5371141360320144
-0.500836528381752
1.2630562990778633
0.29379074051554666
1.0440584919370648
0.8564633311760492
0.7177467788018419
1.3340965369066122
0.28887736682366055
0.4145915649875984
-0.1553003426506349
1.3990148514980774
0.5896407043470895
1.4622670382931562
0.8359644717572491
-1.152514062927153
0.33322579375056216
0.49652067826206964
0.5999003009978511
0.657922395105325
1.006376135809485
-1.159167651831473
0.6841906969070483
-0.5854603827798904
0.8786516588371532
2.4820101037339275
-1.131709424579194
1.1944177750250728
0.45928877895293563
0.6825901007987598
-0.1639992361110636
0.5753817952593158
0.9182772012595951
-0.02915618604135663
0.7044331498069845
0.2646891587630702
1.4567415643719035
-0.12189228757841059
-0.7274485871514709
-1.8856841525809005
0.4033651757691589
1.4915628021326617
-0.6625387987217465
-1.238401797836181
0.36331492529492215
0.26104492381269045
1.5103961046366372
0.7610665749504038
0.2061022703786403
1.4926838839214351
1.4082375678187824
0.003467400300337542
-0.8608814574738111
0.11054318808564036
0.4812470979398797
0.15765210267907362
0.4076938934243525
0.21243919328453292
-0.13607110949351825
0.5897192805675181
0.42164959480002767
-0.5922924851943113
-0.998251613207494
0.9741027808078201
0.10570273519009887
0.5711234567604025
1.1802944112890719
-0.7107776544580616
-0.2771549715767301
0.08092667968371668
-0.715503578000346
0.9187962591063866
1.7863590124311757
-0.30320328703748894
0.799797503279947
-0.7234176589384037
0.1643624179268757
0.8957140661236471
-0.2182009458725302
1.769327274039186
-0.6254655214748444
-0.20571168054373745
-0.573362019698765
0.8064395947970949
0.29245993351849636
-0.835595357145789
-0.2439983874352078
-0.8394784179349882
-2.1737083266574455
-0.05978525855284977
0.2318574232428375
-1.4519720739907647
1.212417650627386
-1.9528619279922965
-0.3083480579642234
-0.30326671481021866
0.27752932397805496
0.375891513838583
-1.2282095917343214
0.29526362883857593
-0.061951573430506286
-1.0529109889705375
-0.08990475592802141
-1.0367770318170788
-0.48507363979478596
0.03603599162565287
-0.3120098678196893
-1.0656301101991132
1.370985936787283
-1.8272120134323069
-1.472476434638969
-1.424300462423039
-1.5837470464556316
-0.25280740117137546
-0.3361237553110259
0.3766814178775608
-0.09232740900040803
-1.1451590463433512
-1.6400903536634126
-0.9954176163186138
-0.9996768864514045
0.08053082661743965
-1.2690941897333916
-0.4687078258704434
0.6630293113998039
0.03603810367778524
-1.253370874523247
-2.392243574734648
0.3562875686605109
-0.12244413922607521
-0.18141851332641337
-1.4524518768093468
-0.9350671592839106
-0.04987750524886996
-1.4539549725017358
-0.7896203518310592
-1.6203038907612948
-0.5290680707054474
-1.4542883074258803
-1.2179804413078539
-1.2700110964652367
-1.2306869779846692
-1.522525841708022
-0.6976953279721579
1.4049835796940298
-2.643648037834865
-0.7441450210463572
0.3692998266658103
-1.7605846090643529
-1.2851434965305577
-0.48099772701915905
0.8333629707543259
0.04471447494354678
-0.42398609510420115
0.6284067658395067
-0.7850471595953795
1.3526206199727675
0.6044765864156708
-0.7080071307710313
0.11240645371231371
1.0655632546046507
-0.6483135742937253
-0.185553410392509
0.5871160606099395
0.7139589656875526
1.4305730688428722
-0.3076319762943479
0.9935707221719327
1.1963698832276184
-0.02117105183359749
-0.3178834441703885
0.977054336440829
-0.604744376059864
-0.03138513212342784
0.49501089035420726
-0.21681505246906438
-0.4774008380293093
0.4490686705125187
0.32131396944335855
0.34325937983387056
0.3547599364443579
0.18668124295949648
0.3885652447577363
-0.19275985351669708
0.02804983073611891
-0.024924215056097532
-0.7784162474072556
1.257038421889236
0.43598022555697263
-0.7124890871214606
0.11774493723994539
0.4055675760577521
1.6044698423819401
0.43064210043168083
1.9063588236545124
-1.0841421207149902
0.058006765274987146
-0.11356140277648705
0.4960768891045034
0.20736726251027562
1.6698025340383653
0.8514230047182856
0.690923867948137
0.4966042400612897
1.1665554792301447
-0.8093256194660465
-1.1447736795879337
1.2287063619393088
0.26758563949283465
-0.23253057499941898
-0.8702223747998372
-0.9264148591311474
0.3191254630657802
-0.1745935149206906
-0.06083614522270405
-0.4560747345407133
1.8168857274959749
0.8656709158006237
0.21258335119312488
1.498591308959019
-0.34522087447101857
0.12461577650483603
0.47357161304663037
0.20092906857412993
0.9608811119819157
0.8940776047977036
1.8701525560418502
1.439218847918231
-0.6294054712894767
0.18022423163686319
0.7806609947547802
-0.2657102780515748
-0.612346434372317
-0.05964605105889528
0.41559014364235036
1.3408892650092394
1.4879988790219216
0.2727378030504601
0.11445770314063064
0.6189498963177289
1.0087072474330963
1.2146561366481696
0.6442315487007612
1.182288870447459
0.7853584559799532
1.3780864064231009
1.3811980117612102
-0.07709709729128814
1.360019859250932
0.6259652721274711
1.0976960729270555
0.8119121097087548
0.43604199801718896
1.7543128087131816
2.4836418866799024
-0.5482438902700265
0.8911405691462917
0.40481219154721604
-0.26805839227636163
0.354752447254633
2.0006934027012453
-0.0386172362562306
1.2231640069073832
1.146636523385993
1.9355882814192729
-0.1637401763021243
-0.3398276089074713
0.7831675742646871
0.5379365637996635
1.212118316811804
0.6168573391231108
0.9008456576703613
2.2642090067390073
1.0483971198240565
2.0978657989073404
-0.35050164459813
0.600590669468241
1.2582327877672697
1.4211308546311914
2.5415215128822046
-0.07493406465517108
0.4052419045424198
1.0371400580705497
2.0678255685485496
1.038314593408175
0.40860436292240143
0.9283765915524711
0.5148033219378814
1.9505978599329163
-1.0909557672989574
1.214051298434796
2.901027269738454
1.095741429113488
0.3582012747398895
0.3360340996249311
1.7177783810133804
0.4909643698800618
1.1608391590831744
1.5488348860607821
2.471364470550158
0.6211032457937318
-0.6429409209316784
1.376369577688016
0.5846796433948043
0.806161867931047
1.1748803825579648
1.2790409038775281
0.7199467888931269
2.8928328810468624
1.2348783278288524
-0.2917252496838529
0.555468957536591
2.185627636839388
1.0753278910443735
0.4667794634206411
1.6223779585213651
-0.9148215006221132
3.0007632054197018
0.5644262422612468
0.1972718613270429
0.1337672513780794
-0.2564596601113718
-0.045279478025645234
-1.0051063068645956
2.0574560405669735
-0.5085519408764363
1.4372646543242527
0.6884303590670817
0.5256634981562159
-0.5120804918250411
-0.29510066280981956
0.0028731424939090378
-0.039218282615164995
0.0277496452425705
-0.903366107316758
-0.2040118896213858
0.5901851273445496
0.6349255888333293
-1.751705791172678
0.49565376865088623
1.618576368032904
-1.2882133184745324
0.4254228379713653
-1.5850856618721756
0.850863109295244
-0.3220963331989894
-0.23261533538177248
-0.18594372000994733
-0.41149764251493154
0.376719665455211
1.9641054766720738
-0.17079755778718983
0.44075555170946074
1.079093972124321
0.18325912763557756
0.4693431596780211
-0.8746004087615029
-0.480131744269219
1.0934753294905255
-0.06953909383016525
0.899934492482021
0.9987472598092151
0.33083578584991025
0.6076031905473298
1.959485733465081
1.219080243120395
1.0726073822497104
0.570562634007927
0.0682129206205877
0.5108686352878338
0.439026266871291
1.0689241332408914
-1.032802202137689
-0.2611631138742004
0.6614215120368582
-0.7011607380078306
-0.6157418113452091
0.12698006365521036
0.8888180238128117
0.906944469273571
1.370036983242329
0.7340957317749129
-1.1402891452146293
0.7493368444934658
0.21506522628356115
1.4241290766888184
-0.05803415213672582
-0.6823689901238251
0.6357898841500199
1.2311732918035794
-0.6070293757184438
0.7605580006021534
0.7836285081682561
-1.0717974977293074
0.7338299086539903
-1.7992349065893594
-1.1886407779572175
0.2826168920505989
0.6501359940772881
0.6242297439789942
-0.4405787676133318
1.1270648622916695
0.18328736076501118
-0.18586998860480025
-0.5522571823790238
-0.1911886856740044
0.6052550150973407
-0.1530236352814436
-0.7943238877019808
-0.528049438382012
0.22437219427023963
-1.225498571675613
0.1384067907648196
-2.3020823861206137
-0.9231366751420068
0.016105942386566836
0.05259761928892295
-0.25363529080699027
0.0010338752347340936
-0.7522247299018506
-0.44718842301326056
0.30405945121524336
-0.9335848224704203
-0.7637367242312975
-1.2222837770105137
1.1561435470467039
-1.3942202620142368
-0.09935648663815948
0.3109496934929689
-0.9495760078628842
1.3265446446735738
-0.41773044509497614
0.6235553798457746
-0.44900228106163353
0.02709540103078692
-0.828975953357775
-1.6675452147436851
0.6454780563094544
0.13889562755532653
0.15223353268894907
-1.2524520376980588
-1.2597500473049132
-0.0362512800458301
0.15003477564159454
-0.8682898287823285
-0.23867753123781715
-0.7049782072139802
-1.4233427531390894
0.12873051091161106
-0.7891061301271576
-0.12245041165572956
-0.5016947536708561
0.4196018156783628
0.2906611859849711
-0.23800183990489193
-0.2823844175183352
-0.19602955606776445
0.6090211474835336
-1.0573844027816517
0.17913662409366443
-0.98153556839017
0.07838693093780989
0.5392615750707505
0.514263283703132
0.6131636755108731
-0.7441584960152857
-1.0186757215460829
-0.09614185784898556
1.4867504457543081
0.014177159149586558
0.9641290913433823
0.5482784999199278
0.9438370776726671
0.6198290040452445
0.6475144898386681
0.8502733381284518
-0.18991218113146333
1.1461037095310038
-0.2057194319285154
0.7072272980606324
0.032281663584304225
0.1291524617600946
0.5580101320887414
0.43838139740166443
1.4956887732030788
-1.7212049627355144
0.9718444586734503
0.19362263399191545
0.3850163178823516
1.2802797826349928
0.3547904290467799
-0.6827341417180762
-0.3227423882242107
1.18141958008846
-0.7984349914698964
-0.34496789720844523
-0.89500953948014
0.9440670019561425
1.9448823079043713
0.15902409077615084
0.00035677649816077045
-0.7723016791941402
-0.24473668069102159
-0.40564026668538666
1.994434453508814
0.2583606052163502
0.9516965285938435
1.2261676925257883
1.1361254301387038
1.1363370579493672
1.113050873393067
0.3224701669181794
0.7371756452239222
2.099647277160638
1.0073604254152486
0.9099731818434865
-0.7446763813832382
0.6342286368003516
1.210281903854902
-0.15235872676025805
1.3255839241896386
0.994136634135255
1.3028227268194883
0.1921123832212775
2.1896857216426935
1.022270976559338
0.0052549748326745785
1.3530699771722017
0.12031242279076461
2.9655611238665704
0.5701991656909572
1.4628224680234134
0.7938449073593531
1.7429017647082734
2.8932689001051384
1.466824154497258
0.9024016630211444
1.0510423021961235
1.7132998659321315
-0.5421394509849151
1.2011592501484696
1.8094254251117343
1.2948060954717193
0.4865855435908273
2.0034820112885985
0.935029288957429
2.3227412197348105
2.82165026828847
-0.9367804627142011
0.7761697846995287
0.7894186621627256
0.5889276752467941
0.18966836848462473
2.166520227741581
2.256906664012255
0.5518507959852144
2.0712483698713973
0.13865450595730702
2.1141383088649337
0.9841779422835396
1.2594317531399009
-0.1607265983388008
1.1827740702817573
1.0155393216240465
0.4991747321402823
3.0459559352808503
1.1438327932417265
1.9464440167798707
0.2199250458883421
0.9090130592141725
-0.007220692061627928
0.9426297689512683
1.6969438436338946
0.8952717191765296
1.99905490331597
0.8670367158364064
2.23074928721227
-0.06066808655951327
2.401969049195998
2.150692994204151
0.28694555404059563
3.3622164651406794
0.8581103966210332
-0.8163152960162571
0.0016114594440078576
1.262648670189415
0.65679160111365
0.9183770857595775
-0.5916088567142671
0.048467564084067064
1.2035665656415842
0.2499036940893155
1.0635651205171486
0.5867489354469098
1.402001559569186
0.6851837589567299
0.30307972027734226
-0.28347931275103533
1.3851405850152663
1.1492312277078407
1.4234238303090745
1.089945270925101
-1.6856983751431553
1.5689341335251747
-0.2268884607261621
1.7552546553738733
0.20725918855883588
0.2284767699495875
2.09710129628741
0.41166781500008615
1.6934880823494587
-1.1271717175678448
1.6054711358054294
-0.07592321217947631
0.8295279838852345
0.9842454471607884
0.4343398714494879
1.368848452278265
0.7334563416598607
0.04729494193157797
-1.7327939119806535
0.7669547476200933
-1.0006716974812655
0.5170744927876723
0.6608153150552327
-0.8105193070956159
0.0726476479873108
0.15510170986965047
0.9297914453811466
-0.7626308062421896
1.5251606214850897
1.222376968701062
0.20280486690126792
0.46679444367525313
-0.4921922927470706
0.0003572451794859781
-0.5162678257861478
0.9818310010794588
-0.797664351686009
1.204485333221591
0.2601835247448255
0.4435250646858063
0.5443268344505816
1.097545463242523
1.3252626954740412
-2.4508061638846437
2.771913579468926
-0.0423908247874019
0.14282008228300638
0.4643968890456786
2.0023228979371335
0.23165397519192918
1.3934811853392959
0.670656896189424
1.228600147456508
0.753287468668895
-0.07440411317512487
2.0916857312605455
0.9350841642133936
0.3640594091403521
1.6130311745581778
-0.6679477445714984
-0.037673997807437506
-1.3752803084716747
0.41256520773993594
0.09881082621245756
2.7777537715201217
-1.3325431105066579
-0.04078790747658786
0.9828260285987813
0.8380514146091917
-0.016326958863363394
-1.5426107626810666
0.9892809669892514
-0.29382548937695346
0.011505786158711893
-0.05827663200414965
-0.28815632344046255
0.48787130275835644
0.1301790911641538
0.45898993526670157
-0.9334095748311038
1.7307768989499008
-0.42994764971099614
0.7066579841757765
-0.22206289142631847
1.0295881212239197
0.4313053314625617
-0.8084104397174395
0.15386759334612116
-0.8731575303956125
1.3955517165173992
-0.2912903622143856
0.7656510379115069
-0.11888778478052589
0.3770257344645914
1.0655846906695312
-0.3481187026391709
0.9717232927034317
-0.43564734999483373
0.6413369485087002
-1.0309419014094334
1.6494702277810276
-0.47644786178151644
0.8045178900738483
0.013242428893547237
-1.75192923813983
0.8373017925449548
0.4141298606040363
0.5666371623143898
-1.539598267144166
1.1145167823802915
0.28312350883358994
-0.8299048312342078
-0.3812614458500888
0.20064193964640936
-0.9655185661092538
-0.10144789537823734
1.1875478285421444
-0.7762352326121176
1.0855320943509958
1.3592511859179832
-0.32897782269115594
0.00137290274237153
0.020105465030556702
0.9149669568648066
-1.7966094407618745
0.7221198876598415
-0.7104824726666954
0.9024743376064542
0.37088722505916183
-1.147790724035288
-0.5325286039391537
-0.6737798919427165
-0.7511320714307838
-0.99429102634773
0.7449229647018515
-0.4797191364813731
-0.46146624002167197
-0.6520389493867941
0.23621611164505746
-1.286357366046178
-0.25955502006634734
-0.28294670423867685
-0.49115827303047477
0.6590451117099068
-0.5610187761392856
-0.18843149110932436
0.6413110048163755
0.17786043253969108
-1.2368020622713636
-0.3123221013326603
0.8224983012788661
-0.6044482761415689
1.9908009029549605
1.454985238044913
1.1752771601898833
-0.4007795698065092
-0.8817573963096668
-0.5707996474491263
-0.9172959755801241
0.8255214870733274
-1.0423651978792399
0.7905021114163446
-0.744452660589427
0.6526298257983442
-1.3483017241629363
-0.10532106700033869
-1.2401479992688964
0.08240594675337311
-0.08622791727166347
-0.27105600771683946
1.1680117657429148
-1.3283426915824457
1.479615350273989
-0.2157990367576633
0.12296511528569759
0.11392412122011897
-0.46266411942858016
2.411024249370003
-0.538843686703459
0.3202156847068381
-0.6060043696451587
1.1992187290693432
-0.6557487040994067
-0.20330217288613409
-0.12546559886453051
0.6527088066552679
2.6355789805814105
-0.2717753768327616
1.0077735783085788
-0.023445997949063394
-0.261625807011192
-0.022799003959736757
0.4061594810972066
1.0991232444328067
-0.296356542160477
1.9534186099027993
-0.2466878323243925
1.1231785075506486
0.22629944204435098
1.2394608153270734
-0.3566216454053217
1.4212639915232526
0.9852586708154102
-0.29524722072650367
2.2324912200283498
-0.9210540965470821
1.3357175079879087
0.38011948751400537
0.2450833804813143
0.2679809260817391
1.264267260536206
1.0451681291134465
0.7256381361109489
1.4855039261157263
1.4069258599940613
2.9576561206642307
-0.8011093360631703
1.663565869720884
-0.6485839215111402
-0.16628455286238067
0.5645279841765944
0.9039070203805761
1.3089695418271419
0.6941776010973274
1.6896200244033859
0.9312010766771343
1.8137329307629304
0.007031838889456285
1.3090019325789823
0.47085217682088143
0.4267866353186925
3.5782455041439083
-0.033808260581568245
2.8831018816428386
1.3565022746764028
2.232193602394608
0.3347485438347101
0.0562083504707748
1.2546616395901435
1.4788148717166643
1.645038141137923
0.17895410277735366
1.8745066244826227
0.5803889288623936
1.8393598845647465
1.1191981103699038
-0.10524677390617546
1.1507405754481879
0.569465578224946
1.3323751361893639
0.9227640038954931
2.6168978280837414
-0.29458930296246705
2.9149594450471974
0.12590252175031147
0.25135492800546694
0.35780007683636433
0.9643051532817005
2.4100990011852677
0.12959131648475883
1.9165916301877637
0.16446097949013191
2.621361457565911
0.030763910911149557
1.6951112818000456
0.47320491026588896
-0.2851676199335519
1.2437054815626116
-0.024347773683021223
1.295007490662722
-1.0686647874857078
0.3659362747567403
1.1991318959533996
0.2416825643210352
0.5397729991639352
-0.18733661721624065
1.3403652523796385
-0.9037526544626217
1.5000293891308891
0.4042697847324246
0.46684523199908406
-1.663950571028003
-0.3990914397940244
0.8118125452272825
-0.044115576383798136
0.6184596513306341
-0.07121978010401081
0.7259341003792437
-0.5292151324634944
1.3815956838906343
0.9937896035859349
0.04143704065997323
1.397888717435598
-0.4381853349634216
0.7636991872533148
-0.8528400170137795
1.2481432188316317
0.5877914540590518
1.384343914384387
0.05944250373913192
0.8330172145327351
1.1520276044793623
-0.4171413092799087
1.8718326781271728
-0.13205630416387873
0.43941584654871313
-0.8792361655033095
0.40146307244653967
-0.622181344042639
-1.6026572002137582
-0.7221549818541805
0.5160640285671108
-0.2049004505347501
0.7108723818777011
0.5118119868310774
-0.6817035115115739
0.8778254408456494
1.1978905676201685
0.5468270904587319
0.8695892594246875
-0.8040707823588024
1.0085633208260945
-0.6166665669260097
1.2986172745887468
-0.21174196489470473
0.6787996211486901
-0.6662795160560887
-0.5598814075961889
0.3408444330147286
-0.9274056952135225
-0.7280303502718509
-0.09981689006919034
0.8150513423374717
0.10058343834902318
1.5999694131954725
-0.14594067582043777
0.514310541079165
-0.07389081831314544
-1.633334946885893
1.0944311853978999
-0.8075447298445515
0.9140169613159094
-0.9377129145010029
-0.38229799677740384
-0.114340834161304
0.7674081847289115
1.205834884370925
-1.0349635715573073
-0.45057227348176965
-0.05063880174879556
1.6961203808302459
1.5848358073696556
0.5188714255366541
0.1538155406098362
0.4475592535320966
0.8314049974983441
-1.4319363043759628
0.1360116455141897
-1.8371374846246407
0.31681328128130304
-0.7732563938131051
0.24640273222102144
-0.47394896469812786
-1.0364300107858992
0.09515439563912627
-0.7265186837223135
1.1304828819853292
-1.0757114507817969
2.868868420802325
-0.5831258232641966
-0.039883686141881876
1.3866384882440033
-1.3009302604323025
-1.5520600061291818
-1.0093641850950683
1.6354726569946028
-1.417252749005194
-0.34934879772308314
0.39698876930124904
0.4699234298832422
-0.12067702366269195
1.4044362929953829
0.588253592014304
-0.5341761784123902
1.2807832658005613
-1.9679543403487156
1.8449236873892265
-1.6660985121008345
-0.5667562065816748
-0.5986793821224868
0.3307086417238699
-0.6256947384348812
-1.1744419975916496
0.6034886098626253
0.19475328337188505
-0.14334333404485727
0.6937281461097085
0.40500488732494316
1.2737081816964857
0.8408206560458147
-0.4457517393075006
0.7659337361961844
1.4186715688230591
-1.22341644097568
0.9261484199790984
-0.3078833491739405
1.078248443636252
1.012529297322673
-0.34620372983289943
0.6344054272837045
-0.7561053475441789
0.604925008887687
-0.7914527051336818
1.437540495528289
-0.7198066733716559
0.40858502597181273
-0.4348986925002618
0.24573397262056157
0.08760011168647393
-0.4515859470470128
0.43004749685281685
-0.4869733401132464
-0.4533998668329331
0.7454195919405935
1.442960389815075
0.14098770587699685
0.2181630255318404
0.2107814730670987
-0.3471091645685352
0.3991533090721342
-1.3338586155572052
0.5196243033024268
-0.7339641887279291
-0.35067012894073357
-1.3675685562153181
-0.6819843855256151
1.0142135762573918
-1.75305283834254
0.6262396783574814
-0.7566292283643662
0.4710316222508075
-0.5843356247882991
0.45510520640174834
-0.4411719219568424
-0.11845254848699971
0.06822154727837874
-0.9415192036272619
-0.07406820854544743
0.5379580556023867
1.0530608909312418
-1.8597685801769488
1.4338953192546677
1.0501167028300695
-0.5745145767723021
0.45055152410772287
-0.48815692055369464
-0.5487309586315988
-0.7401546310265742
0.7298061879151682
-0.4707590555664828
0.3012763334631943
-0.04173175388460861
-0.9193957086583554
-1.1408745046439905
-0.9421062068643069
1.1161510300848108
-2.138224715122631
0.8022187641327181
-1.862608313656878
0.48245232112932296
0.3583175367709703
-0.9951817034685279
0.3436372919634347
-2.256770426137724
1.179092528844156
-0.503503292404665
0.19041593223103523
-1.2248825315668237
-0.5438392883014417
0.2462498405754644
-2.5769160948775554
-1.5280835820238747
-0.4179133843502762
0.34540170070878634
-1.1364892960958095
1.4081380126519603
-1.700639041534516
1.3679174912123788
0.33838670795587267
-0.6925198486769955
0.4565685649588284
0.13317656382424872
-0.14405703941432793
-0.908922390709718
1.2223389951671069
0.8993547819859773
0.7635242822324442
-0.16103879024440512
-1.1078324406028666
-0.6358207019773336
-0.6164483887768831
0.3687004433379948
-0.9858047729148863
1.2400475931322577
0.23995915832933562
0.042249779079134485
0.015504426191051569
-1.2141325562923537
-2.0616200379916454
-0.7733585723280199
0.16934863755366286
-0.3809206197688198
1.3029812309375344
0.29521242357530664
-0.012309690594297169
0.3340158985351507
-0.5235747548796825
0.08084011517828604
-0.37823000099045206
1.5831340062815205
-1.677467441530066
0.06551656537414066
1.7761941170008662
-0.07690124418220984
-1.53800142393523
-1.6534183190250602
0.21869952788470903
-0.22201166398308417
1.372514392849947
-0.47133066591232464
0.23190460401807741
-0.9421548183783578
-0.534892821958356
1.0773424063840875
0.37546644134704177
0.5262580740868171
-0.8525740435743988
2.075966895669613
-0.6200538984135381
-0.19155027284070986
0.5915325991466355
0.9619712835476243
1.1963787503937005
-0.5902686724615136
0.3490006604208818
1.0116884665094998
1.4925706680063393
1.1195249377831418
0.3694249899801451
0.18781360095579228
-0.7235940764724246
2.069046674631567
0.417243010680143
0.63874077673501
0.2291355359420996
1.2689822659549084
0.19009938541694152
1.2608229933082649
0.11220974497021537
-0.08134886982712088
-0.03346802735028107
-0.6825021595979257
1.4914100005124487
0.3215111027070834
1.6325672922401673
1.7075728860821748
1.0131947048593628
-1.3523920842307806
-0.23295329689797734
0.3848954285183837
0.8436290895586008
2.4128845775030974
0.16277541809471674
0.08120570208246022
0.06783103657123088
0.5299157769671039
0.5024889530968067
0.13209600635654947
-1.6405746803738979
0.45478707280824093
0.47180451102702037
-0.1657718496299922
-0.009080053820107264
0.2824909008100796
1.8945561247252953
0.8430841837881919
0.8381467682964794
0.3326454258693925
0.36728730225482864
0.6537618265324796
0.3091772095445481
1.1762007257012561
0.07274715379777441
-0.6170986383267982
0.6601819692161206
-0.21571258999430465
0.597728572972953
1.0832558108496517
0.8690418901115776
-0.8516790596595823
1.6011815626793409
0.7628141336550568
-0.40599320228985936
0.4569946262448377
0.13006639534209632
0.7578470883236713
-0.48990525579464156
-0.04482333955422714
0.0950112935942276
-0.15826436101239527
0.18184387009254502
0.750980644175336
-1.2513645608859048
-0.47952973899361073
1.6305958850188225
0.8876314544576548
-0.6534741092006066
0.1728607423877843
0.14522953382429113
-0.47407719285478944
1.4688137933276293
0.8130616307202461
0.19439450251439463
0.15062844483052534
-0.3179446792737577
-0.9684395434943517
-1.0320699413615915
0.7336671755895587
-1.9422822310487744
0.44272119115899056
0.04884253883704565
-0.03191324142670329
-1.4640066481294955
-1.1434608516155662
0.8083258381739767
-0.5524535276440525
-0.18625892184129939
-0.9981381481110074
-0.35196494289387237
0.7995794794696306
-0.9074098487182859
0.13999139587982562
-2.126185333857129
-0.15535520375965386
-0.10823722988835816
-0.8517913031023533
0.016273110863144757
-0.6312055694764975
-0.2353840198097882
0.312247295520116
-1.6843733352598949
-0.9042026621729056
1.0061637097424159
0.4231310988686883
1.1181397766629098
0.5177041403268116
0.8027971314025634
-0.7035262998304257
-0.23979921243115154
-0.2910426959000501
-1.6416559389936636
0.9812557032247418
0.3137656643644816
-1.1306991397152824
-0.2301940934335888
-0.42387313059992143
-0.04388775952618501
0.6737542892394228
0.3403925153901831
-0.46812900168069693
0.8857960074000504
-0.4063368055479158
0.22809469555826822
0.40807721065954067
0.36178533082773623
-0.1144190645438481
-1.0379632356145403
-0.11614869401037559
-0.43641518457000994
0.660628054955214
-1.212481104154435
0.23112354248603242
-0.7669255937057444
0.3112669251770269
0.2282742239159059
-1.0342126695655673
-2.09950448074949
-1.3163262613524225
0.6510209703795088
0.21303072150312888
0.22378803329556607
-2.0576394967628238
0.6386153465921978
-0.9676935863516636
-1.7164422698256003
-1.0740413006363945
-0.0064293961273037175
-0.6398785371720868
-1.6310507338105846
0.002616993180827753
-1.3364936611080616
-0.33376003690962075
-0.8268743188740094
-0.6112124476916148
-0.762619064659635
-0.7859269210001584
2.159288660027385
-1.323780455827074
0.04939566351512683
-0.875582336749186
-1.027123142187852
-0.9926648520250575
-0.05269007238788169
0.43827957113241645
-0.7377297967808807
-0.8233803330811231
-1.6917664266506918
-0.6119105890292945
-1.1834195692451706
-0.7695494538836442
-0.5687931167213532
-0.4017328569219349
-1.6755787085896876
0.044463105724686446
1.618481051517184
-0.6588406187782672
0.7261168098357966
-0.28707911429549093
0.3147627042789794
-0.5515302623866509
-0.6547126015886606
-0.2724739074683553
-1.2711209833566919
-1.1366498466340422
-0.5235576948265829
2.1116358528926433
-1.2185999707638286
0.5791239760677803
0.7224731735188336
-0.9512267981950528
0.3245292733672357
-1.526795492880273
-1.3026188691050953
-1.1652586488603909
0.46980998616398606
-0.6817303447673846
-0.00967600754786421
0.8127413138418879
-1.910000158278828
-0.3620818853653821
0.5657180348344524
0.49520700160627357
-1.4965392861801203
1.1122719963476972
-2.4757502846605783
0.08193492670467727
-1.0100637625425826
0.17729715119409373
-0.7243498036832315
-1.1724330783834234
1.1566776453343983
-0.8792646520011019
0.6714889097122537
-1.1267754926484372
-0.9429491025473131
-0.9567176313250003
-0.9755962844253832
-0.37791554184414144
0.16951325425169242
-1.291600651107927
-1.0289689138520453
-0.21525204896477376
0.05751328040493811
-0.5938272149262748
-1.862015045589622
-0.6852854898879333
-0.04507716113903981
-0.44598211727399373
-1.3466029385439837
-0.46197827441357625
0.7795545775656186
-0.7055370309805219
0.9246157185412219
-0.28821055552934094
-1.8401298427216848
0.8103031848038944
0.10902886788333768
-0.0897673189203934
-0.42804313318082965
0.05926616850389958
0.7045522859969405
0.3972260526846993
0.7116304087068726
-0.9191501483098988
-0.28325989218734393
0.3439193148963328
0.3858005150031079
-1.0330104344539686
0.6012719562583178
0.6648745400497744
0.6149595788684418
0.8931534766250149
0.6761223038167318
0.4946792400803053
0.14913428968080478
0.060847606431573525
0.005494775582938423
-0.7480578733129
-0.5276807137279068
0.05158918986388604
-0.02770358497116452
1.937226634159283
0.49933175922005546
0.6363643797781738
1.6245421181845394
0.2112799805131788
0.6661842076058414
-0.5026246976612979
0.5902120156129393
1.453352181742076
0.4128489529668365
-0.3013210491644377
1.8669890418344708
0.5451517537303829
-0.06512869100332465
1.306825729995422
0.48896895068195545
-0.1920709492932592
0.15138234748430002
0.5968675362929364
-0.6602408591223412
0.3241895638340235
1.9061704413449563
-0.4381434556744104
2.3731300822465164
-0.20819177109060114
1.4754796527727214
0.27339314826974287
0.9223658166149702
0.9393410668333946
-0.7858334598497984
0.39233167718129847
-0.5515359325279093
0.27041028934189876
-0.4646163105309378
1.5348705275446135
-1.8748147075191084
0.4499938908305731
0.5491518581441156
-0.3963302387117265
-0.5550340736757607
-0.8209890421580999
2.0461947294660403
0.2804135953595449
-0.1772701369418569
0.30908399065146447
0.050897733890527305
-1.2221944408888419
-0.32614344433301495
0.019631140655568542
-0.545626096038669
1.1008163703454796
-1.2739661631244341
-0.7758275824459058
-1.1255381513248732
-0.3305860787483373
-0.5842364371927697
1.1297451115436858
1.585718799094782
0.7410117330399238
1.3948173260539847
-0.7125920204417003
1.2958813254247257
-0.8424935418218216
-0.534393180778297
-0.13246890612391082
-1.1112622183115917
-0.9665027314607565
-1.0362908317741872
-0.7604110873774494
-0.7474984265067269
-0.3282948910803917
-0.8546511933785421
0.607586019274143
0.21466281191009992
-0.9085433568083471
-0.7231980236329376
-0.5364564825330076
1.841480099381317
-0.1167298661726741
-0.22238632758544982
-0.6907803664324003
0.1507946187842655
1.2050786142926664
0.36896962093904523
-0.10012779072321655
0.20534416802024827
0.3603544667348541
-1.2077030354792861
-1.0936485236094564
-1.2488935231881868
0.3676480883217694
0.8996914740999307
-0.9228715412388097
0.007498758272365101
0.29583699357766263
-1.025191636819421
-1.3381174663028412
0.7337768540082167
-1.4677347265742926
-0.8593084743925071
0.21731059605165118
0.48629713544545816
0.24897678879810745
0.16859849140509872
-1.4459881877746956
-1.1507060351468756
1.1385778692359623
-0.3076064660985014
-1.208399612034781
-0.06388119436515881
-0.11735285174481007
-0.853441444251868
-0.6177516125346215
0.01165496683540015
-1.0711385967375502
-1.4031185442997862
-0.30836658685624424
-0.2564353466783002
-0.9623084410550273
0.9569403360340274
-0.9107136269903977
-0.6399802381307321
0.13607407436864813
-2.7109550726984732
0.1603114941814571
-1.495526234927369
-2.1397479235989953
0.3720418264028105
-0.7067328391107622
0.2888206893386156
-0.7035014966403433
-0.9013516335985464
-0.039453300106789664
0.5814576134248907
-0.15167661198314047
-1.0226538562442709
-0.41781745417255767
-0.8330947245637931
1.7479254240545599
-0.45849837195793774
0.2001905593686473
-1.0746832868398248
-0.3923261232534529
0.9539766291191323
0.6459539748752153
-0.4803510497736242
-0.5207050571538344
1.4314781214768513
-0.0293925588665783
0.6167727165586874
-0.09185247159560625
-0.33318151852127753
-0.03311980502867133
-0.45028297953241747
-1.0172529655220852
0.6658814805628254
-0.7991342480838454
-1.0606984916888904
-0.10143623223265313
-0.1419967346923467
-0.5743175589978544
0.38328020535934254
0.4833423324146461
-1.1306620472447806
0.5700087520809034
1.3193086943494319
-0.05228406477699912
-0.9254975318811501
-0.6870772668496888
-0.05995684571148964
-1.1948841344917176
-0.5239888299788897
-0.1833046124043433
-0.8930893544310349
-1.0806131144133213
-0.7826900609492669
-1.4454494189109137
-1.8112245618459692
0.16481826262558869
-1.4011844883662472
-0.28215909855658805
-0.14976780065200138
-1.2966636127187139
1.1424359490827911
-1.2875978685411105
-0.9333834580590447
-0.8306975989143532
-0.7670306585004989
0.18014158181428921
-0.938276705321117
-1.0956852076862877
-1.016815036517379
-0.49596835735093897
-1.1282184947583875
-1.4645713223141394
-0.9907627174311953
-1.0009996623689739
-0.9277589762059386
-0.3669212106028464
-0.8350096550811559
-0.8433472996004788
0.8725414225826794
-1.4670630478594167
0.04584960169273412
-1.4842032912024403
-0.44373869089907403
-1.76550966455877
-0.2508105296924401
-1.0693558979670796
-1.8841098434368742
-0.7091755817559816
-0.5369018483233265
-0.6951518460610228
-1.63014909937831
-1.3965482141320742
-1.6178481688846416
-0.3522487896672664
-0.5205407968122822
-0.41176671767244827
-0.13447394463762033
-1.244477563550718
-0.386358464192428
-0.17093040777433818
1.1572222295974435
-0.3704702196055883
-0.6789267455259091
-1.4583423249015441
-0.7846648540648111
-0.5512463532729706
-0.8808446905193575
0.047390415293490876
-1.173153651117648
1.6625657808341252
-1.1984157757643603
-0.8464037795341733
0.19393178817562987
0.3705459809296658
-0.8190659557964018
0.505285054660358
0.5371676999500162
-1.125039853704508
0.08897656898062993
-0.561688505054002
-1.163635563850181
-0.22689178249828082
0.5848771483441554
-1.3967859787269428
0.7812342790728786
-0.26619305990046044
-1.0462949865554678
0.9232769341052373
0.5212121945031849
0.9837041886601741
0.6621199297060278
-0.3678981345929559
-0.566602426553874
-0.563293810074405
2.4020327664030674
-1.0991781699342171
0.6050738013340355
0.8188784115652298
0.08260178167571366
0.02448772762545277
-0.8282469625719237
1.2964466079842747
-1.624267806078617
0.0956624194054379
-1.1779484690321775
0.2671767435775328
-0.9597722461886466
-0.3567025388918257
1.0950941137187256
0.32643607625226334
0.8428531933707796
-0.2338195757295956
0.0765974746731075
-0.4692321304481519
1.0669508243333787
0.6413896806222875
0.148557453891965
-0.8653908868934047
0.9789107087852488
-0.5336737288920927
0.5243124218275789
0.1234447960988235
-0.11704202976779585
1.7178446464768005
-1.118082833722464
0.8004807255148051
0.1351645393216851
-0.21333702806769697
1.7667020551436425
-1.139001311634673
1.5762696793317206
0.6527332778289506
0.5090754902351249
0.5538843075715243
0.2134905323496195
1.075529901157053
0.6905329748323269
-0.9554019114414837
-0.9963101499305594
-0.1659053688615721
-0.4787382238291415
0.9344297231020717
-1.908700538125197
1.284809984377074
0.812169037856288
0.6774779974329458
-0.4756141585385745
-1.5107365827824513
0.33039662801456926
1.776664819912193
-0.06554751434195473
-0.12259218406732177
0.6782949106768843
1.1324376847978113
-0.0073644688940602285
1.9785160621351743
-0.9555231299626304
0.3509106122402869
-0.1459272568294349
0.28912981815983724
0.04541248493821911
1.36362839711355
0.26284671001810306
0.6384935081100003
1.79710862395433
-0.4231631424541698
-0.0765125794377171
-0.033844282058646286
0.8982350941107454
-0.8635318812116648
0.10395340979442223
0.6684283021264109
0.1293589816153235
0.4689486526515245
-1.3886769781486652
-0.3613946709355459
-0.8553246504403501
2.1316550184171366
-0.09094242810366575
-0.8090969501414546
-1.0032910398038843
0.5642172503030286
0.3909947969555412
-1.0480858012982226
1.434244903964544
-1.2821674006905572
0.005265731655857437
0.6548655280260701
-1.0903503057131643
0.6063685108165963
-0.5245067531167305
0.32024875586470236
-0.48548021351086196
1.1625595377239366
-0.18972545617360853
0.7306528387605052
-0.7390621258948478
0.934355938955187
0.27049851693733196
0.14415054085163448
0.6813828925232412
-0.7447233033323516
0.8439509921615375
0.9940136812285824
0.7087498474959396
-0.15497321251138724
-0.7096811453156163
-0.5878967322919136
1.136473060138388
-0.11249958231893331
-0.940637291811891
0.8545429696965795
-0.7755701714420113
-0.6500160679877627
0.945292944449412
1.7293080355651549
-0.8081821320290798
-0.40763950804857746
1.0608413145854072
-0.7882492051438916
1.6318234771196545
-0.2139482190550939
1.270280878858584
-0.9215265494115149
-0.2778325539299662
-1.317483102279317
-0.8517445400723933
0.16830965319775776
-1.8595999861005554
-0.04124743154775687
-1.1409426455949137
-0.2461924136724329
-0.7331411863584637
0.2593170464139191
0.5558971999711397
-0.6398817514394566
0.9888004908721462
-1.329705278713933
-0.8156201920660253
-0.6561591981221545
0.16523107692498984
1.1988149405019577
0.21567055594742895
0.4414624025924364
-1.5267973413244607
0.6248133821600373
0.41519062577644444
-0.08803837222162877
-0.018494917865307086
-0.7897693622484844
-1.4400913271982563
-0.6803471478768138
-0.8515840815181701
1.0424788077262306
0.8326030902605629
-1.1583868773042738
-1.2636658056611496
-1.4566010827438622
-0.4540732184604399
-0.5988339920811379
-0.8191289341670257
-0.024165630931863077
-2.6711853706349076
-1.2741491626470218
-2.3417492695380773
-1.0238428042221208
-2.811136567962333
-0.9275621454626747
-1.573967711840729
-2.408085997209153
0.1079433951253566
-2.2185538596093632
-0.1976649553175605
-1.3137527276862737
0.04616420716253884
-0.664982295676229
-0.2663243264491483
-2.038726945646846
-1.390151327231684
0.05307236969922344
-2.6459909719891024
-1.0041098625826117
-1.7575790603373767
-0.7613622432503301
-0.6020096276633777
0.8953237864132978
-1.5998281428740315
-1.9458027903683786
0.2720343562933305
-1.9580161805388856
-0.8188412140820773
-0.7491093297632256
-0.6038317909808562
-2.091266814151629
-0.6345911503238693
-1.1497641824665896
-1.6202755331343606
-0.9375207212742013
0.6917701854410186
-1.3391412837215015
-2.5191322093380086
-0.9365703714068014
-1.3814230877656872
0.6139574538666969
-1.090647022360455
-1.6888123591272046
-0.5733607045615733
-0.4279533735590071
-0.7181300730893723
-1.6841885372456318
-1.709796009922456
-2.036174310208407
-0.40336784768123085
-2.379476396427243
-2.070421943709702
-1.2867500827160785
-2.515661781339253
-0.6388854761619323
-1.9546117168310686
-0.767949488623005
-2.6032574996053457
-1.0615287470959103
-0.644583432299835
-1.5962994303724667
-0.6747840977570024
-1.2271534201842764
-1.4013145465660304
-1.8534068974628775
0.2618277259051647
-0.8286439692446421
-0.6538264975540959
-0.03151177461024028
-1.0972410502054128
1.4094023880834852
-2.305771925779966
0.04884717732850628
-0.4146791403648802
-0.6928013911518737
-1.0157736996300877
-0.6681452686569038
-0.4031421559265434
0.7409040054085376
-0.7782098508889288
-2.639307335248054
-0.7995866237504765
-1.0462587735395155
0.029537589218081885
-0.6557648333626523
-1.234960817930167
-0.18488569435970056
-0.43952569023835575
-0.47113049672561325
-2.1891794572507774
0.3026055318068983
-0.112411506055715
1.016849191223735
-2.0363487914548877
-0.42721760063437
-0.274156743833948
0.20490801198156586
-0.024265525728141956
0.6126611605959571
0.1402513085045193
-2.2799346768672715
0.21086065921864244
-2.2527350738700544
-0.17820263666375605
0.19736773515572384
-1.739772671892746
-0.31126464262814374
0.817062430562742
-0.22080590664857888
0.15743310952221493
-0.46576493077352144
-0.9056482804435643
0.25551765440547464
-0.44265826500751776
-1.7719405855935377
0.06769268568923742
0.18388254095217327
0.7148007523951653
-1.1447043775073025
0.8167599693816888
-1.2851208548299058
0.21820673855690517
1.5483310206080285
-1.129786574486623
-1.4562279037410306
-0.19432331713903378
-0.3763231010070978
-0.5856703170233236
-0.3119414836975587
-1.0747070642787437
0.2631976497014471
-1.4956244269392958
-0.13688084307885703
-0.9848520654486416
-0.1483200955918386
2.1561456932365526
-0.6056440440386828
-0.555231002232927
-0.42950964459778124
-0.7460499143384131
0.23585089421333294
-0.9465002235856884
-1.7622509923955085
-1.8035301044530316
1.2024186889281618
-0.6253903966635026
-0.09632562293784251
-1.3370396546028112
-1.0462816794709515
-1.2547373177509011
-0.4538143046458611
1.6757334970239735
-0.613389122245034
-0.5531073411378078
-0.20730202375696552
0.6386391510967999
0.4440557687015878
-0.36992948538750137
-1.4825770332306765
0.6768343326779698
-0.042814791412349666
-1.6083911093397014
-0.7149094767795928
-0.30505403543540316
-1.2404486032388384
0.31285404387293464
0.9809168667507232
-0.464002876768778
-1.260624269340563
1.3572083712680767
-0.6422524895996974
0.08621640936108309
-0.21712828233975923
-0.7061507765670824
0.8372610070149821
1.4229868002652792
-0.32469748179679303
0.6666979792217628
1.206625334683482
-1.2432338174510695
2.639244229728091
-0.1021146079046751
0.3517004957813368
0.7692986188180453
-0.6411084357672687
-0.010633959629310892
-0.9367837377472629
1.2551401815334586
1.3009682312362993
1.7638522200393634
0.3917389704667559
0.6157284184255659
-0.22455353199206546
-0.10996778835602329
0.39943124204061403
0.3015732190778231
0.5235911988364623
-0.7036527796030555
0.203124645680855
-0.4813257343910524
-0.7166334653641477
0.6386454154000972
0.7564760104725021
0.4403386530472148
0.651400444368039
1.4201447375805876
-0.591152862240132
0.11647016069763853
-0.3825909222882866
1.4713182524358352
-0.7930489299524629
0.35450022717413743
0.23213501806455247
-1.2181971987914413
0.08150398831246876
-0.6298677508718706
-0.16236532025968398
-0.826942716035086
-0.7646967828049439
0.5111690978362634
-0.15697565986440964
0.6518677343236414
-0.3102196366926527
1.5220704771494558
-0.21223042298869804
-0.1516301260806275
-1.3088319008646292
-0.4007719568177534
-0.27696245250021406
-0.00026219179273425134
-0.8032811896814718
-0.23687813096823154
1.6465771758005778
-0.23307265041182737
-1.1317068142328541
1.5404813438400247
-1.2030031323557264
0.11613672279224903
-0.8994030388549386
0.463850349180163
-1.3530079182374826
-0.4553053641868483
-0.029234693898516403
1.278757442558612
-0.2428916456738515
1.0995032968507283
-0.8421211796964287
-0.4950179731485051
0.5185692390705554
-0.7352494472106463
-0.41979295668657446
-0.6821080681836683
0.3360675036631642
-0.7235792866346883
-0.20956433506476596
-0.48382725731344794
0.16229665459479925
-0.6548765872843391
-1.1838286915507152
-0.1255238482487439
0.8198897186350244
0.7860483526069766
-1.3088265944095212
-1.3901411713386733
-0.41636880794380093
0.15817768182184408
-0.8666236383418636
-0.04343044705807504
0.9848842211043007
-0.19009459722306632
0.186516283032378
0.0865276052358342
-0.4134303328469549
0.5053841196906589
-0.7181942060825546
-1.0003354642335727
-0.1807670922973382
0.4873317301509619
-1.0165372380920663
0.3206255544138999
-0.2629355437202615
-0.14782133595482191
-0.7001672039914099
-1.2622117273451872
1.0501688186925857
0.2778080362221139
-0.8043225930628783
-1.420506361207498
0.06903139580788248
-0.47109241649878114
-1.1908171781112502
-0.34195781923331575
-1.3230465052462248
-1.4185440216783325
-0.9985174562714636
0.621890391266719
-0.09148164419258924
-0.957761043472791
-1.4397153032871808
-1.504122753912227
-2.075456444152494
-1.5594203264113657
-0.8958113227163852
-0.8390215156042949
-1.1711676707327683
-0.7191256931149137
-1.8082111687579017
-1.5080479804942268
0.14152724606608544
-1.471314673507574
-0.09228788222946677
-0.5791044718110618
-0.8028009403579719
2.0067328170739542
-0.6620540889766331
-0.8814485329072879
-0.7867419000481918
-0.5368785282807008
-1.1871018931388375
-0.7820211225357722
0.6326857748756928
-1.067830693964192
-1.8436905127976366
-0.4277401148846665
-0.07491107244371865
-0.21622150625331407
0.19436742009195138
-2.3197988892450767
-0.712608789857114
-1.3031398096063525
-0.8198575535270949
-0.3605192046409742
0.10571293398478375
1.9325711205985527
-1.072928013028944
-0.9837908187799957
-1.9858379532898012
-2.1440527077341844
-0.14252568371513313
-0.33485082847694964
-1.5517176933091958
-1.6175662864611522
-1.0510994267419873
-2.8235397235404123
-1.6524460602646731
-0.706891573753161
0.009270545771470332
-1.2857438960194258
-0.42669179605570945
0.42607139851384396
-0.1634183764945494
-0.4823103195676056
-0.653245209464533
-0.7010059784909728
-1.3844000392045062
-1.7127004106673107
-0.8487129069292227
-1.7112525656204631
-1.7397175256203772
-2.136019470322689
-0.48200867480876036
-2.0687490507499176
-1.0941879746067975
-2.4128620191688337
-2.0623560275884585
0.20782810881675814
-0.8115056868481163
-1.8840985008985045
-0.06000215466518919
-0.3075750468220607
-1.1310737720114117
-1.7669359426076765
-1.4938954051179034
-0.8631098899702745
-0.7093498289545024
-1.3857865382779595
-1.6506134307852844
-1.2289892164052831
-0.9429418634043892
-1.3639335713223404
-1.515922380215339
-1.151383412563471
-1.130658111657607
-0.25511877580123044
-2.9267822245676762
-0.9111401245784032
-0.6959981669023264
-1.472281568959188
-1.997273300834904
-1.199332558885124
0.4259051280223471
-1.012065306808215
-0.6432916416849523
-1.98650773816548
-2.951954774805258
-0.4998993141703385
-1.2289717253257813
-0.20285091295136326
-1.097759517424767
-1.6153483078473705
-0.5906513205042158
-1.2057322906331842
-1.682336698171505
-1.0515736623522445
0.10714895934617086
-0.5035554512350366
-0.12889015132535822
-1.586852792592074
-2.6870255566174484
-1.809657835564357
-0.3299812690479816
-1.3764354962761542
-1.2535453892016633
-2.658856924867313
0.1709001447878216
-2.584596507176801
-0.5621016464111058
-1.2922775533753326
-1.0485174952059262
-0.24525583641482526
-1.2924474473084298
-0.4560625226380205
-1.406235280110246
-2.3736404130606994
-0.29033287342726916
0.5689574437990402
-1.8775258546496978
-1.2105269168113515
0.014985194759431053
-0.4691370762438589
0.2361417609885336
-0.40666404822910746
-1.475212469496361
-1.4981716978669108
0.48038267020926534
-0.9940464619271211
-1.2540424542896806
2.270182772713335
-0.9626357899223462
-0.31575776281678847
-1.1584544580514875
-0.32641655529363495
1.2163764330705986
0.48211128082708216
0.16073596925096859
-0.6342434117774205
1.1792278643893601
-1.0116809148648807
0.29215321507029096
1.041167206488647
-1.1784971702699205
0.46097293402960327
0.17052152713668015
-0.28081816566251167
-1.7623198098851693
0.2305637619374634
1.4387655530863515
1.6408135161117932
-0.2855822700448757
0.4637737795131397
-1.3514169730268757
-0.006327416272651063
-0.001569127924816601
-1.731907037248978
-0.4363192276963015
-0.595896712969029
0.5953681116384442
0.594518500658931
-0.45479360769057614
-0.8443784683145749
-1.9476536394088904
0.03954490809096711
-1.3105663438110768
1.2008262837079164
-0.9916945056495162
-0.3708176818363011
0.7832377051937344
0.9815129719788211
-1.16694553583408
-1.5506928544021301
0.02400879382181688
-1.3918916260141612
0.1760247162073595
-1.8932977871332808
0.6482297505275499
1.556432368028686
0.12326205540561172
-0.4544948126266304
-0.5162584971264309
-0.7961904313819108
0.08022984950828638
0.47031366045262685
0.22966502492120966
0.23677900246838035
0.363539293355353
0.3225415195673314
1.1493508779868011
-1.217910890727837
1.8160596164572318
-0.23004172658084587
-0.06649460453630375
-0.09844269974912882
0.7946638240438292
0.9723021430140526
-0.14610292955443627
1.050883616356436
-0.1659855253206019
1.6229897079097564
-0.3773766993159051
0.8339586737406772
0.3710525960802514
-0.21595736262856302
0.04145317298554148
1.1125532705988792
0.3832139754358977
-0.92738078918798
0.44487428296859877
-1.1489944667272585
-0.025456656700467067
-0.12009933390181038
0.08383089517226959
1.3366503176574926
0.0011760880700698918
-0.3214192702635547
-0.663744723413795
-0.6740778016923479
0.22157914079902719
-0.029133889840257384
-0.3127364623291179
0.5463794132429975
-0.15711945973646343
0.29880687164773945
0.2604609290627787
-0.8744066482715032
0.627514173533427
-0.5035888188928227
-0.0014379798439384697
0.0274498851839293
0.6744128223636479
0.3196358538862332
-0.6852413552486591
-1.4886511893141976
-0.2977390111963911
-0.0261217883529163
-0.06579575247961927
-0.455210078276946
-0.7945104462699856
-1.4128259500882427
-1.2121318877759948
-0.22171675128311322
1.1503780661308234
-1.3771383384663138
-1.003769586055359
-1.004222002697809
-0.4379699977121837
-0.8732496053343103
-1.0892847366443215
-0.1255129870920727
0.30609741636851906
0.3039405346756231
-1.710411928508025
-0.17855858964436286
0.2932773519111365
-0.10747603707783888
0.03039053783675502
-0.1582967569281862
0.38700119008591205
-1.3209211142211559
-0.3422133382541261
-0.2979330368075907
-0.3725794058129029
-0.1617918939565628
-2.355886403474313
-0.27784282651267594
-0.5665666292580749
0.3481191444650815
-1.1153641154606393
-0.29845306667022836
-0.64655814890559
0.8335463633241617
0.205283804130242
-1.7692419123209544
0.9527690894064171
0.2683840004246285
-0.16913108586594447
-0.2111181322635997
0.5400693087237259
0.7215659434653695
-1.4795938257163597
-2.4272223027646307
-2.482135883112688
-0.12416589216849697
-0.6130051605204664
0.43529392701557906
0.4655357885122563
-0.8552880880900464
-2.084261426334319
-2.4035489504455207
-0.39492835372710233
0.7992201310701066
0.6973939243557803
0.14858092706142842
-0.8568412164508297
-0.49065178356432915
0.4478222006437072
-1.3532805538896218
-0.07526024361706615
0.23330830670024108
-1.0631233163369553
-1.749228328131563
-0.6503913636354183
-1.579155604240713
-1.2014204255974084
0.36581102202897264
-0.6841268998073049
-0.7071247897575033
-1.2663746146177186
-0.1685850698159195
0.5797176384943682
-0.769754094292335
-0.8367629481393806
-1.2289801648315644
1.0096302537314001
-2.0201720928493514
-1.7156373337825943
-1.4108980941221272
-1.8119766655815817
-1.1212345951585885
0.4216996884271629
0.22700955743450085
-1.9520826310698973
-0.4842267643399991
-1.6046013641382995
-1.1715482116780531
-1.5354976464551937
-1.191703414150809
-0.5027620105515298
-1.6133021611486051
-0.24993316190941753
-2.065667924207981
-0.4304966909724255
-1.7715473253156553
-1.360314781877902
-1.7187110701888142
-0.2056663993043109
-1.6309504014298748
-1.4242417116685366
0.10969100842665055
-1.2348922531602964
-0.369277214220877
-1.4745211586268536
-0.3709570914762831
-2.635941856595957
-0.9349582587869821
-1.267963761389598
-1.1315479897632992
-0.09343561127646273
-1.5498236340116984
0.14882685656221317
-2.6839842437422132
-0.31011214794445
-1.2196809637234163
-1.4615749082780745
-0.6696766336593558
-2.292229871617597
-0.6113386216824843
-1.247308272972882
-1.5129387246298907
-1.6859183864016143
-2.32085150704598
-1.1397663733502432
-1.7506179921757468
-1.2211385530937373
-0.5915642790291389
-1.2820872739841702
-2.28780105044256
-2.322878255150921
-2.277172337638045
-1.7570926447835564
-1.5223482789554885
-1.099296660514112
-1.693439040256109
-2.3148664149634715
-0.8856585768651657
-1.192846749260641
-0.7297650684297365
-0.23372491696862438
0.13465789351146365
-1.05973557608729
-1.984401775489787
-0.15199650722433117
-2.3844428103479953
-0.34374451299167286
-1.105830737813585
-0.5941085546385743
-0.5838242321356074
-0.8685784057037941
-2.48278449680916
-1.4251487207056177
-0.7257020572779372
-0.7938813237401119
0.7089101424374484
-2.7655295759728578
-1.4347681152887066
-0.41073535988962534
0.5946739910042402
-2.5354348379319607
-1.95146261669319
-1.0773785559486313
-0.6170734035277537
-0.4945331972856624
-1.9418132396437
-0.2441666836500896
-2.0577365280784514
-0.48214651147788246
-1.1460984355764452
-1.4675898826374068
-0.2612010937812815
-1.2855575612840962
0.3755092534081397
-1.0488052529074678
0.04585512446857884
-2.033603674568573
-0.168565377066426
0.288859081778342
-0.5466212885122252
0.17350817089183826
-2.26076140838574
-1.129214789083895
-0.9344809734198957
-0.2841135845703034
-1.2424800867153916
-0.08989838395995775
-0.37256023351308587
0.23062890689922397
-1.3638024351392308
-1.0133108727797147
0.7978973634538098
-0.9935280292210372
-0.4535236214623078
0.9567867458054106
-2.1936320921893944
-0.3639333101184273
-1.4331793230278138
-0.010128936269685166
-1.7465821386404183
-0.4831967381677812
-1.8822143224570544
-0.28502650505069815
-2.186486729805465
-0.6553600163527399
-1.6141982637815813
-0.8222208606925328
-0.0903017004646672
0.5365878093579712
0.4866031672246784
-0.40878617549288115
-0.7715437135176791
-1.6680600083558155
-0.11183313125910235
-0.15412845861962704
-1.4483457168937164
-0.6230344298761442
-0.9099313520278836
-0.731735927021686
-3.308400903534602
-0.8878893935530898
-1.0352562585681744
-1.526373987563991
-0.35082856626595144
-1.888310722599717
-1.7700983200492981
-1.3338970637980336
0.5201214384855488
-1.4522717338850897
-0.9904196206556821
-1.3741815319500472
-0.4799902470267725
-1.2905939131916457
0.12292832592915068
-1.7808473391291488
0.1017163221442885
0.549420966595049
-1.3467324034858046
0.23258914962186206
0.1359934451609442
-0.8426534636189201
-0.934927786125109
-1.2166042369298176
-0.19346286898237255
0.6706527314136871
0.013263684824209145
-0.7661274093741465
-0.017989612391916793
0.21368750846573573
-0.3629661625611546
-0.3911178297870348
-0.7906449383800492
0.35732795367365416
-1.8923400984891745
-0.8748694254154326
-1.1258014380162995
-0.553001284333684
-1.658656569480061
-0.3677329122294013
0.8686794405589232
-0.9953861338953295
0.2999819366165696
0.6433043427153385
-1.0636479971517727
-0.38907196414048384
-0.3930929389344316
0.13993143979854866
-0.2308610824845817
-1.7572747843603482
-1.0210570934407377
-0.7086038745650698
-0.1322997894695033
-1.0939298178312826
-1.4755312410383323
-0.26818522501360503
-0.2117162795147463
-1.2300463069687544
0.1905445347651114
-0.8339860346176926
0.9376678603792191
-0.6350865856985783
-1.2900575440571536
-2.11899370500809
1.3231472290278026
-0.8096504316989623
-0.8583182459880382
-0.004510527070333529
-1.6648603857344266
-0.10508830264743646
-0.14097595699118454
-1.3510515445812403
-0.23861885456411522
0.5958379579642329
-0.34106561101320404
1.113617690498277
-0.5064295911674069
-0.27956129487975967
-0.7144820469893036
-0.5758254775404386
1.02966525282963
0.646790989219013
-0.97004550710806
-0.4330863918249572
-0.053441742633768954
0.07508569643676088
-0.042276594908465664
0.3947858297173147
-1.0851898760581085
-0.50099857282303
0.5615091909568806
-0.6922882610479244
0.9186752410941551
-1.1876009618237864
0.44489799022055465
-1.3212276724740104
0.7094114282861658
-0.057565400541564275
0.7404009318247511
0.6144089504759436
-0.47543825236448845
0.08214459416190749
-0.41464719134463546
0.5946853320429697
0.27923006137112755
0.2686428209685518
-0.5074566545535727
-0.5712881060967067
0.24255544104576876
0.5980351117973255
-1.391073174597062
-1.8499206373259414
0.6580533890851314
0.9211376028452557
0.7676115388710094
-0.2822070988145065
-0.5755783143037723
-1.0649049964295394
0.6909725495885815
0.7815837126101091
-0.7958872646168756
0.814008854911836
0.34916356205860305
-0.2549589392741939
0.4434016613089384
-0.6828633749934206
0.5557583904458612
-0.14480651713231704
-0.5468240660562218
-1.6752041941133624
0.31993736005258466
-0.6303508163253663
1.1001873363526815
-0.29406814708795814
0.18121258614585806
-0.13799380920777027
-0.6093884848771107
-0.13206465585681057
-0.943241011968934
-0.2737595927489196
-1.1619908953133131
1.1224702120325811
-0.47433654188459334
-0.3508186103389674
-0.21280034028638897
-0.994946693717778
-1.9758221577648485
-1.1694532758559544
-0.1372871225773684
-1.0496309989284558
-0.21361644890927386
-0.7712530786116433
-0.7383362017359715
-0.9163723004341919
-1.7903112695966632
-0.10491259532556428
1.0247398571733555
0.2058913304842598
-0.26855181841823067
-1.2109170561475502
-0.2486421881133016
0.17614262414973372
-1.604739656779611
-1.8817254113673518
-0.13409954898442514
-1.4993112516557143
0.22871456529284953
-0.33482619971964317
0.37704326284703193
-1.8041163188576812
-0.16668130162879707
-1.795696554117595
-0.28135433250807146
-0.10101745370492238
-0.08114928817844902
-0.06321898597279703
-1.8622176894284392
-0.2853377593078655
-1.217474075341032
-0.9869694012290744
-1.7040888450721272
-2.526026390888227
-0.8444552906769632
-1.591917899777985
-1.3312465530600932
-1.9928128649277932
-0.06831215762224539
-0.9744426245851632
-0.7542093167689512
-1.8299617195963391
-0.8034485934868225
-1.0278221241102676
-1.2381808861053125
-1.4060868252661862
-1.5492066067412111
-1.2634514044292147
-1.19186486797888
-2.076682703957197
-1.342068009234075
-2.215975941055373
-1.9448130276406805
-1.7340168527113442
-0.8821372423395345
-3.0991164997370246
-1.8447274363033161
-0.9236777721362189
-1.4308641539451443
-1.7871277162995247
-2.4992695463824197
0.9068225551207405
-1.4002629593059446
-0.6275911340914575
-1.1982077462810448
-0.7184409364818418
-1.9952913983271543
-1.7085424539743577
-2.4279239280384823
-1.6701064244669916
-1.6697549751493674
-1.1047224935890771
-0.09424578902183621
-1.4857368863612306
-1.3053096678616065
-1.7016414861144276
-1.2827426298035705
-0.7015751725894913
-1.5274856081954202
-0.773916975939781
0.11864241017527234
0.9604023028806344
-2.7644667052766714
-2.0804453205452713
-0.6416901074260166
-0.4254307577678319
-1.1949989675535202
-0.6706954236183786
-0.9196633840778444
-1.9087285783278796
1.0440631854320843
-0.691139352618416
0.9292872489730467
-1.9324066281249554
-0.4026059904987265
-1.1791628689151188
-2.5592606252995775
-1.2568713217499998
-0.9698672661329676
1.2367231394572658
-1.6205353417602855
-1.5696472288334589
-0.5593596637702438
-1.06698459094349
-1.8766013762887268
-1.771409073071471
-1.0932511849175495
-1.9484605389534924
-1.273128345233628
-2.834235341645831
-0.26207754729983285
-1.1405022320592662
-0.8631648319156192
-0.1437618850271094
-1.5754264260983273
-1.2032491548448943
-1.609455674260763
-0.9226581637838857
-0.5707172969923657
-1.436784209985478
-1.3120166288091497
-0.6284146441632341
1.0333912515172707
-2.3383079904423694
-2.066732388325019
-1.4194374614344285
0.34747815903374785
-0.2615233164822042
-0.8411373780248681
0.27331010790469734
-1.2738262078051577
-2.2850121620932518
-0.7483524708870741
0.32052492322253817
-1.8800559166432556
0.3114654312273956
0.9338855268458359
0.0027325282207749362
-1.1914291379341275
-0.9347100907970062
-0.5899506979958733
-0.5752744041376456
0.13712496374954536
-1.3399231533543916
0.5517509751840503
-0.4432128646901979
-0.3818531030954326
-0.12140783680177866
-0.8306312337652328
1.060829453297013
-1.5264198657374732
-0.9132980815832702
-0.0015879311822821522
0.47461607527648797
-1.5511912797532708
-0.8144082090652279
-0.9981947773564931
-0.8159357170556482
-0.03353106730823243
-2.7310179026765913
0.3573223966364724
-1.0064849914955196
-0.12243360665930371
-0.3113180853377022
-0.6014483832793682
0.7324899165637669
0.3270476959286596
-0.47803538854858035
-0.7825116294305755
-0.6626207552790117
-0.8051483376105654
1.8797029156165215
-1.1133743270873508
0.14501515019299324
0.5155541753866622
-0.4280291104848401
0.2924191069690418
-0.8694207282671863
-0.1758422190811414
-0.9952180308458963
0.40720736444100963
0.09144910121541047
-0.46645678288325937
-0.4396474746139876
-1.251318326162234
-0.5253778670866124
-0.8718762021557758
0.8130667696025051
0.030871969005745396
0.11198025900224541
-0.31070646047061884
-0.9709204664729636
-2.0721122531845313
0.1518996088566043
1.8934434817253807
-1.5891695930831993
0.7581426091657224
-0.03045099175638015
0.2972466730537253
-0.18068124561091675
0.4886080804272105
0.16993946267034882
2.143372108844001
0.4593679431350911
-0.20929454895014316
1.0964844504032314
-0.7522922324898099
-0.39767725369641377
-2.353130594516918
-0.01446411462060642
0.16676174734707727
-1.235311512850127
0.36409850675189614
0.3349184475521875
0.6180076699686453
-0.22947581562950764
0.8946822414782415
0.09598597109010179
0.6390694621250894
1.0207926998564403
0.9921496544330869
-0.11985431620429043
-0.09765346054846723
-0.2899204067373312
0.06656959568504996
1.0157146878086607
-0.7540386496141246
-0.8361318145233133
-1.7425742681464187
-0.10164543548199488
0.5407262048787501
0.04942996340484247
0.7174609177319461
0.07085490980708266
-0.2120481290639142
0.9080397214645363
-0.8601302412910019
-0.140468523448858
-1.1821175113399893
0.24936369102902783
0.782714665321282
1.605155950241846
0.4011473214853644
-0.6530277796431098
-0.7925257594541654
-1.4063839907464801
0.5096988869883067
-0.13559487469457895
0.06852881141103874
0.5489227317887628
-0.044856579073404325
-1.0089098214909427
0.4979493556060927
-1.0149232399447927
-0.02097508556930905
0.14373740378623706
-0.7494400562915324
-0.4227740136475352
-0.2639445906671988
-0.26700174482308336
-1.2785292721271975
1.3283231848674233
-0.41001691292360204
-0.6966042596419649
-0.449602427165721
-0.5591657413917778
0.16525496486037816
-0.12225448562708748
0.06513994033523854
-0.4388628569689912
1.5444933559914913
0.5110588017369049
-0.13282450039512805
-1.0866505229490846
-0.3676926269060062
0.6807521352280567
-0.4718683249829589
-0.3527667308748106
0.04705302892482598
-0.06773971283569247
-0.19097170676194125
-0.28682898598061984
-0.5479656064086271
-0.9652958670066621
-0.19614654010528995
-0.6482595880234847
0.43583069650380746
-1.3387212024564485
0.040070742579352316
1.3536518358835699
0.2958853218253417
-0.5960974984507358
-1.0054724906058272
-0.05039473845174557
-0.4814517911936721
-0.01399365824534414
0.3122866048667972
-0.46309926359913656
-1.0908941846095694
-1.676687968489083
-0.17437762483743469
-0.35515471270237636
0.6100536752172784
-0.47171407799444937
0.6102634138681103
-0.02854170804910894
1.958920630220381
0.37033102459210454
-0.4252719170006498
-1.7681153708197397
-0.6565612231981508
0.33650014783604154
-1.4654446132139791
0.06301134491321277
0.2730261228342867
0.3180046100752906
-0.711504734681281
-0.8908827356536911
-0.37352141692155094
-0.9843537343463625
-0.33817777988225833
-2.0359120960376766
-0.018707944121346368
-0.11094283352423329
0.09147941642690842
-1.4511438783402213
0.0180226367668536
0.3475975533301751
-0.5539714991384876
0.42049880721946287
-1.931745315379918
-0.5750399351728371
-1.4438421438263827
-1.775564222737205
-2.632670292272688
-0.9322792292667329
-1.8760907839232985
-0.6396433774540049
0.1765433772318125
-2.304910071301877
-0.011080789315874836
-3.18221441808661
-0.3688158998359674
-1.4281577624770367
-1.3419165502041006
-2.0579870042136834
-1.736715570249725
-0.7095648753693301
-1.2850299675817267
-1.0512726954240605
-1.9749394657099875
-1.1582913894049565
-0.8086994986969382
-0.9963601441286251
-0.5580331641142534
-0.7413998524865398
-0.09290766765501046
-0.423337903337324
-0.3023153838563683
-1.9137475545428844
0.15953980690750974
-0.9125215755495443
-1.3965162395752455
-0.33575186152691633
-0.8098206691676312
-0.1835167068605564
-2.178577181356864
0.15001763528511608
0.3795091268298762
-1.1035784299863463
-1.3101220114548735
-0.165354267094677
0.16654073075400933
-0.7315993153879582
-1.1891560674235189
-2.3643597037908637
0.19990282970103354
-0.8565800886483862
-0.4657828585039198
-1.8145810387857746
-1.9915800420755043
-1.0104248086945438
-0.4781588123834193
-0.2860141274146226
0.30071829289852775
-0.7314987823597197
-0.3657439082387966
0.6867464047128958
-2.5666113816859055
-0.2706542800576493
-0.40039717903642835
-0.6621472578729716
-0.7405746194529372
-1.164563317977836
-1.2414935081747425
-0.1596047254963982
0.9541772384688788
-1.3719031596396594
-1.5967872653788233
1.4140286816404823
-0.8511774254494133
0.6439016580749939
-0.24613434602320008
-0.6457049049318496
-0.3625528750054928
-0.5563810181323197
-0.5882539201839687
-1.5035592087907452
-0.9460002523632608
-2.7141115314809476
0.498965390389067
-0.22985438482553142
-1.3864355189211224
-0.8719710000756645
-0.5805638117171814
-0.9104499180098637
-1.3846343292636571
0.536765652323838
-1.4742553991446539
-1.3446843918841385
-0.7099424349695155
-0.28023480090286573
-0.9454309868466907
-0.4581150784478068
-0.7640874868112995
-1.8519615265270029
-1.6447604637480313
-2.9518399533238435
0.2926499121855275
-1.1921354484387172
-1.898879242161102
-0.6674249395232352
-0.7126498783892264
-1.6443808441883068
-2.1721123503343076
0.014360519429729433
-0.5104557910359463
0.22734180206273455
-0.08759045962775741
-0.7934021876829934
-0.4343576899622685
-0.8487766634202377
-1.1061879692787742
-0.18786694642560917
-0.30819694721196306
-1.7031719557042713
-0.7290981577312657
-0.31721096436137697
-0.6376244844945969
-0.8356809349890276
0.3224338382216779
0.07553015684468159
-0.18325670558674473
-0.32055737002501133
-0.6749633218178537
1.0373558193555479
-0.16035758248104925
0.5264466191066527
-1.0762136983869257
-0.3522140098004361
0.03728712936116229
0.2204384357592033
-0.5909947432714755
-0.8530602184239329
0.3737024228083422
0.1761564512373975
-0.8092392585383464
0.0015458916990751645
-1.364323428233958
-1.3556902246073825
0.42830612281399705
-0.4985697833135452
0.27600208370716556
-1.298936077592425
-1.0174001360864036
0.3796644653431264
-1.2078513267514308
-1.1477600260682144
-0.6607387075403445
-1.1571199002975243
-1.2258061655983368
0.26088612376644776
-0.5063762033164775
-1.2053894721517673
-0.6888187959108809
-0.2607924042550598
-1.5653893681414146
-1.108186781725443
0.05186007854484742
-0.4573175429759807
-1.0612877600043489
-1.7201287410254802
-2.630217137083348
-0.9236350431945844
-1.0248375618353287
-1.0858321922037617
-0.19426891936155097
-0.928496345287561
-0.284569024320486
-0.2593012107855694
-0.12901598391225905
-0.8135927727497422
-1.270018764111417
0.16615280848348635
-0.08768345875792066
0.4130932752113456
0.5013659242708147
-0.5720945893490725
0.13455738965965117
-0.5521630854988396
-1.1443383795740718
0.84460630526967
-0.6528829413419169
-0.7677788630657494
-0.41284400803482973
0.39033010034192195
-0.859829535962094
1.344573312908901
0.22215646649636583
-0.8408725392528096
-0.9022489001769518
1.0255374991882207
0.5233305923989775
-1.002469217466364
0.39009354026475024
-0.17851973633417828
0.5218244404403287
0.5201512043000918
-2.0237890252407538
-0.4998983251178611
-0.6262230422714957
0.15847243162046737
0.36493316944253856
0.49868281372072687
0.6382707696198732
-0.6465773872649663
0.5582491682473368
-2.140639733019197
0.4704374285508751
0.1139341857622273
-0.38940873715682234
-0.5089912931635899
0.42023202563205875
0.5887926617898184
-0.5214523939493364
-0.11641327311185493
0.04132868010313047
-1.414154964237076
-1.2050074940534365
-0.23554771509000755
-1.1268019529617885
-1.0085172449716215
-1.046578447691461
-0.6459380844657991
-0.2692720529602063
-1.5449238685976652
-0.8092906425552863
-0.08363744252826377
0.5019099562740253
-0.6212658640953825
0.06275210490461403
-1.0602446868707434
-0.11509318019872429
-1.277879929711787
-1.161670629011333
0.21440356580780304
-0.3586730307953114
0.5628067852160333
-1.529305063639679
1.0772749202315355
-1.12863844819467
0.25159662580188363
1.1002299956009296
-0.7823627051892081
-0.8014149590326642
-0.5814048602947547
0.2253344794556533
-0.9311032283933769
-2.274040099149001
-0.06956724820577921
-0.13650106561461844
-0.8147088447759143
-0.5058620936389996
-0.02697995403179259
-1.592776229237005
-0.32962654888937176
-1.3146728489706765
-0.3766700938020229
0.05019770175838998
-0.8929958672019103
-0.44247553418689184
-2.306258556108926
-0.41505362536119256
0.11864298702848412
1.2831462483293605
-1.6753828297992917
-0.3773644636098555
0.8403855018625259
-0.9139962307747237
-1.3179094279412573
-1.54221051210306
-0.911406646290406
-1.588201301474414
-0.28243319033428704
-1.1876336182895677
0.060516768796792964
-1.276770404082518
-1.2645392570824556
-1.7932245695425642
-2.1072929589402025
-0.17071438176899187
-2.0804113153228085
-0.9991607132386586
-0.14044866698133832
-0.145707340925734
-0.8848249967519942
-1.0965361193212229
-0.8942443883005097
-1.0780498852875524
-1.3787695444885646
-0.9374186140194369
-0.3255963780997841
0.9059599244727585
-0.5908737731889551
-0.5819332656748918
0.42505833098232565
-1.4637874445861574
-0.41931290718062064
1.7663014383125202
0.2098099413755571
1.8092921433768512
0.20638328152666588
0.287822968576172
0.5691620375197453
-0.9709381877061249
0.7316929489866355
0.6107777002245931
1.5936042925849594
0.024272825050328413
0.509571645644072
0.3860047281143753
0.18427916138268516
-0.10892244688989054
-0.2837518125638476
-0.3863326092603726
-0.5680356490895948
0.7624501941685846
-1.0717661883857628
-0.9987266530657742
-1.7210602889278
1.1438725555762281
-1.0257958008074772
0.8316841466607682
-0.5364475691425835
-0.09269774045470994
-1.6347846004799333
-2.103507001262132
-0.37720906172124213
-0.21945578585544048
-0.825348016719054
-1.1656871946478402
-0.675591466539697
-1.6783279320308462
-0.15717475861759603
-0.15595855457639995
-0.38863388174690344
-0.6573997463175841
-1.928236441926012
-0.5009901869406189
-1.9145891084713338
-0.8998914917651567
-1.2932749166054358
-0.6776890222039439
0.5038768534016721
-2.8231126537296034
0.2231776690475051
-1.5946829874246657
-0.8479934624855312
-2.782436963237564
-1.3492355059536207
-1.4670503092140987
-0.639140043999321
-1.0384168765850452
-0.6439789860970291
0.1547170106217871
-0.9416548828274041
0.17705694267549946
-2.8368645834965767
-2.2581228593073814
-1.1107728218799116
-1.6180697478972754
0.08860633926278892
-1.728719350297505
0.3510657976414826
-1.5023620406218858
-1.2345981133851949
-1.5977515190513698
-0.4586817809201707
-1.5999246724775649
-3.14937133955856
0.3201740957358249
0.190900207121082
-0.1981642750836604
-0.9170794492040116
-0.21109387863223142
-0.08125808400349607
-0.6811521893457868
-0.9487124139546419
-0.7832122258890917
-0.2728626609899288
-0.19722324829640941
-0.28721531252513294
-1.4976725377189972
0.06823660681632483
-2.142172838492182
-1.206073223160307
-0.7900876975013436
-1.5015536126222484
-0.921453570524272
-0.8925632828967294
-0.11631880677696457
-1.281264018976042
-0.37129715790531775
-1.7201688754325026
-1.8971322972404596
-1.8605629753654676
-1.2259684979289749
-0.31345624855321264
-1.464454182348295
0.5052557994238348
-1.4911041199969055
-0.8374710901543712
-2.607216449900117
-1.355646158871163
-0.22071281374887153
-1.6917614454069507
0.7669556103917347
-0.22291112970659596
0.24145774114489435
-0.624104928363496
-0.7293307566765617
-2.5106666409610194
-0.2616593710880173
-0.6259505703500237
-1.1997731178789728
-0.85669588633388
-1.0815198680897946
0.5514747662239758
-1.6180394801654019
0.9889333627089528
-0.11262579582186721
-1.3167528048148514
-0.6142006614541465
-1.834940260380844
-0.4169035750830013
-1.373003649007477
0.1532186019549818
-2.5970492321460834
-0.24708015930504437
-0.8041991510882447
-1.195165702129547
-2.07440477504835
-0.3634541108887591
0.5413015147551814
-0.6962781391633888
-0.0890536390966145
-2.153476122128522
-0.7787106156845504
-1.7764721838178372
-0.805693153774195
-0.39092970164290297
-1.2620868164822157
0.19647258828417868
-0.8387493505432465
1.1359708161316682
-0.9040680163742544
-0.9955984723820905
-0.6675884833304683
-1.5055877272279665
-0.6940606372275547
-1.1428093300840048
-0.8087409763764889
-1.1597957286577742
0.5562169221980533
-1.84815089873012
-1.335930464742957
-0.7676086576669041
-1.6613631249457637
0.3101481421594382
-0.47833049910975683
-0.6065732912836942
-0.6515401820001536
0.38525896827327916
-1.7943523016309342
-0.49362661444335665
-1.0889534202106341
-1.9567766258590364
-0.7663126380353188
-0.5319541223900867
0.8189672916949653
-2.4374030661135806
-1.1267530564218742
-1.0956412719374728
0.6651046348942719
-2.0431294750391356
-0.40952292150050795
1.5190327202407354
0.3947656144939128
-0.6871372846717003
-1.1312909100072148
0.25749840136288593
0.1416862470239866
-0.07636043823235905
-1.4522367466291923
-0.4241751268419687
1.811123610532756
-1.299606089849537
-0.4792381061266391
-0.7726087327306503
-0.004183428176041089
-1.4470406214628464
-1.2983360747001675
-0.9962395065813543
0.7133560903121589
0.14890454767635755
-0.33212113940530125
0.7260939928206849
-0.6249348327264159
-1.4269229535717864
-0.9579680441640979
-0.3680849950249852
-1.0717598761825617
-0.47355595747753737
-0.874394267002067
0.804047583601894
0.14573461348209096
-1.8504245570388393
0.5184320193371261
0.32496781242860134
0.4771596860017132
0.6907730071405851
-2.2861547862576836
-0.5686397260521907
1.0194938562075175
0.5192808896504123
0.7281019088283506
-0.10529620981745967
-1.0520003595072427
0.6195129832538693
-0.9611110758673442
0.24424414588427099
0.633317542985161
0.5193858827134998
1.2050198357107613
-0.8615795394909169
0.43983170217060397
-0.538745008839115
-0.21340405217608935
-0.1074370856302968
0.7402499767772156
1.299092399125722
0.2320466665342086
0.8702784382566183
-0.747638950934192
0.45938273871348534
-0.9816142723780512
-1.6692897868899175
-1.4509918677226081
-0.781644898555948
-0.6692853349623449
-1.1565803171930145
0.49989299083063665
-0.9083021483166003
-0.466040356465263
-0.4768784145866912
-0.13418948709783768
0.1878602463991896
-1.2722736813788016
0.11826600288870978
0.3091913465472297
0.8660159765369654
-0.08425012161289831
0.4623143232917943
-0.6919515595727678
0.558174930745621
-2.5033505952347115
0.33526286275821116
0.23411177624614415
-0.7330741636452761
1.573635899334338
-0.9558694719537483
-0.13747215389756415
-0.04317068102569374
-0.5661640412701684
-0.35678478170660965
-0.08746852977544545
-0.900026012823881
-0.29140555488308706
0.7127687701968168
-1.3775514314617798
-0.1657029003440141
-2.2813891717309143
0.5909883826727617
-0.6952443394191679
-2.0860622517044525
-0.035761691944888443
-0.1956795067958291
-0.634180554499302
-1.5385570236677557
0.7751409069078437
-0.1446799330036617
-1.6611895107473706
-0.33791913335467594
-0.5314513754473604
0.06974805196877472
0.34561475058579233
0.590561633613109
-1.5278060545977397
0.15624587741364346
-0.28756072035606195
-1.6972698820074372
0.07847662060471922
-1.0706386061470996
-0.7424395457421943
-1.0031168235256538
-1.0752327352677398
-1.4918609217765963
-1.1298546363484614
-1.4789982469353156
0.3490132281302789
-0.05145463894894086
-0.7170130277536277
-1.7098412652989305
-0.5283796259225035
0.107643470238033
-1.1466570767723472
-0.3224370722780704
-1.0434779069163749
-1.0704002892892326
-1.046305464966021
-2.4597513997262346
-1.260763125379522
-0.934410057641188
-1.3447638007142528
-1.2706965695550747
-1.887162307725811
-1.9961359212990644
-1.6495296844892346
-2.369002940071108
-1.5685429154660984
-1.9510521046239984
-1.2423694411166017
-1.0396179258052014
-0.5842465125731962
-0.6570554206772588
-0.3021085453072062
-1.4427356606388748
-0.7311270839157331
-1.8021394567611149
-1.7256171468179156
-0.6833560890534713
-0.4163230293472871
-0.9536492341746764
-2.5169720170397696
-1.1561644874338408
-1.222865903513985
-0.8486828831838218
-0.5010159350829021
-0.33995967036524877
-2.766533458660038
-0.14956471855621198
0.4929601086672663
-0.6023654539043048
-1.0097029494330416
-1.8753387141702569
-0.7517624878515432
-2.2508049053860244
-0.6028102036525772
-0.6693052026591404
-2.5178806167032572
-1.8040391238260989
-2.4921864107702594
-1.1089742283874318
-1.5630786589446621
-1.1399631779106336
-1.270684723581357
-2.6627855609846973
-1.2734137873019324
0.423748795886971
-2.029938399361343
-0.1290737850874463
-2.5505833777194207
-1.686075901377717
-0.3058725041605122
-2.4695147396789805
-1.9810027257960494
-0.11539786282510181
-0.23022519462405314
-2.4435565906452896
-1.004705069603612
-1.5862110868619796
-1.946203693788301
-1.4135000853188844
-0.6394821832293762
-0.7345809085065129
-1.121540066040832
-1.0767455600636244
-1.2359239883089306
-0.38771569483176943
-1.7826309960497442
-1.1297930206443834
0.5287955405093413
-1.7264010643552081
-1.3700129674742103
-1.2533745383174522
-0.6977537765273484
-1.7043544497971943
-2.0611527551451023
-1.340479418606271
-1.4695792508126757
-0.04534050655551174
0.18900984518290945
-0.5774657944294911
-0.5020133148168299
0.5003407499651926
-2.425415307179068
-1.112566320763321
-1.088419075350963
-1.480884515358263
0.0858706927470909
0.6865694601688763
-1.939891048972273
-1.1161515888692386
-0.05377853382893275
-2.042144521337497
0.8059549141967088
-0.7713030701645494
-1.9977930090028708
-0.016873101778780004
-0.7473573339477678
-0.47537443500547616
-2.324088894495947
1.2252552700951034
-0.11895241413521726
-1.1760453533748236
-1.1352618823061056
-0.1364302394775574
-1.21371954106175
-1.703738692298271
0.1351377349235718
-1.2850272571619006
0.34057967248822135
-0.7580555711446099
-0.3313431059885302
-0.953600998399202
-1.9325888369554063
0.5362315021956987
-1.3134493519705965
-0.7146088764643682
-1.0824677355866543
1.0142718792425034
-1.153083411825386
-0.9916446769455675
-0.5837283185416574
-0.28024571569558754
-1.3514754895807999
-0.8655246684283477
-0.2926775178301566
-1.9561548456685278
1.245525652887666
0.6355261919310391
-2.127048099866827
-1.9102875036245905
-0.9993223699577801
-0.31265704474584666
-1.05996265515527
0.4873526031767723
-0.038081131285399104
0.3943999269607498
-0.31398123712580656
-1.9901647707645251
-0.18998616501023627
-0.610110613530834
0.050797310254603475
-1.3468097619540729
1.6067406397102217
-0.8112937687239139
0.049161993915146515
-2.0941891939595036
-1.1315432396793381
-0.30182291217284035
-2.484547129663735
0.5261043430390777
0.8981402815864618
0.24014094293138738
-0.23967334515885344
0.23111867146355505
-0.4669156842873659
0.10439787369061561
-0.9902020632687085
0.30388035139619224
-0.5670773431301485
-2.173361128265649
-0.33364801900001617
-0.704130207675808
-0.4056538439973484
-0.4235700256059799
-0.8751824297093743
-0.3775639831731313
-0.5457488417115475
0.11518131562829428
-1.510537236518189
1.3813534833611043
1.1328501848925512
-0.7400493690885892
0.6427559946170021
-0.6151447249199752
0.00582710761689009
-0.9029833836525424
0.7725443830444793
-0.9381096906977004
0.4891694645138209
1.1309747883296632
-0.5299010952685947
-1.1536889493043465
-1.8128870940744377
0.07226026401924715
0.21297829357812106
0.6837642303723869
-0.0874860769600953
0.6480623062464702
0.1956804505217204
-0.23779648345175664
0.4937582584452021
0.815409143856052
-0.6308627909669513
-1.694308090770782
1.0005406093441997
-0.9101307613421181
0.08098251362095762
0.031281295215811224
-0.7183438174598401
0.01887110246607899
1.1746170867523262
0.5853182004451971
-0.36342230496220523
0.265619681979867
-1.737424344299099
-0.06340565824584982
-0.4394905750371472
0.19101511027431314
-0.1822520718941424
-1.134950328723566
-1.213509709925224
-0.34721146147145215
0.05201532875490012
-1.7301117930390932
-0.4690580416766879
0.8629781730401693
-1.0935066273884637
-2.312723587885959
-1.8418872850477999
0.656248152016598
-1.0042496750256602
-1.1488786252487506
-0.6869991113889734
-0.9966177544960312
-1.6207182631672987
-0.9605468384181279
0.2619265941182187
-1.3307710528275838
0.15322751447946317
-0.5188888227902763
-0.5550281790076009
-1.8177407760295996
-1.285929289317228
-0.771148376251009
-0.8580386224949692
-0.48686749905553245
-1.4314800008754407
1.213446501759387
-0.1319482963827955
-1.1057121387081394
-0.2932625881490618
0.7569836816493256
0.2911380549787292
0.08699132519718812
0.0956167736716655
-0.5625566493704075
-0.024481500002192087
-1.599506125726558
-0.12821135639260214
-0.39673538535624864
0.32482022367000607
-0.4608858448535448
-0.22636378206418775
-1.0180801442117
0.11261710238814153
1.6162731012503988
-0.47570626104648694
0.3216850100275108
-1.0716307070669329
-0.03479076466278221
-0.42543362890590297
-0.351380952103488
0.7306337394227671
0.42865862870465843
0.13996090029460398
-2.231092127794419
-1.0276144198464203
0.179145368217974
0.33634182360116577
-0.1854159064375315
-0.8512302788399059
-0.17503830176783408
-0.7297025560818117
0.23908868566914804
-1.3956030024602486
0.8113718940549953
-0.13808518828987762
0.43415537766232726
-1.1709569786915413
-0.9212608181119073
1.101891499737647
-1.648972919549943
-0.5337406275603591
-2.5551767149765436
0.578857693342095
-1.346442038859472
-1.929017166355002
0.34923920255877755
-0.08455940229169007
-0.42235261189260304
-1.057333531643712
-1.3011232952335294
-0.9719542320938084
-0.8105199947653362
-1.8090209212781947
-1.8241251838783377
-1.449186870952819
-0.5194947689143896
0.6622048758305852
-2.3956205390703063
-0.8219522379618133
-1.0935550543420096
-0.5654808834874856
-1.3368605707313992
0.5690143578366066
-0.46883027960930285
-2.1250561255887455
0.7563218117486986
-0.26140980890040405
0.44181270510126025
-2.7162554140196735
1.30841797456425
-1.1349904453036868
-1.158700107366564
-0.23370202104750545
0.06666278550716745
1.1855521152930162
-1.598582991228268
-0.8719697636691217
-2.325501611347485
-0.7218593905905107
-0.09188850786527503
-0.040652234628541166
0.04930027732204636
-0.5459746855619588
-1.1389205175645607
-1.2495829698931067
0.3577004988524198
-2.3947415915553245
0.2232815404503087
-1.0261274353725343
-1.3400671427184863
-0.4391624094500291
-0.568560607538867
-2.1302466154113526
-1.6346557323024518
-0.4798981929833102
-0.6749297038839283
-0.6312894058700418
-1.4751674065385834
-0.6439229239924054
-0.760284283811279
-0.37938534702832755
-0.6347304550315654
-2.029788169892608
0.21892839842538783
-1.7957587294635835
0.07045444195309906
-1.5428271292581843
-0.9595173712792536
0.8249519837134092
-2.4345733463634542
0.06973441715859736
-3.57068093598171
0.3639495184880675
-1.1028508743426828
-0.8137398009783675
-2.319958607364448
-1.1517668717908118
-0.7657577729919677
-1.3215753855159433
-0.3910240206558927
-1.4771400996350232
0.5642773912876573
-1.8913242919336735
1.3065958520425076
0.14295565935985757
-0.29208131997613446
-0.1192533606970982
-0.24235195409643887
0.03462011821431598
-2.019662097258972
1.008179065096255
-0.5614471770016015
1.6391414209456503
-1.025868842857583
-1.5769167798986528
1.2876360952147543
-0.8528476875867379
1.613428082857639
-0.6838534839853381
-0.018277869417066172
-1.5438222313839836
0.2815460992234416
-0.6854556163538552
-0.7346145078919181
-1.0800938051524946
-1.618494634473754
0.7857653565077766
-3.077414221394113
0.8746486927088709
-0.7323681836158418
-0.08342685226807534
-0.6623410607896998
0.039152280007877814
-0.8592373376034524
-2.4533253246720257
0.7298469068111659
-1.5329040947821737
0.5788145593236385
-0.5824867292041098
-0.8150095735203648
-1.1446298082692568
-2.63617784960357
0.3143886802770137
-1.3468246706803837
1.5952376189239532
-0.44432410151585805
0.7261197809340798
-0.27970626009037536
-0.4809017611265774
-1.2363392148336987
-0.5203138547472509
-0.2366526093437276
-2.1892201637842037
0.9264644472662596
-0.2768100156988938
-0.5806002198967082
-2.668598473142035
-0.5161570866193019
-0.4056588049264163
-2.0273163160439736
1.1072042079829594
-1.8635703317664207
-1.4353562037510808
-0.47526847714181714
-0.8103000161225873
-1.4864506552298478
-0.8348403522923947
-0.5048083058328021
-1.0351179088665998
0.61685937399424
-1.8546794393014223
0.23326831340502044
-1.7264155155779135
-0.06891051756221503
-1.5060122688037791
-0.31457450832532935
-0.21829975520090245
-1.4405039314836123
1.4406867747737422
-1.8912264010686999
0.44827692231215677
-2.3097392677308948
1.2855131148690828
-0.6238542205221137
-0.6057926298176034
0.12232394064430258
-0.8936426506929367
0.650682196049009
0.011940711379634511
1.061969446769157
-1.3946031800355854
-0.9696608120522023
-1.2153939306435437
0.38638446904004636
-1.253519869002509
-0.5423571180667606
0.015016949096570243
-2.2112069647068977
1.7908933283237711
-3.0771194761434892
1.0446386116611472
-2.2033511702592956
-0.5292422607182392
-0.3130711443074915
-1.1015854819645192
-0.1907194266232303
-3.014414131443977
1.0453940404546482
-1.6848820008316592
0.8230995165702553
-0.8892097716859702
0.4395569833619597
-0.4507012795700981
-0.5421749139595344
0.6329501199137544
-0.6870590344885076
0.6220971051234938
-1.1739261229516305
1.7229144387780044
-1.0317323183112534
-1.0492426461133186
-0.6226003870798587
-2.090104903830037
0.8400672846883351
-1.5183249732792434
1.6878533879707593
-1.1669827757156175
0.8586266740365054
-0.11317166471416955
-0.09065631960729044
0.617703974098732
-0.12055590344800035
0.05147276234358548
-0.33773972324679336
2.4338608152403047
-1.8223107633481648
-0.08374471995655781
-0.6642448619802054
0.8991764039559936
0.31112881679423604
-0.4521616241949331
2.016530901746346
-1.493330481923403
1.0990598104931717
-1.0428498761859415
1.129861794779796
0.024081471177939837
0.868873506124323
-0.03320533139857566
-0.740898418498981
1.197732597051668
-0.2851000152264762
0.19200195453282318
-2.398485458229063
-0.6185978537925143
1.0156059612233195
-0.26891022813640036
-0.39218808700302293
-1.0452936316654335
0.9051249588145203
-0.5863061800682952
0.5051455900578549
-2.3607414498701957
1.239039902163757
-0.9218881557324937
-1.8688772694454376
0.3862760499814911
-0.05904191174550204
1.3510715942658094
-2.5778917407542505
1.82535859616197
-2.518035030769042
-0.44804396946010533
-0.19677926734481854
-1.9236467758999816
0.8492122677895048
-1.1135952909094555
0.12938056370620588
-1.835743277995368
0.19171556609388368
-1.5419256490590483
0.9967814106955276
-1.30810430215622
-0.7600559661838356
1.356332821878282
-1.004329884839614
-0.16455828989559126
-1.1054651418816221
1.2564327970032
-1.4114429225534777
-0.45822549937496565
-0.9292015126136329
-1.1782562665098935
-0.2746607855809679
-1.2066973260305907
0.7578444062278795
-2.0888107925658184
1.1350670865981847
-2.320864376670291
1.18007573979683
-0.35274751273993327
0.3841792079428591
-0.5366957140914822
-1.8271680080314059
2.5081359704952257
-2.256676990126705
1.1633093458239296
-0.19288585476144812
-0.7268225567362846
0.1073855722323335
-0.6192266462762374
-0.667985544842631
-2.462895841265588
0.7624091139543148
-2.4094353408457607
0.937446962769138
-1.5280030778191471
-0.9712485542116214
-1.676685346883311
-0.7160219852059359
-0.8785180982586845
-1.8145970034846481
0.5924135092280727
-2.4333751884758787
-0.5946696651807598
-1.0376498662554883
-0.061104853795180984
-1.0738815961665675
-0.9366809672649634
0.24187071411247205
-1.0621023184031335
0.8428678945220522
-2.250558648882117
0.8281162865235528
-3.3067481545851884
-0.4085422002249936
-0.6521557273851649
0.2644633767026698
-0.4247398355576816
-3.36143524104638
1.4927608944275121
-1.977429648699429
1.5547463779281738
-2.5941835184591806
-0.1476534846165503
-2.0468063269031513
-1.5442787063260182
0.2239075489943019
-2.3861094222788144
1.281523088435545
-1.9701695975638087
0.31931571633554345
-1.090096380656671
0.08531470543149135
-1.7594258715930284
-2.399593590514333
-1.5303435512161225
-3.843018220320287
-1.348694379920589
-1.8807112592138255
0.6302321911459959
-2.757852737647618
-1.941162287487862
-2.3876954120213374
-1.8689733681390635
-1.2179139194141078
-2.636835176545217
-0.31473650234524786
-2.972011003267124
0.2901455069016493
-2.8393755989045166
-0.5660085882949207
-0.5430723072120303
-2.175051932561207
0.8339935400518883
-1.4580612783102918
1.4608954152585119
-1.7068071706377168
-0.09036209410897851
-1.2517056528330788
0.893918099855583
-1.0537311988749867
-2.9235880689150475
-0.010376852416806531
-1.6137230738901704
1.4057248271547134
-4.051104078365069
0.3247417388687691
-2.533382231867941
0.29485640962230786
-0.1979437015587721
-1.4132669003103446
-0.19121395027751775
-2.58102200474709
-0.8333666279699204
-3.287388200769646
-0.37310680641880745
-2.162680282812907
0.5200674797216872
-0.879912127104251
-1.6723194326413575
-0.11504279769587165
-2.818896178962557
-0.13363596483901943
-1.784749398413153
0.8623242470353696
-2.0387869151163507
0.6103957693246205
-1.397298132611883
-1.3137689350965465
0.3416564656434719
-1.3397374218938685
1.3655923854284004
-2.833121683569814
0.4954838903190358
-1.4135956509545191
0.07223895207866166
0.7763788180464842
-0.7699355379334684
0.5418891824256347
-1.6921803740882566
0.8418182440747695
-2.6014930966780736
2.1389639845299886
-1.2927147855577825
-1.3083605240484186
-0.5441849432963779
-0.9000449776655003
1.0756519174443304
-2.011150075691159
0.8118314185056678
-1.9126956737524914
1.600613518378811
-1.9944420375897374
0.7592985137229641
-0.9982571930654178
-1.4039256517201277
1.0583144240260223
-0.8826638227937045
0.5941356767073819
-0.8767599617418185
1.152882314890865
-1.184825325514625
-1.1804800177270498
0.5303022083735871
-0.22199163490707643
1.1423129360609499
-2.2441368746742985
0.7375874820028323
-2.098139886510973
1.5207983925384048
-1.3753689518402858
-1.3401994356472147
-1.1584821469596784
-0.8200909189194726
0.7400563919066692
-2.5437960114961995
1.1538837837271596
-2.467560317361072
0.5257228703349298
-0.6074456936387865
0.9051845063190983
1.3557045029792585
-2.1922573224982123
1.0800012429862615
-1.3650244564884708
-0.4699893236537674
-2.063787511815273
1.0454105508523333
-1.6395423229930572
-0.21599582854550986
0.7624550916144324
-1.3478087986517577
1.2638533063957977
0.16754788359867825
0.7217386010487181
-1.6695711266585036
0.4578232193237688
0.2957054949380379
0.04611770450660025
-0.29253829282279165
-0.6505286220316231
2.1965398423944973
-2.5252252862072466
2.3036318055754235
-1.6466158267778945
1.1742762065922137
-0.9555846865060522
-0.7404276884502949
2.2904493294826467
-1.2234203057621726
0.1501054464672135
-1.1166628942736085
2.194320827835518
-1.9137322984401444
-0.5473147308445957
-1.0813310037847175
-1.0111840204791582
1.0266998535254077
0.17390637005465684
1.7638230451066883
-2.0978021715730915
0.8476921175700974
-0.7702144718496056
0.1349339256827608
-0.00785806295404689
-0.906899737604701
0.7444784341573792
-2.9723196917518226
1.427956226078225
-1.735660503399963
1.6058603040195745
-1.889169506917249
0.02348437366606925
-0.03697676576924951
-0.16112510388285556
0.4890862661204525
-0.7726342568512716
2.7377740279704565
-2.0253321816798833
1.7079176427445162
-1.7517989330209494
2.2648302919192913
-1.458163377230178
-1.0123488189099188
0.18018287323104903
0.38159603912348405
1.7198748595154516
-2.4296734886986773
1.540923467972806
-3.680607615867441
0.5647933158306641
-0.19721229025374876
-0.7942197246671795
0.05684841310358916
-0.795843836068847
1.9621993085087366
-1.9609079793394628
1.0704628732979244
-2.261156633859644
-0.3240711088639613
-0.12579782921264707
0.13790635510933644
-0.8436353502760735
-2.0814705418854778
1.0463271321452785
-1.589584425933879
1.0864720917968125
-2.1007055380419812
1.4224036221786305
-1.608125130447672
-0.13508059013833879
1.1939402698381074
-2.375351066646892
1.5030972404911005
-3.835367485847318
0.8146809556423589
-1.9650058163816886
0.5173517298240135
-2.0349782423079925
-0.8311266330544259
0.22907621141058143
-1.4256475388218404
1.277419827342733
-2.800785685431106
0.7181399637010552
-2.38251217286273
-1.7561702597417976
-1.2553744665302435
0.03815245847348181
1.3463554025273752
-2.900440379099855
0.950200327020671
-3.2080205433919904
0.34685639499537707
-3.206815815591483
-0.8153444768232897
-1.1408397579039813
-1.7707381738708177
-0.6775688230397865
-3.605496888063509
-0.01084654468372531
-2.1835974438166565
0.323112385113241
-0.644937346933326
-0.6244093819554246
-1.8775425865931274
-2.521421126826387
0.25599843956270985
-3.0691666357330867
0.6444516781610888
-3.4758790148588457
-0.8569057509882315
-3.012501329994596
-1.6002110755066896
-1.951858705709882
-2.5172526112946167
-1.9775076972347105
-2.401937838709134
0.9792767503783694
-3.455889610854324
0.27985041919532
-2.7049175251101394
-1.1552882283751236
-2.4426704956997565
-2.255681287894506
0.008785032289032635
-3.646734570536172
0.16305812995508184
-3.4447025474534314
-0.4266712078095764
-2.489365469742355
-0.802657958849764
-2.2714502469044393
-1.8369073346903981
1.2285991699395251
-3.0279169209826984
-0.12244122233456398
-1.7987719411331862
1.5900939054924184
-2.088881833108463
-0.7077826688623019
-1.662819282400892
-2.79910971352553
0.8104297752913905
-0.7077674581277141
0.8662473115871158
-1.7075330692192263
-0.12728522849527604
-0.644828843970807
-0.6847382667233666
-1.6895619439281682
-0.8451837647685198
1.4061899353288456
-2.778501987758047
2.5753695207979925
-2.942818234011592
1.605571381117241
-1.211449411065546
-0.1304126781938871
-0.07953499887842112
-1.8433491792007544
1.806726473118884
-3.8882260455422117
1.037782859728575
-3.3542197034580727
2.287282722181482
-0.4341253500676333
0.9085601054031941
0.7251109534624576
-2.1884665098801537
1.0557579913082342
-2.6152701333958035
1.4777261253076432
-3.234665749411511
0.08389776392773503
-1.3385731990375154
-0.16463005541098358
-0.19329753726888582
-1.3216815524231804
0.3555687677869514
-2.4691772714503326
0.2295237715594351
-2.174151008175474
-0.3154264312657705
-0.8018566682043786
-0.04568600011072892
-0.23945540071788196
-1.1060334629405981
0.9422086701313733
-0.5500879658471961
0.13382768103190326
-1.7778961206615747
0.6257169521432138
-2.5488459571971327
-1.1516191049557183
-0.787373298372076
-1.73631919551626
0.05286574443112972
-0.8420340998153955
1.2956265948861065
-2.2100956800141174
0.9755732933405138
-0.5113119512782301
-0.9494088826637239
-0.34639921084757064
-0.09166993602782902
1.3460993382177862
-2.8021197031300513
0.7745808600057366
-0.8664075410224451
0.01250156494727621
-0.5119471788541702
-1.3440429559690346
0.4312476744334562
-0.02691747017031481
1.1797850541995503
-3.9239138673878986
1.267134731090329
-0.9241617895510181
-0.7739889642183784
-1.2920267292952416
-1.2795643629373588
-0.18044380190164958
-0.695167864608018
0.0035034033872282846
-2.310591369912131
0.16831705722194823
-1.9250070439450768
-0.11467311127325232
-0.8361131714146435
-1.0256111715136216
0.016631764219400665
-0.4656093655221842
-0.8542657897379294
-1.9544021567935066
1.252153786754149
-3.280855460201642
-0.4825784449847496
-1.8844671765024206
-0.8349245258022886
0.37841644583341516
-1.8721526802510788
0.4400235889010295
-2.76286880204716
0.16387445653962823
-1.9124635950320974
-0.49744847177087725
-2.6426562280439123
-1.7616878232412931
-0.1000935704645785
-1.409349233941121
0.4015151363938247
-0.66233597674639
0.6686756035729154
-2.471446889783503
-0.9579539848384471
-2.096106053434458
0.6995891854147239
-0.33623341755598796
-2.488006384828769
-0.9537955550891325
-2.4830960820523202
-0.34880040707537074
-2.4269638696831697
-0.168743632189334
-1.0294462153977986
-0.6392320221563735
-0.033391766538341264
-1.456963209877522
0.384726813355615
-1.430133397195316
-0.108577151258865
-2.0953406679154756
0.5246321555415784
-0.6165156097732516
-0.39235129761975424
-0.09482178369521693
-1.9225828236657811
2.0768884851544054
-1.844757714603999
0.10563733816987632
-1.1063085724637112
-0.21442988651779277
-1.876625798148053
-0.4519397852390117
-1.2430489565109857
-1.5821358139685853
-0.12533027358422463
-2.8390110789352176
1.176082126661759
-2.7120343112561436
-1.5692049368590315
0.059537440872848714
-2.5695519429406475
1.04496589385004
-0.2382312776018451
1.3180436674928462
-1.3905112437227063
1.3799339631071854
-1.4777309916616135
-0.7179453303655263
-1.5103475791931582
-1.07111701843897
-0.33352895064466465
-1.60148167429838
0.8271667721876999
-1.4473056191727447
0.8485841155658509
-2.2966711510068984
0.9597819786152376
0.1374694754000219
-1.5528649249620026
0.08806532521863379
-2.156526207404611
1.263053746989514
-1.398213979525982
-0.3319286022969129
-2.4572091692623013
-0.4887726362587092
-1.1135294245224021
-0.559639892540784
1.8791893860754758
-0.40739790201295106
1.7443323806271782
-1.5966202454328522
1.616789581223546
-1.8397151543365973
0.5562532134016404
-0.48897449887133543
-0.6437100635083961
0.8082321862567022
-1.018703627292531
1.6337727016120231
-1.1188397100632794
1.3755299199656652
-1.0557838530874157
0.5046893086856798
1.2070586128292966
0.030299834579832048
1.223037166008537
-1.2226078903182105
0.27690737122015174
-1.4583445274264202
1.1410923714930585
-1.1359158736370991
0.6743959041502822
-0.16535370904021565
-0.6365821410131708
0.09455720003974101
-1.687202261760398
0.5563313106317818
-1.7629229224061354
0.5062111822418243
-1.5420879545821469
0.3053097757197074
-0.6675103600311894
0.5546501033727725
0.1324304389786592
-1.832353682787296
0.6198477323266302
-0.0702565431165464
1.2872395121249016
-1.772720030744217
-0.055136954703668896
0.35957630662719103
-0.600994436773841
-0.32898118009274313
-1.0758921409811952
0.04879832089757527
-1.8649268667543955
1.2997500919677303
-1.7857383149072799
-0.012977033587048572
-1.8207036269167534
-0.8084262584523504
0.5965187137053897
-0.7118720419271876
0.7062452413347678
-0.035599582805568734
1.4278495678389163
-1.8166991574253493
-0.2347936109626648
-0.6742932669873152
0.10531093875662707
-0.6603605646885622
-1.4661457820836847
1.8547584101540524
-0.7380954550661357
0.05725358634236177
-0.08454459347301511
-0.1084631992057141
0.07759713033055672
-0.9516085002133677
0.5973081248928976
-1.087104445899591
1.0966029165051006
-1.6210181089433187
0.08309750321459049
0.6620008787913977
0.6599257781487278
1.3232958897571778
-2.212286528631483
0.1388445075926051
-2.1012648765453377
2.240552540461405
-1.2471804824291353
0.8547537816141948
-0.51707343350901
0.7721130313941101
-0.5060804695254989
-0.8665964029108972
0.5915231525512612
-1.001974339731458
-1.1516735279677601
-1.0967748513410847
-1.0161314517418598
0.26112078368727254
-1.2182417341136986
-1.7720318613105477
-0.6531772288870265
0.6719558632199711
-1.2024938089876995
1.0006473358830035
-1.876604586699831
-1.1828896262245454
-1.0440206986395648
-0.5148589106050759
0.9163175970506877
-0.5117572405912615
0.07000795166371598
-0.5521157490646756
0.7567161118983471
-0.8245221862110925
-1.0979237604417673
-0.5372086245605053
0.8319039211535245
-0.5941968666945968
-0.6194586200716823
0.23490562756581287
-1.424800267887225
-0.37232471341265666
-1.2882047373433283
-0.8945106552994407
-2.065323161243698
-1.7982529351656764
0.9372114332682977
0.5237334982346171
1.277351221831726
-1.2670862521432171
0.0326743584806168
-2.3682379863479692
0.80697354300863
-1.2494497559534201
-1.8902780836556503
0.30557097992434895
-0.22746674469101888
0.7309128699881826
-0.9520185215351025
-0.4838403163345152
-1.5266955371772377
-0.44156301941295495
0.08795302485857619
-0.8381052278978371
-0.2012527645053112
-1.5377634303047893
-0.25290970870496166
-1.7176547866727296
0.02477815145574091
-0.5095233002651229
1.4537219972410051
-1.1350543109558293
0.14496227327024996
-0.6584202790807511
-1.3017660145050367
1.234991078759105
-0.1621566375722765
0.6631927644455821
-1.2487164957560761
0.6946316845322256
0.5422726367879077
0.2947042445788271
1.0263538171835498
-1.0822314703181424
1.31580591149835
-0.7698443897261872
-0.3708167946767076
-1.8155725837288983
-0.5748718188243688
-0.2535618149393885
-1.1944775407033654
0.6863608035742145
-1.0735153474488517
0.012092529500242546
-1.2827959891461365
-0.4808623030369811
-1.3234673296145758
0.8333106401629146
-0.249021474008837
-1.6250336490443595
0.009629972868311012
-0.22638536820130642
0.5370599014459307
-1.178434295227614
-0.033175789126559795
-0.22096141203125186
-0.4790586028247072
-1.6688698905262427
-1.0768543851670214
-1.1536398973206095
-1.7344088700904232
0.49163774529736765
-0.3655573513231085
-1.57635518662755
-0.7832504782172299
-0.427870291231998
-0.5663474192922718
-0.2224248137738197
-0.5249718755878562
-1.4085570386828292
0.352085749324534
-0.39358096350263927
0.015467976186736747
-1.6184188595549904
0.07963382695198826
0.41616277063718415
-0.4870198689179882
-0.4543342105801504
-2.1996402729765294
-0.6602907621896992
-0.082847893043873
0.19872325473518143
-1.0800851850779822
0.43878843566507697
-1.525376442725263
-0.3811587092161809
1.2594087286549347
-0.2524185027756305
0.6174487421772938
-1.3735562738983211
0.5857660092339895
-1.8046885914458095
-0.7151379325959957
0.30385719828640634
-1.540801445035083
-0.46152642434110946
-1.7655263828696797
0.4971932464503316
-0.5639425256077149
0.44942121882590214
0.22369741099545595
-0.6632870029020369
0.9765727498267748
0.32193834604516436
-0.8452490173059137
0.11954698812179711
0.7577320515548924
-1.191369549402118
0.6013209682050252
-1.9829250535077425
0.8859091680289676
1.123212667571872
-0.12812499161835533
0.21626943024684192
-0.2676002063501158
-0.07100017444611112
0.12177401519928151
0.6297469930572939
-0.3094927476556547
1.1275464406221563
0.6247416167425748
0.49974699806051204
-0.0148767931730137
-0.34443193865893107
-0.14107777154954837
-0.2695132197220962
1.8913135927220308
0.207617823862603
-0.16761233691239097
0.2090772072936727
-0.47494933276279955
2.1800945019836804
-0.17456363274462142
1.9368364769111617
-1.594806410856353
0.06791394345622304
0.360961552197772
0.18990631364781338
0.7583684088504022
-0.2847394375745702
0.84803267688824
-0.6345447212553605
1.6521368210008285
-1.0953559962755353
1.1175791407331588
1.4191223768000454
0.3699982015621858
-0.13477989226454665
-0.6156169927573746
0.20328791945170177
-0.8344152311012992
-0.648658595566606
-1.2082898611009205
0.3146839456914299
0.10803316328494875
0.7603841395704122
2.036121177591558
0.21167833237555642
-0.09198947667966718
-0.09439909429326068
0.7464131492292013
-0.866213469120201
-0.6808279307642009
-0.8052938664536416
-1.1285349692711137
0.5543696154229705
0.19178793609281122
-0.9704959615281317
-1.2224418515168958
0.8258580548024813
0.05547523900905612
1.0434741612184621
2.115994717526624
-0.12217798638059113
-0.6860355208738662
0.19705729895298044
0.8925132599190939
-0.5444982898590484
0.7378265764705063
-0.3736915628113655
0.5730132979305403
-0.12904852081601556
0.08238915053848994
0.31155435032740353
0.21356796400123798
1.1889144370632574
-0.9835632469491994
0.7741721823019416
0.6924206754005626
1.0559643422164522
0.4876486504382039
0.5372970674071393
1.872010068759676
-0.8327051156216271
1.8933982505774059
-0.6614728513845728
0.8599889738741202
0.13299385418556767
0.9453065918571391
1.1749355126142058
0.6283827325772262
1.6791288426193423
0.3178725444143564
-0.483860955442386
-0.7790294682901827
1.1079644755780158
1.226107963811682
1.139289070247151
-0.3112590274105653
1.9038024598332972
1.5849646027192061
-0.2089898919339683
2.6904450149785055
-0.8451633117120244
0.9196428712516148
-2.238849829342042
0.48877816306839494
0.6059978308157982
0.9367223895078668
0.20941206846896898
0.3532563686153431
1.4211259216728307
-0.30956763738853976
0.7103744319608493
0.21427891574082011
-0.4071433578285454
1.3546606285472944
-0.06591958364756255
1.4771587484158115
-0.9341173908224291
1.0115740268673685
0.696936098996941
0.2468401560042777
1.8285162604438532
0.4364279758209576
-0.1765077154006631
0.40728655173962625
1.32336723732077
-1.0244081882951281
0.20916570441539112
-0.322486916793592
-0.21916939492798718
0.5083728011980932
0.730070667115979
0.21250138624174647
0.34909290120765096
2.0461211048241688
-1.757370964897474
0.8522621775479778
-1.0986656290624197
-0.1507493989297827
-0.18103060236884516
-0.1573589639771971
-0.2420900813270628
-1.258439354632624
0.19021122306106106
-0.4854474806870864
0.24659640359648716
-0.5264068440502514
-1.890901758987023
0.2798475417291486
-0.05603461892985015
0.3769074178011104
0.6302016445582457
2.1727348677700893
0.2721710275467671
-0.38921128286519474
-1.4839870562576476
-0.22931333537723428
-0.2321224129980577
0.010394963982703388
0.27902293092906605
-1.604954456166088
-0.19455187838689592
-1.6265391119069492
-0.7145239356275297
-0.9088421997733512
-0.7902473407943157
-0.5363063473287789
-1.5699210315212628
0.9678268407694739
-1.7854356657666735
0.00870777516190735
-0.22436791558401575
-0.26501719330236845
-0.8644599739507923
0.2076627798814533
-1.1261048015626145
-1.399654705835402
0.17452273327576434
-2.103731564415105
-1.0732143125495006
-1.2855510923603939
-1.804949440322619
-1.4522369513912168
-1.0735346559878163
0.3476134356749612
-2.1198138936849635
0.4025287159753361
-2.7591216309219906
-0.6416206824769508
-1.1341892413880865
-0.08571303262653936
-1.3517996006470443
-1.91703091764362
0.8073993888139726
-1.1649876781260402
0.3335781022186646
-0.3185797329480409
-0.45183116586928246
-1.4393694050088148
-1.3513164046639214
-0.541986291979154
-1.6016469733329983
-1.8301696180825437
-0.7796323233038971
0.861053838769979
-1.8374652366216515
0.6630252268609679
-1.0713468209637875
0.23608823935401743
-0.6890491883357945
-0.8352511858539768
-0.786673012131564
0.1453303215884108
0.33117104530405556
-1.3590482056395987
1.4349218563639128
-1.9058997461165992
-1.1452023224045778
0.3803402765696527
0.35840631077689095
0.33783355109021834
0.6647280614009431
1.1076407911778705
-0.9495142753889247
-0.41794160717387874
-0.2402917028355421
0.6653017546339411
0.25956442878346553
1.0381814538120189
0.741554890979745
-0.39688055535120853
1.8380352548179852
-1.3622543401804956
0.6489113226171619
-0.8499593937705958
-0.7118633688240956
1.1414299941730608
-0.2536373653264641
0.7614238941773406
-0.5364514050971773
1.489879023265514
-0.6294129989888135
1.0298812763914627
-0.6235018716509021
-0.6849162104415089
-1.7334709013841985
-0.31309529708252315
0.46175199242381837
0.02422938801675342
0.28709130003450173
0.10816402898471993
0.92817329962961
-1.2251788799714916
-1.09768892515608
1.1564371236607969
0.1605327202681685
0.39166860279475796
0.2005775169060748
0.19278087410685119
-0.24024461600059419
-0.027802604417787355
1.2632720905188495
0.061800034549220735
-0.030553842227540196
-0.42173768890332214
0.1811441736372593
-0.6919214214574141
0.20791449551683297
-0.6097533655759377
-0.08770112142485526
0.013896687451802166
-1.0484548958555768
-0.3377958880246707
-0.8026492495360645
0.9488764897369893
-1.4625464965046653
1.230994762308806
-0.8893575450195952
0.3134350371049719
-0.014129132052065918
-0.9097183222830454
0.10670425433298304
0.0703963988168138
-0.2784876069024333
-0.5901194294184794
0.285940607951198
-0.5759437536395753
0.26969206959508063
-1.177010569271831
-1.463200131908209
-0.9657368769418966
0.38529085711637445
0.9152268093269454
0.5110518107402715
-0.395709066230857
-0.9213617874691722
0.021641399990958512
-0.2619362066429355
-0.2941049715156582
-0.49335564027209183
-0.48159343862985765
1.833285514980511
-0.5238303064668358
0.7375286382544217
-0.3673117062499008
0.30993162588992745
-0.5787519662272894
-0.2777966197994426
-0.16705805509674196
0.672738335450523
1.2361926923013653
-0.7149282867894943
1.955086382472512
-1.4680287397958833
2.085680166577205
1.0831332144087837
-1.0164458467027782
-0.01616490284760744
1.1743778960629647
2.816160899402777
0.6327524892865539
0.36563685318606287
-0.20621615169966637
-0.33172632831073373
-0.06255420011277857
0.04298296642260261
0.09565161626139869
1.1870399693665488
2.0420553611093406
-0.15101355312906206
1.6184131565784559
-0.023027134345095807
0.38688994213565553
0.882966947223035
0.6746484631263433
0.7860829476823459
0.08035781562828348
0.6729930161000828
0.5449977650957202
0.39635158901609724
-0.4314441996062235
-0.4127581964469507
0.9836619868115416
0.64103758572083
-0.28386111909704403
0.5164858166169052
1.5568990377485532
-1.0631095909548827
1.7567037894930289
-0.03252879006020664
0.9340534754895253
0.8200223207262294
0.23158061770330357
0.450398486311083
-0.7956494704036201
1.5564858257692755
-0.6043840452783485
0.2001381034410873
0.539149405026444
0.35941617628901756
0.04503943308980067
-0.9192554364045442
0.23523613335224552
1.466794396614815
0.13339015188045752
0.40743748089002474
1.6622070278412169
0.332007907421574
-0.4578494077640851
-0.9773442511180233
0.06038791150837037
0.9890298278780638
0.6062038309005259
0.08251549700040298
1.1481624961859582
0.30451938754423175
-1.5022282934733402
-0.30812364987289875
1.1104611083285227
0.8768558486507059
0.4417042054783704
-0.45673732789948607
2.0214543893594117
1.1493685021382274
0.9804349453382957
1.1666800266207502
-0.3168490103321193
0.6462825682538141
0.570127048318427
1.148314938275688
-0.019721668799280515
0.4520448636301868
-0.16107448219561646
-0.14167092912665147
-1.8232844343085737
0.7369112441128047
0.44768298959707425
-1.1637586828534476
-0.16055244359302526
0.49505397170197746
1.2457044784362445
-0.2777042520547184
0.8888639387283537
1.6570858611999288
0.12911809016124515
0.3397318546260903
0.10847350275505832
1.4539397463632031
-0.5350875183673837
1.0889691860926989
0.4764240811271522
0.35911180138427945
-0.7420573815069648
-0.27615842123323536
0.2451745623739934
-0.7218414284832944
2.295643675521468
0.23055247889212696
1.3606364822050054
-0.19735024623213487
0.7963055468973558
1.2298572722049261
0.25780444884432363
0.5511957234140261
-0.2750916171678099
1.4593242712863594
-1.1593349477460482
2.3165116902513114
-0.32406478482921347
-0.5533195593875697
-0.5055228066232119
-0.5611543156986907
0.219236846930593
0.9430327092500322
0.9800125753314243
1.0539835846185934
1.1297765547501346
-1.2678566239236406
0.6852643866851458
-0.6585390826973956
0.09657862370165858
0.6282422498694222
-0.055927930345248525
1.034019553822995
-1.640981160276029
-0.08493941059067103
0.09709305288850241
1.1723544171769607
-1.9490846838524452
0.36857800044851063
1.4649304199426114
-0.36902098885595774
1.711419599178644
-1.3297067906329418
1.5685237157543193
-0.43903356357842194
0.3525499102045031
-1.5293540642866674
0.38945105818072734
0.9318742347522305
-0.7162615977937201
-1.6631981590288378
-0.6933097192436203
1.3516107693920554
-1.4279904451213687
-0.7098562981651109
0.0003248041622634287
-0.08947484646232276
0.0424057846361676
-1.4557873650320243
0.7753323094970002
-1.0064312260957171
0.7229266323006356
-1.440345006287059
-1.3222080331961912
0.0874340071227167
-0.39631205073247583
1.0903837415298214
-0.8231374652753906
1.2642747118388546
-1.372819946188603
0.6222249117427183
-0.522851102450998
-0.03358187621161588
0.2226970450850712
-1.7242544917848093
-1.1544349440113766
-0.4253218830107433
0.4720665780374766
0.6854910233893518
0.19945112073482418
-0.6640617077686458
1.298576886032174
-0.7048436598116782
-1.0204544027010056
0.37054518449356316
-0.7295653960145047
-0.2008293485458679
-1.5563833481093623
-0.29727730047510326
-0.7920386485288698
-1.152554460031021
-0.5286215075449406
0.9238723204543868
1.4618251741486472
-1.23983270228054
0.6345554887345944
-0.4773763707228957
-0.16913579388945746
0.32772529859709576
0.5596931332087349
-0.39933050088688943
0.7604438392842234
1.1157303311515192
-0.7522455323186392
0.3123193005271999
0.17263917057583372
0.18129264420232627
0.25255516783810106
-0.6600438565991482
1.082255087972655
-0.4561794657128878
-0.7311352170521246
-0.6202504047925419
0.27644372109045756
-1.4871512698247673
-0.28611816769639714
-1.515748195741814
0.36009415168624165
-0.8271994442639834
-0.9353680852412614
0.012605085698168523
-0.8177034043223592
-0.254174470510081
-0.4620349297648018
1.1468364325085236
0.3803756767364777
-1.532684266084331
-0.802629205708365
0.5431117408003618
-1.3403866443599997
-0.41283694304701013
0.759909201284591
0.2932903070671366
0.1918606081769689
-1.468487802241175
0.023600442440890726
-1.2964816301633597
-0.7851497595663568
0.2345336657303565
-1.4299309480263216
0.291877028435583
-0.7197597459465495
0.46941180585624526
-0.782094355906144
-0.34122739680967495
-0.014381712136024663
-0.10790019660893183
-0.261479124899481
-1.0968825690915742
-1.0057546762699643
-0.0132015032611703
0.5890875646280177
0.613143387998433
0.5172897101671367
-0.779574824579049
-0.6115412341574609
0.23936785387423554
-0.41244487824110787
0.23098263459109156
-1.772607855273058
1.2737812056577555
-1.1697341954024154
-0.9017862167254845
0.2951469775136666
-1.5848382074805851
2.219048838811898
-1.2475236246826573
1.482520062782234
-0.330651649784084
1.3281055029344158
-1.1071779044051562
-0.61178364917055
-0.9406705914461216
-0.9960861990942436
1.1354648963665182
-1.0184010990868848
0.7612522284347027
-1.0096260327153899
-0.8325511973299071
-0.30779987371016815
-0.8903127188864263
-0.1302214455934934
-0.10158606707910821
0.71788936855745
-1.1443365152077543
1.8521129817182915
0.6820368075817238
1.3026097558989504
-0.23227911494075065
-0.6161215911181278
-0.05575681026706439
-0.9069530112037782
0.38839246062510885
-0.7809818853880995
1.9096817123697682
-1.2442342949656222
0.6802686055680719
-0.3861400516730267
-1.2428987674374279
-1.4351982486684314
0.11083183664303455
1.0947741571790113
-1.0662728586955632
1.4059120599056174
0.5688614148913494
0.21007151512556754
0.012096877911931604
-0.5510975721546313
-0.11705643445479078
-1.3705855927107229
1.5373328998475577
-0.9212375099260321
-0.18102246345081507
-0.8883560838055785
1.7436363648802586
0.4362287992665964
-0.07322507925521962
-0.42837049038266384
-1.133988946816714
0.05530449572731964
-1.2740603649072422
1.1379398753754129
-1.1489618488963256
0.7365478240938673
0.2712098234507399
0.03974141341539049
0.5671358844998119
-0.2167172114238282
1.1097716348322277
-0.8666844995967135
0.7520935579107862
-1.3022031841920008
-0.05218554650739409
-1.2402045640806312
-0.6974006599969373
-0.18046454752290192
-0.46130515419824764
0.8210846135544484
-0.6463295140378341
2.8372037016604206
-0.7772906109003953
1.161083675230937
0.2506989350192414
-0.6560662527622767
0.6397924471230074
0.45867916392303987
0.6206181048844444
-1.4661300497000873
-0.7446188318349015
-0.895028597975985
1.6812866764882457
0.02202614803046248
-0.27565000802409334
0.18208505721624835
-1.0511957155053437
1.1096132407387755
-1.1174013624171957
1.408631745518774
-0.9044801931821626
-0.01593351847486831
0.040807208037643414
-1.4333329019821366
1.3268624045843347
0.032751515420514264
1.200156987722899
-1.453114497385708
1.0466705301821049
-0.22209877827846694
0.12170349369842502
-0.10217001994211672
-0.3366804113413499
0.6400750126947503
0.09900711831412724
3.6382580933332065
-0.9741169607829784
0.0027691647762807118
0.7422683160004694
-0.17847746743353776
0.38941567727541754
0.5568922417581934
0.6317041464988542
-1.4476888711561713
0.7162752993592453
-0.4474738944764989
1.0067285938586372
-0.196554073725723
0.171106190105561
-0.1800149896429655
0.02846845839121577
1.494679171197213
-0.5001125453007541
-0.01575697509053662
0.6118530321218968
1.6253462668665752
0.6361281593886736
0.6936190636706265
-1.4264825929860612
0.29582320427569153
1.584968378906055
-1.2044040592650713
0.8679586682373281
0.302044277034963
1.132947333298325
0.9355552855126019
1.3406434378250234
0.5974072681030774
-2.0493324658271153
2.209040070856156
-0.3079656031015916
0.8511561677321398
-0.11925755255818793
2.5182281725545854
1.0478973963438092
-1.076859344613973
0.978305790227161
0.9502542435993176
0.9127965632593141
0.2139936587155825
0.1676379098549743
-0.15096267081270087
2.051031650270365
-1.352760082644183
1.96859595034121
2.131777840927829
0.5310156948877022
1.5411674049376478
-0.032229707661540014
2.846409045384816
-1.375479461972294
1.4009691538395783
1.650061297835405
1.1014588634628424
1.3654533066008119
-0.2794758461943742
2.503839191831237
0.2936937288872659
1.2132574316582954
0.4849624838173092
1.2701781844558324
0.7938331956764354
-0.013067914059434017
1.3729214170002004
0.36212799439001075
0.7434805688603828
0.7654996509134948
1.906637557526605
0.7594036663654858
1.5140964542501936
0.5552412090821665
-0.285117102886271
1.371341504560965
0.4078221025619937
-0.4306962922341642
-0.046103671260392304
2.1735377023650306
0.41444023308789063
-0.6799998409039336
-0.5538094139895189
0.9992846310372022
0.6526856914001712
-0.2786038122015779
0.3397596658505101
-0.13629107298095244
3.036765797573095
-0.049892935623762145
2.1796648227810937
0.6594785599749846
0.38879511008503775
-0.14029539083093123
-0.22840271354585887
1.0341970522954214
0.10245740829762377
1.2810044029356193
-0.9246280837518319
0.17791523013780067
1.8947873934228934
1.1059407378351984
0.36087107312774686
0.7269852893803336
0.2279443587598848
0.23340352805465012
1.6991125890200192
-0.9082709418623627
0.7062509708530242
-0.16688456025591086
0.14758488905739894
1.0324502518110044
-0.32875267667389746
-0.2086216865898491
1.2793991982708188
1.9315289961259159
-0.7578615974851739
0.4807084999546754
0.777565058725162
-1.7564878719187655
0.9360752671617322
-1.5584008957376931
0.5094773183386871
0.08579276474573404
0.3883616985878646
0.17090438542224362
0.7103376801189595
-0.12862526819827785
0.23313633623300747
-0.9248424146325998
-0.2791382120631939
-0.6758159290189507
-1.2140317000193368
0.7067318233994139
-1.8220665851114437
-0.9201116704412975
1.4942149366871191
-1.179433001743363
-1.3754079252916305
-1.7580650781045375
0.7954621142595151
-0.6558444612508947
0.08996561264960533
0.019333460484130555
0.02279944838343196
-0.3796978843355029
-0.7879751165402251
1.5087184521428079
-0.44426855127433706
-0.34123063849584007
-3.3840658655437665
2.2239360226288705
0.17462274805917613
-0.10113329791548865
-1.8870172869544612
-1.2937627078327751
0.4430040539447904
-0.018318964342376023
-1.0396872601981277
-0.5073473315099455
0.13768823326151983
-0.20481933621165513
-0.36706011388737503
-1.3489660066043478
0.6180638528849601
-0.3465521340897477
-0.28674032464703825
0.6345165752663965
-0.08392469598693132
1.446557409972139
-0.3436658500667281
0.09919260695114908
-0.331516406202161
0.4376151202318623
-0.31068038596772685
-1.1304121078237122
0.6057046333848866
0.31296991243424466
-0.8697872064632695
-0.6490679226547758
0.6612525435891881
-0.2099338231805173
-0.8009338939023444
-0.27829292087921287
-1.1586158247187166
-0.604913615304781
-0.4562169173275867
-0.4770542058855047
-0.018679920485353434
-0.35980047222175376
-1.335443991755705
-0.7952921273518359
1.1510744199885792
0.11431138746773908
-0.8767540425333388
-1.1459332913700597
-0.18136628023476473
-1.2884551011071848
-0.11111057975325872
-0.357213250043671
-0.4325072661421982
1.5199384651506411
-1.2398045385152126
-0.5518753881474964
-0.691366698591632
0.9567390587353551
-1.1428724806828905
-0.3000827910017386
0.08726796801445685
-1.3795134083247758
-0.3269058548012856
-1.0383434729154393
-1.0309077322638411
-1.0757192831934779
-0.2084882800003745
-2.662791095043945
-0.5269713766315085
-0.03935448531132021
-1.5493815929842383
0.4310460853868506
-0.7959715613667234
0.6735085128081757
-1.9489913058179757
-1.553305532736532
-0.19855793868222757
-1.1874205896626322
0.06021986940983832
-1.0655034173840177
-1.0760039771020156
0.3056985157731526
0.8851949450916132
-1.558632175897166
0.4617050725966422
0.030318272951963397
-0.47998996992498727
-0.3780966314628095
-0.06795470672945904
0.3220803649680663
-0.6030202980232653
-0.8511217110177787
-0.4964616081674629
0.4386383677166903
-0.3743055433042689
-0.3012568973352831
0.4846175642389538
1.1951881580404133
-1.1773380517532481
0.5491433706860206
1.6848900882739406
0.3895301021510499
1.3805687402475755
0.9912777140551595
0.988044653173821
-0.7125949975724128
0.5245141523145527
0.5865176722931343
-1.1464580391927828
1.2138008545973054
-0.8374462779523573
1.001633676457192
-0.5428350098396311
-0.13497035320545758
1.8076420474022594
-0.6424606327942415
-0.08677998764462108
-0.026080707916058543
1.190231343551009
0.7795111355694914
1.0131848979312623
0.046883605407157615
0.4536169058104399
0.5173599403294318
-0.18861829569932884
-0.08613778148812015
-0.6495883070040132
0.622024560570853
-0.4224604133585908
1.0405472572924372
1.6956931748266955
0.09675289985419194
0.965309580398094
1.978065296115263
0.7865721183034717
-1.0685336708951518
2.035556576468758
0.4290001723063702
-0.848004605303992
2.397651373741903
1.8471844537892719
1.601211771777537
1.842608140483396
0.5727151133789944
0.6795429884226923
0.9001717731286756
0.9219786689342669
1.6858800135985315
0.73609668122661
0.8233272858187377
0.7605358666917142
1.4231119312372715
1.5619536407959869
1.1786242956871869
1.906130194799231
-0.3810760024554766
1.0955146790197041
1.225173018258294
0.6084347861887792
1.4383986723170714
1.9423040533879117
1.0630539579409801
-0.1057945388516967
0.9536510545960212
2.674830061173203
1.351453617414663
0.8892009051507647
1.4330518379421946
0.7632948746082103
0.914840339395889
1.500414882997803
0.5474612487583156
1.0107866179817557
0.8031887100345444
1.6411645094932399
1.95505178182495
1.5041901036311702
2.437130912368248
0.5562278259828859
2.3876581943455273
0.5183411148600688
-0.19254318857943553
-1.061749905022374
0.6738403064408
0.16987818041103084
0.6914533809594614
1.6053369210403
-0.19160021854754206
1.0022412720031006
0.8013667894160134
0.7958048993577608
1.1386955072306462
1.5620900231541486
1.8521232166895867
1.2174099243212881
1.3943999411375516
1.5975741473468268
-0.17592628209358932
0.6905189268753873
1.423757325786892
1.578270208567984
-0.1459646081395896
1.7733722741409144
0.33044264875922313
1.0446332784823182
1.0795582102917731
-0.7414214097536538
0.3120967686661961
0.9069788419992849
-0.05424832340322482
0.6383691478616982
-0.05760590361124908
0.9729010420341555
1.5025507459329888
0.7026869317620587
0.9263970681301548
0.1141255448582237
1.498638451877723
1.512380335025544
0.9941554386355006
0.7863984241649712
0.8908421468530102
2.426813511042051
0.06696522578726455
0.6609519152424814
1.3364322158567206
1.0623914340927159
-0.7214990406136714
-0.31842540509834993
1.0744784500422488
2.4937897222715812
0.9445876979982409
0.7978727950957397
1.0778608760251531
0.47319332088408933
1.2578843508388236
-0.24913467072401235
-0.5559398858487027
0.5810536392420917
0.3636078995415537
0.9608115026227544
0.2608418761175579
0.023101874401170206
0.11780406253036745
1.0234950743044469
1.336180255656889
1.6899092003551652
1.4386338452960115
0.4985379255284932
1.3058135769241161
0.6973109914308161
1.8471167610622592
0.7940637354971066
-0.015607488443248739
0.330316737268928
-0.849373201471521
-0.613182928321976
0.3623292662240722
0.8947403020301937
1.0297883314084444
0.5107467412298791
0.3937042733610616
-0.7519653655110969
1.3093657618094368
0.4684665496988981
0.4700392739309728
0.15545190293040448
1.481838500522239
0.5933528579702878
0.583586895817906
0.37807473483843757
0.19124483127648192
-0.8816605621178486
-0.7615880043570594
0.9606374429098471
0.8542882236875515
0.27152800801596083
1.0834054098062293
0.09538690278534835
-0.23387669497666166
1.2844241672181986
0.08344373928460302
0.9302599117519508
0.7425449278801337
0.9168740619360046
0.13474767846096544
-0.4611670065263733
0.7732434500526199
-0.15606791811919982
-0.3650255524609151
0.7844286233621107
0.3322655455870696
-0.4060385114195194
-0.22134717975280008
0.15320461497921647
0.03627603470020248
0.044399654669785564
0.6072819703888052
-0.5224462906836652
-0.762059835602722
0.7428144116414448
0.8019514568322287
0.09260753396505582
0.31571924315365835
0.433809248840585
1.743865499389177
-0.10003227185566542
0.2902565898592341
1.7011692466569799
0.16988577255435122
-0.9911371420542473
1.0672816873710647
0.46577824908061766
-0.41885112306115047
0.567329599166335
0.560087339216402
-0.15130791932663665
-0.8861088090399807
0.49226882647581516
1.0153139038977386
0.09674613602320935
0.8246452606313558
-0.5822370760591391
-0.9647356426243912
-0.37111279248852713
-1.7338342433317813
-0.9406350563374325
-0.35088908619710185
-1.945755450992376
-0.989698238576687
0.5930843182183175
-0.5582132042973041
-1.1731526696089791
-0.5663836802575466
-0.33311698087763275
0.8087128211699222
-1.0393813257700601
0.5384128878027524
-1.458929020827073
0.292662653962504
-1.210394895414737
-0.3818833789023366
-0.5052450036702553
-1.6526068325968049
-0.6231783962870228
-1.0613058604840808
-1.666575223988642
0.46208750492536327
-0.4467282161477644
0.08177887735898988
0.16569191789831045
0.10358561829524346
0.6716588509173508
0.1905892601278638
-0.6960235262734512
1.452522093242342
-1.7347322400857499
0.8776651908476962
-1.0731182496000942
-0.3846309814306369
0.043760847646131674
-0.7714161177092166
-0.35531965702855595
-1.7684309781407768
0.08632163693111738
-0.06700885585454487
0.9971854058236246
-1.0775610514349565
-0.19004963530617575
0.09578877881866614
-1.2725501294628179
0.5799282641436841
0.33368207761650187
1.0668285392830807
0.6689345043224121
-0.9392546008432814
-0.5768808278391248
-0.8261112312438135
0.3439231881454472
0.0020491626406540574
-0.9970638912149316
-0.6524366892069942
1.4580945900670077
0.26681484957982526
0.5428348154612694
-0.7171951763490807
-2.0804887495561664
-0.24005821640428252
-0.07356954943034957
0.4305916141217612
-0.9081546597048543
0.14373818663181787
-1.0495945347654196
-0.5400165854323633
0.2415717389523112
-2.151449817184808
0.12594124121691225
-1.4682682589026592
-0.38438629941557517
-2.5945165157670353
0.1173143811565388
-0.7033637032053972
0.8141950522158741
-0.5302197834028568
-1.537408138641699
-0.0243733039089018
-1.427748797390994
-0.6013239621763532
0.8871884385624934
0.7141417514657287
0.26905410245831746
-1.3828111631536903
0.18379069672460452
-0.8463388304337688
0.1011497410142064
1.0587888417317652
-0.3640624332980277
-1.179789751165746
0.35204418230827994
0.2683863698745527
-0.7351764526974697
-1.2922057517786767
-0.8528337608998137
0.8139755322649372
-1.2393919392210089
0.6023151537687988
-0.3070047747596496
1.8948242075439616
-0.47199010015567455
-0.7302117288705852
-0.4338544546181545
-0.04661542110183235
0.10512293369342363
-2.0058075106989004
0.8393760450929363
-0.946859205777725
0.481534789638532
-0.6130876158250176
-0.3529229908396777
-1.1418435724583376
0.4827254556445467
0.5668485048754112
-2.673078039703101
0.6129959311720216
0.5262313906804854
0.9089057390510045
-0.3556776954320888
-1.4321808905939903
0.3845635070602919
-0.755732676588206
-0.06989955066287247
-1.3485163173045698
1.0348606739817123
-0.022223814756322995
-0.34106821910610685
0.5133257945856005
0.40610324293166244
0.6794088247562473
-2.352730302150138
-0.057550536692267
-0.4393564125125914
0.9740880176990702
-0.6416858053280797
1.7933638855229768
0.5260532860488025
-1.0244546284917757
0.5268272008436399
-0.47188487183173516
0.014559760331281273
-2.2181576369567795
0.4092542058010599
-1.0007758663354103
-0.28970541824630375
-0.7402412043681046
-0.24144337276415545
1.222612237336717
0.865866593007243
1.2466991353102714
0.8641337736427945
1.6570469465625677
-0.6780483936960742
-0.6829580064431512
0.09354312999563519
0.24479040273325672
1.4326300192878378
-1.0123336996964376
0.8756180785025434
-1.1575089293980103
0.674494922782413
0.48233497058915853
1.0232461735034584
1.2588521341220829
0.5027447618371162
0.6112346473265202
0.020471355228482868
0.5782987164851563
1.5112223911274159
1.7733907747577913
-0.8127356375038082
0.4716507761366404
0.463157665413069
-1.0914127963550082
1.1052609044536317
-0.7048995858083789
2.2510267726801305
-0.8022811380534906
1.063119406742506
-0.40731837705706947
-0.047312354656304664
-0.35760102104102603
0.16309179189877343
2.4346631660648215
-0.8625708549889777
2.012284730588384
0.5430056635053256
-0.5735758882802766
0.4483874820117729
0.22027375700045101
0.2733964420017832
0.25865058259966633
1.1978040331425444
-0.47213132791774515
0.4393520275403464
-0.27553142465466757
0.5509954117907316
0.21035629852862
-0.8033461339284791
0.9973378971070492
-0.6843734494180013
1.0209718381551167
0.2855458079275753
-0.44287753893980136
-0.08163003678385893
-0.2521774869925302
-0.3777092918889487
0.558678670349341
-0.9425967744345016
0.5211740842675627
-0.687064486372858
-1.0358254222667167
0.08743228507962933
1.119834991977026
0.06996358877525331
-1.5721778689028074
-0.7143006092549783
1.4700550844312001
0.06887176381352736
1.7778666355934643
-0.770277880244366
0.41645239238954196
-0.5121218798506523
-0.6039582589949241
-0.29745630419575786
-0.2266079719512225
-0.8553773589889981
-1.674308029371747
1.2061137954055845
-1.1436213613855153
-0.18758147122645769
-0.7604096822551041
-0.5183861693851212
-0.5268885244858779
-1.850975946893674
-0.24485228095995812
-1.5967331275870273
0.04817181282112562
-0.1929638627006965
1.0185261348337027
-1.906685750390477
-0.9971673566149597
-0.3500496612544947
-0.9349994195759272
0.7886278678883357
-0.4303539176732415
0.2028270232044664
0.009336697446401613
0.35582916943509196
-0.7178106401257331
1.2991893026442474
-0.18269207642614643
-1.9922871416975239
0.5994221980924898
-0.038573305918018254
1.9757792590316539
0.5841300613790211
0.5277207885835562
-1.1059849832831083
1.388223906291029
-0.7364985462695978
0.34783140383850136
-0.6216613575524632
-0.6896878485687368
0.5290907140972356
-2.1500611104196534
1.4912644102209096
-0.7453677994396379
0.4388366503569712
1.085825636871694
-0.5922122648506214
-0.20500815579539639
0.16989510495323615
1.6678964125350515
-2.2919164622958514
1.1985120359154355
-1.2346359513903526
1.1788655227254714
-0.4730311837851853
-0.18304310722006709
0.9977637190147514
-0.9833491906221233
0.6867837026005584
-1.0444883771205242
-1.3877564713963373
-1.3337782464241454
0.7827337067299749
-0.15728509021735285
-1.1139188425163333
0.6061469791034675
-3.1198927645976924
0.6181305535279974
-1.3817504814217507
-0.9932768303688204
-0.036814238189586936
-0.6234268192179138
0.04752093316574511
-0.4429487657363759
0.43529998992358443
-0.9561159989079513
-0.5246615595514609
-1.5365788081806828
0.953845857117716
-1.4087036924388194
-1.0241782355776976
-0.473235476856435
-1.6545027722318775
1.2421540063815162
-0.6025080608226822
1.3281090044200978
-1.6058156578320015
0.8754994262063712
-1.8591190233918509
-0.04038303079333375
1.266694174602074
-2.259266925214294
-1.319183715209193
-0.7751061639685162
0.6872170869609219
-1.3879069290214177
0.09554888612953438
-0.5763297884552049
-1.9373949817924256
-0.9762811244832696
-1.0905302370391914
0.6305345724502303
-1.8464529584020124
1.3673750296932181
-1.6973342999663408
1.6143603907229367
-1.5968446476080782
0.2948994874103341
-0.21853911504465867
-0.9594790609376516
-0.5895349447601188
-0.46354665225055525
0.25277708348827105
-0.4053698567099748
-0.3714240944217627
-0.717210843384991
-0.5137426529011002
-0.6023787747545317
-0.3194478879329946
1.425562644134796
-1.8111895864202383
0.9794399228665005
-1.1801919856205498
1.1987265393829303
0.09512514444004802
0.22995723035465737
1.3000799852363922
-2.303527406139171
-0.4357827162563313
-0.9298434127801778
1.5102702815409457
-1.966537089686195
1.3542666519532296
-1.7257883462933328
0.7295925677214579
-0.08011469226738728
-1.9112799464238512
0.8084607600959817
-0.5676216805152067
1.0830749248831393
-2.0229555438012623
0.5017419570437738
-0.14038378025984316
0.8095239488465058
-0.3228859417894006
-1.836721684722476
0.7072686564743556
-1.6784132388207806
0.17751384082539645
-1.5589929986147242
0.7096856090212079
-2.3209971174318373
-0.26197386578514614
-1.541645182650987
-1.8790195466607762
0.35312455539842236
0.35060349416916925
2.057617276518622
-1.7527795644470858
0.5479015422805747
-0.17831368401391573
0.5945557532134882
-1.0525301876662099
-1.8898194909819441
0.4117108527405436
-0.9745969167885947
0.10951158915811376
-0.4997181026147435
-0.41685243226854446
-0.3281190297803107
0.14824087027773922
-0.017393505938394345
-0.8539265048686047
1.3135329324713583
-0.8904169491486623
3.097370547397579
-1.3726457582227005
1.3006988872701362
-0.6351043573490298
1.4389465500544831
-0.3634254461902846
-1.887447985473472
1.040239568779009
-2.3564352547938943
0.031733637456905835
-1.5800659245386155
-0.25808799601801774
-1.4106248196116578
-0.698755725868688
-1.1389441045179647
-0.7943661224230051
0.4144717274144308
-1.4879047694272738
0.13938265396680546
-0.6811760329515981
-0.28024002307925067
-1.1489398538096325
-0.5081855286378456
1.2018546398160066
-0.796358909781573
-0.03622086197463327
-2.0526227078751247
1.2543758378317398
-2.339401591958839
0.9109537912589718
-0.7206089714796677
-1.173560402404898
-0.5693714428188391
-1.0499059659068901
0.8183175279938746
-1.4606971353500557
-0.049267972900215694
-1.742394998340775
0.9510591023882423
0.5370876446519
-0.11770802915758578
0.5220535522591213
-1.4177410587206671
-0.19979530039397111
-1.2539517012768968
1.7907195400429006
-1.8509812814140838
-0.04776231730659895
-1.2413132642174287
-1.0118368663375825
0.679052829708403
-0.5375799998340125
0.6257976695310157
-1.3821476147550005
1.022300412574632
-1.0094558821113297
1.4996957834168327
-0.5518201837257978
-0.5890160122696975
0.342406026610251
-1.0626867901424062
-0.044901605775749046
-1.3232300533622345
0.4700664365559356
-0.35926906914518303
0.9067884600182877
0.08419287843232179
-1.1898985867266292
0.14684398099641352
-1.502020762109188
1.1445402065297436
-0.742426042037295
2.2653811779182984
-0.8887907759995026
2.269168829923832
-0.3205273503946079
0.36926915796192783
-0.08135376406152517
-1.192110282672683
0.5710501819818747
-1.5519474626692065
1.1420993346862982
-0.8684178140151853
1.1090726321754918
-0.5517593054644928
0.4349250385647066
1.3287876982288422
-1.6148656072926357
1.2142302921331865
0.011550411020703616
1.6126679816826393
-0.9860630805478116
0.6304991965531263
0.24967736926455786
0.8396698115400185
1.0103987532666618
-0.8532651868998845
0.8760766094025517
-2.890694260236861
0.9926395721443283
-0.9455775146615069
-0.6624044845911772
-0.5341691962524804
-0.6306786319145374
-0.11817709924054405
-2.6734236091750416
1.2439700075616678
0.062182004530383604
1.4052526059730608
-1.0797208629118076
-0.5924883896684053
0.35940476284000683
0.31314292857879594
1.1652513333404244
-1.1271059718128884
0.5127925181861954
-1.352254109251891
0.8032930768624325
-0.7861848956976263
1.2654129575978514
0.06217252101864358
0.9905144503743615
0.8859694859440314
-0.6386343344896669
1.425008692578049
-0.9218842382808711
0.8063437576662477
0.006963502783813407
-0.03590075217199856
-1.1635819996770111
-1.0181777617886154
0.6714862224143731
0.3253794362574616
0.20228630023384878
-1.2138965445021608
0.12464027519626746
-1.1869803263610668
-0.276629065843319
0.3748269939268236
-1.4838248067878423
-0.13204907307318275
-1.3228907881299137
0.4206536067173717
-0.8413334811172049
-0.355269533815324
-0.2582030017347896
-0.43430969656567964
-0.17969578966264202
0.5272171859103459
0.4332657971261001
-3.8197946963067975
-0.17008861045085483
-2.031265259518953
1.1611504880207169
-2.8640388772853753
-0.4986514961215582
-1.080613260455879
-0.9171444921846337
-0.719800972210668
-2.020089467202501
0.8332863694510706
-1.3466661120528678
-0.470160588968203
-2.480658404248804
0.9283941888659402
-0.500950785658148
-1.6121146302820064
0.5479301992668761
-2.2422319065563614
-0.055865460876497644
-1.7799312060895134
0.5791279674946318
-0.660481458024947
0.7220107111701246
-1.9932678509815558
-0.7830877729485337
0.11791364281523654
-1.9013803245206418
0.7948844564351526
-2.1061421155389817
1.6430171717504602
-1.4436649941645616
0.9061530520071959
-0.5894536278573006
-1.251043523858689
1.6221249002292648
-1.5429724840164827
1.3866583073873944
-0.6939694028116862
1.690147743546583
-1.2838143799269621
-0.6351037757498682
0.011660368431163476
-1.1397690304968955
-0.36814357236777534
-0.8798592666438756
0.49199338601426795
-1.2705913447200254
2.1656476839316805
-0.7722089698210557
0.7804067241260296
-0.5054194168596212
-0.5824813541149483
1.057186995028971
-1.0093176117383122
0.8280069733688961
-1.6636455541537658
0.5473459374016892
-1.1940491771565764
0.1146786919945393
-0.11340249048943798
-0.590635116944732
0.14363683599573474
-0.7977678628660724
0.5108181216494747
-2.7388539243971883
0.5592234533446775
0.2970171149953522
0.6913996366796141
-1.2012242118359444
-1.5292621814149203
-0.0033696033867468304
-1.1972457312492066
1.4522830523399004
-1.3841380076245322
0.08449348739695514
-1.1601350141576208
0.176193812988227
-0.6875977316761505
-1.1366681693691425
0.28615114689605153
-0.43017276466203963
0.8878468198855944
-1.7542114719707398
1.9930367259870456
-0.11392620258285323
0.4798887300092821
-0.32442595876863495
-1.1172318393890885
0.16728704036833308
-2.0460567178189963
1.8767949731098612
-2.4571569714114183
1.6603894717102243
-0.7607844986946908
1.1485641721589428
-1.034621459780179
-0.8252512577401144
0.7721640934392943
0.18620221066821904
0.3832160814759338
-0.8313805181177162
1.1274459289571654
-1.1559629972120626
0.11028285636827344
-1.0608085616984193
-0.9559433142671703
-0.2759157387248751
-1.5857907954547663
1.6420968196507493
-1.2600772536479452
-0.2181570243603359
-0.7234561853994493
0.0109896019057664
0.6371205408229446
-0.5432104663975946
0.6779925415575587
-2.097486219287354
0.8755178132000602
-0.2404322843287205
1.506053249321722
-1.4631329079022868
-0.9762502809482345
-0.6524234829994464
-1.1973040638346768
-0.4447704628007117
-1.9869936906929295
0.023618124385929633
-0.6878038356720978
0.512424816996376
-2.0991068171646465
-0.6595971134037191
0.9769350870381411
-1.4346741280858673
-0.38663247495619585
-0.7815286831101351
1.1022007327473666
-0.47117041213152383
1.1558956173756545
-1.668182565214556
0.9801201771015615
-1.5923300200805637
-0.03731074966371251
0.16694731896014167
-0.8659861915971568
-0.3134228013649322
-1.2518368338501586
0.8069232171036432
-1.0595082615379545
-0.9680359892278564
-0.41761541084924725
0.35099529460805357
-0.5936367711353409
-1.3217247695915815
1.2965830902049356
-0.6085224503830954
0.7150830444487418
-0.7976823278432463
-1.7521171949740615
0.721038018895708
-0.8280615763546586
-0.678326244264791
-1.2148738483906392
0.7099214111278941
-0.23960911233351048
-0.04574757980636463
-1.8381939963019926
-0.5616192146178712
1.5100200142613345
-0.25053548559826744
-0.07132050293126828
-2.26800690694615
-0.44236784439492427
0.15909807148620905
1.4810266586160148
-0.2944312162648071
-0.005035239588400316
-0.5643379725233599
-1.1771098256301538
2.3834646374092494
-0.9873353291012437
0.7216298444729619
-1.320554900096228
0.5979412885087014
-1.3093388840986377
-0.6439197590522401
0.7138314154843883
0.5190975100048054
-0.33168975963952246
-0.19688031520835425
0.29712930232000895
-0.2720083882545017
1.891638186861973
-1.1266565637455337
0.8190302880513383
-1.0254915298186458
-0.4170504312530341
0.9980605242208312
-1.0200424881951458
2.169166658021501
-1.266360745669938
0.12337950412854501
-1.649289460298296
0.2715865868021854
0.271770000580522
-0.0404584035877441
0.9442930017587211
-0.7996505853495212
0.7009431458496034
-0.26536982161300626
-0.5835446288519684
-0.8728411277049997
0.9078702236460034
-0.8464578078189186
-0.20117684932547836
-0.15391261971493883
-0.7161138667556203
-0.6253342429416849
-0.9509073666695209
1.7346445513802642
0.03682804337868049
0.2537736384320332
-0.39149255021868606
-1.0270748439623552
1.9304839988148796
-0.7772535280741837
-0.30183640478840096
0.09395531695941131
2.302070785220989
-0.9899993949476492
-0.7922079044936535
-0.913889662818209
0.14430812154106895
2.2936184668647908
-0.3804497657552977
0.35550619427020663
-0.8938029299917414
0.955576926456844
-0.14267738734620253
0.9342859486019367
0.08385335793682058
-1.105244246016166
0.7363289226148285
-0.88608296954586
1.8130429743659153
-0.732240927229382
0.01838879597122671
0.5081182690694764
1.1858743315092741
0.6563838699798341
-2.050534701858359
0.5087536325482216
-0.5846251586746598
1.0811798609840155
-1.785567845111154
-1.5381205258576542
-0.411711990125268
-0.4618242049687596
0.4709375465060324
-0.5010486587623428
1.4382791613251353
0.09188549524913979
0.667771357226321
-1.478941030508521
1.3023163637198103
0.8539531001952945
0.5790987718428833
-1.195679165089886
0.07621408236471705
1.6088798769797255
-2.182200498750168
0.10697504041747964
-1.8815560981587034
0.6348258964341956
-1.2256829160395282
-0.4367323858344006
-0.6950447725644454
-0.6144748701410876
2.782415285125473
-0.9755533272227448
0.6740088248360501
-1.8192432817794197
0.1814944184668513
-0.556635033438416
0.0907344535606308
0.14529224214767428
-0.660711595702445
0.5626812800603418
-0.5287354742036927
0.6945857487277647
-1.5189181381575845
0.8041612231579758
-1.4475208201989778
-0.6436103487998717
-0.08845037258151231
-2.1597533442860266
1.5164046399980478
1.267795457131316
2.062964390006948
-1.1880650290989923
-0.11209994439224957
0.05647741538801089
-0.6537103780963186
-0.9595473448618803
-1.4510300072463804
0.9134803890624961
-2.192911968903794
-0.3114495604779703
-0.8196753867604192
-0.5356304405112166
-0.5854167623592784
-0.10915115969569247
0.2761332311575658
-1.4587941877048176
0.7228278500196882
-3.1948818417723324
-0.3091299425223849
-1.2008625778857303
0.2179161331211413
-0.5984721586328848
-0.48856094776938563
-0.4997741746384474
-0.7529175498961874
-0.30867979859602196
-1.001684976147552
0.7444013392582035
-0.883455686090787
-0.20793402959360627
-0.5880149052070456
-1.189984222998643
0.6800428531552133
-1.1720246702163901
-0.24202963895396568
-2.5252796725746216
0.620632959469736
-0.9453410902839589
-0.5706514987204215
-0.6032851503775744
-1.6409294820757236
0.20015457701834397
-1.3304060546371275
0.8618964168014773
-1.0346819884337928
-0.9056781469205646
-0.9104855376902212
0.8961727048674826
-0.2885618046384234
-1.4971996649478565
0.6077189209746002
-0.9416713073992022
0.7992465831344152
-1.890522013370632
-0.26060707472167954
-1.2715514332412556
-0.12953011936776543
-0.40530599794797056
-0.1931133716416235
-0.26274395095045044
-2.2218008229054895
-0.8657944600068936
-0.17234357848170473
-0.34212466772765543
-0.7606067197639989
-1.5947365421383946
0.6915744959775594
-1.201299925956378
-0.11245997687939195
-1.4320717140674668
0.6842016224766404
-1.4727915126037632
-0.5226043514271458
0.002639910707647491
0.36960918773940615
0.5995989092163367
-1.9740061016611083
1.3375066505465716
-0.4780279054732026
0.9878930028595547
-1.70879298067653
0.11627695361968476
-1.7297526756439772
-1.3178590316156074
0.13957127631941335
-1.2582554033301334
-0.6500243358732963
-1.221811907843863
0.5874068240767455
-0.39602706982808006
-0.43853452571458235
-0.08561980699981254
0.1975147184794874
0.8373110629789082
-0.12967286241866416
-0.8987738924940073
-1.5968019423244262
0.8647972318769592
-1.6658610975573696
-0.02813696124296634
-0.9691370898099231
-0.5397084124242388
1.63723130071131
-0.29288641754703754
0.4171440102887556
-1.5981905028810586
-0.5693101272421692
-0.6845158887575459
-1.3169457676037157
-0.9712322215197756
0.28128848828708586
0.31031491150399165
-0.9201922524025967
0.7703642233905758
-1.7038348141999449
-0.33563301565162695
0.37663868892835645
0.4588233889256651
-0.6803706807976032
-1.765422670449068
0.19114920021528747
-0.1933163966322581
-0.8730820519378528
-0.2156700191379749
-0.10697569655556112
-1.4686745799654235
-0.3982226645319578
-0.9258280922009915
-1.0632527874485023
0.10784138880613257
-0.52584217740762
-0.7077951130135486
-0.8315287656561415
-0.11182074271588519
-0.8483914306212949
1.5733319592291466
0.27774293520968346
-0.41697054485826324
-0.1871303138509095
-0.7935659998511562
0.4906794075618165
-0.24252335481281684
1.0498431446778118
0.4481601622517515
0.2767419724661482
0.20354631916991264
0.24838687934220174
0.23024836955177777
-0.42588990286448547
-0.7932009292141824
-3.1030756276976215
-0.19713522028384847
-0.9349235150820089
-0.9926923596349388
-0.21331163203133643
-1.810560480871456
-0.35389263361985396
0.42794357349293055
0.3884985592993841
-2.1720347342067
-0.6032895757462806
0.03384890402691374
0.6916260475171035
-1.205373684739594
-1.2130448380317467
0.20359108892932098
-1.5432055794507509
-0.7761245429016095
-1.1145328020543182
-0.3336951455571776
-2.3265941191558115
-0.1490844761922606
1.0441606308252869
0.7236689368158832
0.38831798808500784
-0.3694834476526364
-1.1046730772511355
-0.07050338628905632
-0.642174237138932
0.9536235271307333
0.5816329951257387
0.5077996289772138
-0.2658114514993429
0.36861028215006747
-0.3819454679630917
-0.10411802363604396
-0.6484011549481873
-0.5985330192051127
0.12243277154458163
-0.125207545323581
-0.1322596703958648
-1.7518138201810964
1.119914497363925
-0.317643349866223
-1.6614647777911804
-0.917864644663693
0.9637547493241857
-0.4910616593437251
-0.06343543957108995
1.1403232754377381
-0.1719331520848222
-0.4998521161103611
-2.145933342226671
0.8337785293751376
-0.14642890769322342
-0.5507930715916983
-1.1998243933319799
1.225504038107089
-0.25284208791835955
0.10349167507936186
0.08961299606325536
-1.1088375746984538
-0.7444281042392508
-0.397355921265658
0.4191638736334132
-0.38267195293454365
0.28871639450738773
-1.092383700311636
-1.5765895846771913
-0.028969727586094184
-1.7809005112261398
-0.336793945660394
-0.5116359340161458
-0.0927581854123839
0.9051909171893389
1.120636208054494
0.36287957266623877
-0.15732316480865666
0.5507834021443427
-0.9121238315069853
-0.15113397469679948
-0.7658795140227477
-0.6854858955483153
-1.034735313622918
-1.1583220517631707
0.6035516609458453
-1.1684116478880466
-1.1242928382256492
-2.6415773566746164
0.015500071196860456
-0.574536268409439
-1.303337765748931
-1.0516504650632075
-1.110196736965098
0.4118880550595175
0.6102571704490675
-0.9545690923863465
-0.6846506867459379
0.4721556122966425
-0.35637289945266476
0.9904835114022439
-0.23844173465861318
0.06227256465462759
0.8370472744280568
-0.9954078352102023
-0.12821699977138223
-1.7624512042121092
-1.3787065698354424
-0.9094843142591018
-0.2451767200410662
0.7520145058838146
0.14901759485619373
0.42886297821680663
-0.10702582085902142
-1.63620997200818
-2.4038396695404716
0.07508047469965799
-1.740122073103277
-0.9737228387066029
-1.8301350125229294
-0.593645980158831
0.831133589683462
-0.13513429667523416
-0.6384631634848571
-1.7888228519532603
-0.10013485837214721
-1.0098037775820072
-1.1920906968496336
-1.101317519033618
0.7195877808043929
0.28113090021252723
-2.2225094090112267
-0.045997552380178906
-1.0552026222425825
0.14943136073938434
-1.620458221441375
-1.8841131069929453
1.1566035257464355
-0.5829104275686064
1.420371917973989
-1.267837390282872
0.17750122377746694
-1.943545432852217
-1.3687023097053992
0.027730401104153417
-0.5326059327402828
-0.0034000102709571146
-1.2364148094771734
0.40590324646127207
0.5168844510719146
0.07455596018885209
-1.1873659263601652
0.20029761463275308
-0.677215354654712
0.16057047055020704
1.4891735246276467
-0.6766637503058981
1.446245275664325
-1.1344702166022294
0.3386447063242478
-0.552378070521398
-1.1565800881851571
-0.28010254907901877
0.24769038877050165
0.4339027860583344
-0.32303880561655635
0.0654470177651776
-0.5181121317213386
0.31110204993606494
-0.037381577694425704
0.37558427700828606
-0.21003940092228857
-2.1684409064444505
1.0982979598006888
-0.6114213600980668
0.7442887611794456
0.3373354281506987
0.7157929821406296
-0.19323833021397094
-0.5359119839416621
-0.5945218806283519
0.15292624085244275
0.4965904002019356
-0.09773907377103784
-0.08071790427725604
-1.4953557208149397
0.01837689222792654
-1.511717907000704
-0.12866389879527995
0.08395388013625904
-0.9800226518303765
1.3540157318615442
0.2093312387354238
0.23209841264160075
-0.1284438279674278
0.0317018146521139
-0.12642256647367092
-0.9988629995244722
0.2548923240142877
0.6560313632693457
0.8324287020365239
-0.5283446068285751
-0.029057505444320265
-0.25931249918495586
-0.49133469319882994
0.0820719722956127
-0.49353246835350467
0.478828465603976
-0.5265740165340609
2.1318398517748784
-0.5053782554082848
1.4129584802041897
-1.2994949834894751
0.4434271551603118
-1.1833694886481336
0.12074413612390544
1.195991320554213
-0.795962773172988
-0.578385443622271
-1.1661674020238226
0.25761099343233795
-1.1492793015253846
0.004326727700429292
1.0642046692807867
-0.153046662704668
0.8747304340804999
-0.44394269083616256
-0.9467764513463741
-0.6493296042657063
-0.9381488570239503
-0.13155078625683583
-0.8013759999505196
-0.07700357698416668
-0.21398715091915463
-1.346478535464975
-0.6207770491671517
0.3955259535021137
-1.701829698190605
-0.5135947694293366
-1.7218743173660978
-0.5884199789807917
-0.07472886481768536
-1.8630332876572924
-1.0467030124986252
-0.7395311320858754
-0.3591255865727098
-2.512376612139225
-0.4033137912444251
-0.23676843890385368
-0.8128851625908228
-1.7924996289329118
-1.5268115682552854
-0.3006897727622267
0.18703518486462506
-0.9125557915209918
-2.285209203350286
-1.0625217526779762
-0.370590069587514
-0.7802727189440211
-0.8847092047737564
-2.5761316656620683
-0.9755564773334167
-0.4661555971874025
0.25458244256146506
-0.7892765894177929
-1.565082648590053
-0.2433788808072288
0.7234863618578398
-1.4126739442427207
-1.457289498114707
0.4453068657400127
-2.5570269990085315
-0.4379846365732066
0.3818916964703639
-1.3247763157830326
-0.5540112151734738
-0.153212028021364
0.9746666438076901
-0.8281434685198432
0.5163840391680614
-0.6712067794738995
-1.1455269783159332
-0.7574460680914066
-0.4281871615637772
-1.0989977273172435
-0.0660257212421107
-1.1748057427639715
-1.4132027846218922
0.9565247931034547
-0.8677859690516975
-0.9800178387890375
-0.8679877064710043
-0.7209762198198781
-1.2811385078833035
0.6327779778087875
-0.10249490010186296
0.41831890844348096
0.3989741028959604
-0.5933858677337318
0.7292456626259354
-0.6008191423067512
0.016170608182302853
-1.67561764219903
-2.6769414047608273
0.2703526254066293
0.42414626887071755
1.417007422819443
-1.4905384215768909
-1.4824541806481897
-0.743446939201907
-1.2239856547979824
-0.297886808666689
0.5901010936960716
0.11502044924362774
-1.7913551999854758
0.06088617942349311
0.011041084156232115
-0.5798408642356521
0.26433652176951294
0.8027799823676836
0.42586569421380965
-0.5558079145515212
-0.0775304794832323
-2.403123034424325
-1.2065815252647538
-0.646301002827373
0.3151061781870222
-0.9212215265513959
0.043131801131862435
-0.38596550356776466
0.7687066623919655
0.23087814763367037
-1.2679205554510873
0.16248203754517612
-1.3189188335413484
0.3212306618854816
-0.5345693106854459
0.020130227146665645
-0.4413130625186163
-0.5673009700200659
0.3584707769266441
-0.747404941854825
0.2396959238171118
0.13827155647590353
0.46744835723879813
-0.3412764219161371
0.4128978474372396
-0.18353542414956675
-0.039793394289202144
1.351564151113266
-0.24835456788616503
-0.020165137181581753
-0.6825369665032937
0.820470884785738
0.32021803928833337
-0.46242573182663643
0.30169723681826827
0.3047041683050747
0.4095759405091942
-1.0286311613188917
-0.5532700113973521
-0.14478919980782753
0.3608114512017972
0.32100070592972807
-0.13671037627753818
-0.6818461374366421
0.7754944711849538
0.5191840024122141
-0.6629626286487574
1.5154618708383878
-1.2623723693601292
-0.20531294355363425
-0.37624776848071495
1.3110814143070653
0.4097888049055476
0.3725222178900671
1.0943860610784315
-0.8088039521580569
0.7287153744168624
0.3040131404893918
1.362048375917931
-0.917311337323872
0.4386642250974722
-0.23751840139914562
-1.3932105293449313
-0.5335553451299957
0.1076363960126794
0.637037801893479
-0.4630841420242075
0.4477948023168552
-0.10911635400706965
-0.14878263722426668
1.1241418160676073
-0.890888599024755
1.1410482704927858
-1.6807046440436926
1.015639890065629
-1.8376469844113565
2.120248773054621
-0.43273599719076705
0.2848636797484802
0.6782075167948114
0.3687969894653051
1.1318155708974755
0.28879696091841917
1.6269877537283417
-0.12833763483461516
1.3031799064125
-0.06507891756719905
-0.12563075073832855
-0.3381580853883711
1.7752807052860167
1.6229431778710959
0.29317837003845826
1.3429514282897725
-0.6783696418061381
-1.650676639185423
0.1274543565803373
0.214632664797785
-0.15224090254928999
-0.3211209652895672
0.7569859635757135
-0.15715511459328826
0.25893990343079754
-0.6679649473415308
-0.3973360483289481
0.8790394937324029
-1.1383159459583698
-0.010311358943114747
-0.32668676305048383
-0.06288480318808562
-0.500861832006868
-0.6531658688481443
-1.4644232501597771
-1.2759801278134906
-1.5214994402019009
0.07198448170804427
0.7038887805563427
-1.4235835935013805
0.1618977916565859
-1.1573561822760972
-1.229655984387855
-0.5069834758469625
-0.5387389960311832
-1.9645794703032529
-1.1570887937392278
-1.2838364373850804
-1.087919341552842
-0.214348758091185
-1.648709588302853
-0.26583828999586134
-1.2089783369361327
-1.2765005192783887
-0.6188399367433223
-1.1088223034041358
-0.9720355599118993
-0.6716207993861172
-0.3428859725260788
-0.9291100017345895
0.02935507188692925
-0.8778419428499187
0.40404925595800256
0.8314914764953918
-0.7908926084475164
-1.1358765536567617
-0.5205465784201743
0.9315769602800384
-1.6519549905988793
-0.4062209904126529
-0.9899078494551591
0.9541699387213193
0.0570108575969176
0.17360140726058387
-0.2050254896896764
-1.2633904918174814
-0.792382330932894
-0.693693495542733
-0.12748401501528842
-0.7920663698528497
-0.2630152792425568
-0.05155234150335754
-1.9975146431045119
0.31944111248994767
-0.3114387024396315
0.39910985034490276
-1.611629982579372
0.2440994373018394
-0.515129072078227
0.4810753172696022
0.5561337518140079
-0.7610161246553928
0.8885067385381064
0.4016420330478549
1.2720506010680228
-0.9369737521681265
0.5718594165512958
-0.5164205586214201
0.09906484980257368
0.2726924145673303
-1.076275983352083
-0.24656270051744383
-1.8616465280962273
-0.15488905144321258
-2.511053411481107
-1.117835870158574
-0.9274619245041119
0.4937022608728269
0.4345544025651442
-2.0184095035677716
0.06146867853602854
-0.6697789073278888
0.07436400789933142
-2.3986067740023755
0.2533412002125301
-0.09069211174235071
-0.7771017887012579
-1.5293626994479175
-1.544290449638115
0.9289708655317228
-1.912275046383574
-0.7456903661436873
-1.8097787611436849
-0.48775993550266017
-0.3662709640784338
-0.774606615980411
0.08340369641530956
-1.223675288575906
0.5335712273839661
-0.5457472049050949
-0.8024224875605592
-2.098552000399142
0.5624749453192864
-2.012226127655249
-2.330865946535324
-1.4454972570297933
-0.3850472976369431
-0.8963938304517954
-2.1118416933996755
-1.1358659447636839
-2.5846768031043084
-0.6775739315122649
-0.9573471042771866
-0.7802555336748519
0.40577582566234605
0.3806671714177214
-0.8692539566365127
-0.9960317293238703
0.447955309934315
-0.824073429607516
0.07879396955726638
-1.4629463500055238
-1.3028608532458406
-0.2369196972955162
-0.9440606347148811
0.7118745814881967
-1.153124045037631
-1.0573625637850466
-1.423201503085729
-1.0720934749095237
-1.4735991277861564
-0.16143359283731368
-0.5308065747808557
-0.8093331105615962
-0.2767444286708957
-2.0625352024480703
-0.5696773547595542
-1.407157161796182
-0.4715785659368126
-0.6154999734514459
-0.31176948151096806
-1.674043012098238
-1.1610352754676514
0.17751791236727335
-1.2524580407959274
-1.1170704319672764
-1.561113462463252
-2.2126977937249324
-1.028900360714577
0.0899278857938478
-0.3576192465717527
-1.8353644729035197
0.012311051890955669
-1.443278719537501
-0.49868701585863345
-0.7175116886496256
-0.3892543775906978
-0.9551722137206904
-0.2650317990089419
-0.33918627571839677
-1.037238603837965
1.2192837603199547
-2.7054979803302808
0.4359669033933685
-1.6653323909707287
-0.635708344986118
-1.6479623419396356
-0.2779813676571526
-0.34193417018160277
-1.5161774690657468
0.9011982387967021
-0.9646134268905255
-0.37886253740785675
-0.563502875441547
0.08266830452037376
-1.638692997932397
-0.37573484281337893
0.20670138833578464
-1.235991011344356
-0.7195473678827757
-2.8030702652686283
0.40401165978873965
-0.07465421335500556
0.4966152565477626
-0.4704545877808062
-0.43625074227706856
-0.4484691983381024
-0.18210454000387552
-0.2674926891069606
-1.9909722082404337
1.7528406920782582
-0.9512451367053325
-1.3632958407095535
-1.0921428087275409
0.11632375816869411
-0.22495439652383525
-0.9064899118993116
-0.7516631886408228
-1.0586301434903382
-0.8295854435818474
-0.6681552307178442
1.0222422792854107
-0.8605946620135034
-0.08436479204475175
1.9501077679590413
-0.8172024345748684
0.023127649994248184
-1.4246022776638512
0.8277876016613459
-2.42766806230966
-1.0834938651203851
-1.2965608352397562
-0.15872548336512957
1.0272063335018642
-1.491069835899738
0.685423198465982
-1.16712768139963
-0.7111809672130162
-2.1924683887664242
0.19570666230258507
-2.498215286277212
0.02917321815852334
-0.2241630464943721
-0.19188098701802658
-0.13370245608408995
0.1779148880183328
-0.13991808073893508
-1.3150601100031902
-0.3475895246447653
0.01170244896301072
-0.3103953730147443
0.4710629087470005
-2.7767182630701543
-0.00836138892462431
-0.10423140134590698
0.2725101281387378
-1.6752341885060387
-0.7563413646521271
0.9104471732620739
1.0601925892398678
0.49302020352031845
-0.9659295162043239
0.7144465138053728
-1.1833962166594283
0.6284370675673662
-1.6496868136285432
0.8816229907257912
0.011027673654962428
0.5390496113214519
0.49159276417206327
-1.0326124375003658
0.7153710629300141
0.0324687940107549
0.8181283202931734
-1.0691312420664119
0.4068389391148003
-1.503934527876189
0.8436304030395518
1.7615806652772872
-1.4775093251476958
0.7606618108541915
-0.4102562398440759
0.7386175815664546
-0.9195474761509062
-0.3687411593701775
0.8733175492086308
0.26438131664340114
1.1115369987715653
-0.5220023833847196
-0.1855059281481204
-0.8004783244909697
-0.0014527437156465126
-0.8054829376534621
2.098100124800979
1.4557662729733274
0.3728837982008877
-0.312134837164572
0.05943235941515563
0.9808403168618828
-1.280233520256314
0.9465857913337482
0.14962821857651695
1.5507699160265267
1.4052935570465492
-0.563498255546465
-0.026890228246104438
-0.3767354604048705
1.151632718290367
-0.9805495281355016
0.3403064412142621
-1.0249406181620615
0.32363135938808985
-0.7960829368590546
-0.9256806771988726
1.279938659794585
-2.168211889439218
1.2594339868413582
0.20944743095784057
-0.8996179999180177
-1.8871876745905392
-0.09851223779598076
0.20364576229380538
0.14934422359342842
2.548486019389496
-1.1270807531127105
-0.8149433155701077
-1.0560003442492882
0.6483762372899343
-1.3263711935024487
-0.26573721696542724
-0.29269015754227357
-1.0333824381354646
0.15412128740232592
-0.6770123818108965
0.48884683090070674
-0.9016234098866728
0.8292637156610884
-1.0601090501389554
0.9023127055419551
0.06274522131159989
0.06330494017328156
0.9123828497757845
-0.7802151041888405
0.571139615970985
-0.6833382343069834
-1.0686792364928583
-0.48013548407713874
-1.311711482840442
0.05580915237658675
-2.5176428345588517
0.10310976644312002
-0.6591304067106492
0.03124495475902023
-1.8156317414161036
-0.9290542161387716
-0.3307510890504549
-0.9315431707750689
-0.6664648365247269
-1.6129492629428108
-0.5032343905972083
-0.3486408064431626
0.20550525875369072
-0.9703273211348057
-0.14729702834902392
-0.5746597001763522
-0.8300462626529393
1.0474833269446353
-1.3348382995514876
0.10068548963646884
-1.9984592757514275
-1.3240874047616253
-1.1035520087319948
-0.4060542119867367
-0.31973593847905096
-0.4497045639449944
0.6100663398003331
-0.15028311158257357
-0.7917128406484777
0.14922624193985318
-0.3266583080094353
-1.1983049071068044
-1.0139053872570671
0.5886590761846627
-0.6855275234664859
0.024336686650188264
-0.5055534673277843
1.0642115965803263
-1.5351903151194286
-0.7408974673189248
-0.8391974885081768
0.30160645507192035
-1.1878337695712329
0.10383800576318963
-1.1597371418066322
-0.805268868795041
1.4501847927167082
-0.9474229173771902
-0.5855372163932082
-2.757112428690607
-0.20663694670466262
-0.04279636777668099
-1.9198771107697143
-0.7607904453810774
-1.7264593243141915
0.0216191025406277
-1.8093235987484753
0.9189064904251714
-0.818696543213212
-1.727395582683504
-0.5968479181155515
-1.6603121437033208
-0.763220168666177
-0.7814101133399329
-0.5802681131424328
-1.6432002992300707
-0.8062808215606945
-1.1318674260482064
-1.7404396023179902
-1.8986782761862455
-0.7512150790330117
0.2775213102893875
-1.2763311103023758
0.38040647781176523
-1.6203759446246693
-0.7466950649321857
-0.38324357887584515
-1.5603200948469118
-2.2912860328324154
-1.035670376564406
-1.734022685677117
-1.8734325743571196
-0.6422095584272175
-3.05701261649747
-2.4403840732855295
-1.198516823921448
-0.05383254273639318
-1.3623520424767384
-1.4153659075000424
-1.3082006878035648
-1.445012527855936
-0.31051852875463654
-1.0450956850232722
-1.223855042864261
-0.6718446310346794
-1.575625011748288
-0.7134591474362406
0.2075720497741857
0.5131344753163469
-1.9151537844728683
-0.6101775343322365
-1.2330171816955924
-0.9863630145994067
-1.5740832311315167
-1.7394412579298315
-0.3133897923314759
-2.3721484838160873
-1.257663819644889
-0.7743492712830369
-1.1529788658593865
-0.4744932272139963
-1.898170299831106
-0.8577918148109274
-0.810015049381396
-2.9302313687442236
-1.0294627421273408
0.8765431404283975
-1.7636324625957749
-1.0178549348604375
-2.479282442180435
-1.372155652825456
-1.1240516974628139
-0.06803056967240731
-2.381672893376363
-1.4076287907188108
1.8945651709147586
0.7966256224896435
-0.5138274054095101
-3.099824984828147
-1.0096323677347518
-0.39397241122424626
0.34815336233710115
-1.134094424019094
-2.0309247866079363
1.0017718002919218
0.18691909702120155
-0.7945481713329736
-1.0548238580274902
0.19231088201604446
-1.8262957575855607
-0.6903758772099955
-1.2745193524446947
1.3372659606579134
0.8003577960727256
-0.7550236449088241
-0.7805683468276354
-1.385289891744185
0.13223208954882276
-1.4325008417904634
0.28403692920985113
-0.40370770967058894
-0.9053094108523726
0.5163735862363603
-0.9995712507057444
0.38146602602109786
-0.8917762963465166
-0.02413766313166008
-0.21312824919370477
0.39745469528851585
0.8170826730422657
0.0662848762544017
0.9331008142661309
-0.04631218639108317
-0.40740065187994506
-0.7546662702057254
0.31807559850944106
0.5425839410949961
0.3599475654033206
-0.005661109876884512
-0.31185288694003144
1.8565109025165496
-0.6461627486335692
0.5224233305211649
-0.6765640355860318
-0.018377052957831548
-0.08981820885703073
0.6400194927214952
-0.099751588400941
-0.02854778418981176
0.26890722117945076
1.7082282747847868
0.11682166419210299
-0.14159095247334663
1.1218310150981325
-0.9559730185007614
-0.9852735053145599
0.4213686152965857
-1.3504427616812613
-0.5802584329203799
-0.4795124465028667
-0.42440451430208
0.4354895583649056
-1.8287376834580056
0.4055944933622577
-0.41266288769982556
0.512278640913675
1.993546649250031
-1.7163848259060726
-0.8199749239837243
0.2956336187522535
-0.7540680813156628
-0.5640497152252172
0.3357312521466754
-0.4243234779616528
0.6114066388061787
0.030382720216936845
-0.07926312643866204
-0.3918078621470962
-0.00339646122568255
-0.044458991307630015
-0.4961652302454938
-0.6387535998633175
-0.10220260794844822
0.1798926536230895
-1.1146610776363126
-0.4129130112916759
-0.8615524982815814
-1.5785773187487933
-0.43913084781134365
0.5324724090830293
-0.628213779063294
0.9140311112954488
0.26765832800639655
-0.9712979555195737
-0.6901121463525597
-0.6283908590030337
-0.798631031516334
-0.979928278561847
-0.07026618380982924
-0.3708010858238426
-0.283623937078123
-1.380980812958339
-1.142292612192137
-0.890868658967195
-0.46627920291045966
-0.6769501087936814
-1.8724889856914395
-1.2614555850540898
1.0138837738169872
-1.1854931997475497
-0.3792657897745327
-1.2491674410602986
-0.3300500345631079
-0.5046529735413298
0.9094973973488785
-0.840019810959629
-0.2049259435333976
-1.2284514612805366
-0.0601708451165418
0.6537364049507929
-2.2569812725247225
-0.3842818115413069
0.7330645567448371
0.7259091780177673
-0.2144176843912507
-0.35973671855508443
-0.794080564306398
-0.3926378372566951
-0.5533189758577632
-0.5551059933699634
-1.0066118309996828
0.09027513791303328
0.41277600163485606
-1.0409441498181153
0.18096420444941924
-0.08617146716654844
0.03883226821432073
0.34788804262647965
-0.8374324913939507
0.6460760513720665
0.329951650203202
0.14143824853024345
0.9356185483146665
-1.7182334108539867
-0.7692974439239867
-1.4637557897518436
-0.41337162451390713
-1.457857357025855
0.6954476297066737
-0.9438146265241041
-0.21317089548567095
-0.6582086838136089
-0.2736967591832907
0.27164243875128186
-0.9534186188607291
0.09457491957943852
-0.6363628678239102
1.1897087910833888
0.13086591815506515
-0.18203396732923982
0.06474154470872007
0.29077107349577686
-0.6034282690669293
-0.633433285963573
0.16972598534691405
0.04684866887737407
1.3741479736189117
-0.8145850329889625
1.1049358136721366
0.41176934630913775
0.008962801802500944
0.20982594971409307
-0.5865001026975188
0.6678308174868208
-0.2608437542840528
0.503073696789669
0.03402346828582777
0.981176969517775
0.3148187192113746
0.23605307965519115
0.7439687814578866
-0.037267259953286114
-0.09996954396695039
0.7003912841709228
-0.158182324714043
-0.10590315723499748
0.2784061548434658
0.11628053078525276
0.0670953035165025
1.8983881968333804
0.255032075281352
-0.393195880720226
0.8880425976950684
0.6229828476134629
1.617619364597882
0.500771605422121
-0.14388036551446343
-0.370814762130822
-0.07259305478155789
0.8094185335823522
0.6377274354080413
-0.4262762044745
-0.2640801764786557
0.30182784692877623
-0.3631001626960811
1.2781783931493635
0.6365895160939068
0.6474166662710298
0.03165857688966187
0.569239570641586
-0.500105810629702
-0.70784454230358
1.4256105223097206
0.8118072088220328
1.5981312496719178
0.24393057893525968
0.5934902623686654
0.9789173909775363
0.949282432178206
-0.23571082059332316
-0.039167584968342765
-0.2818684572144274
0.09848167517971956
0.06580975486624788
-0.660294857903867
-0.3276936682853671
0.0816717058979983
0.7954993839189826
0.45046015544037976
0.7214204604341297
0.5798151432575165
0.6982772819869864
1.306892761263646
0.16476510504361655
0.5696224276510461
0.00033300434683712014
1.0472439411485583
0.578772687359787
0.6745131615502038
0.5066104236216814
0.09067043440077725
0.6038067701143849
-0.8984873378139595
-0.852684863927416
0.5678736471748346
0.06777138352743706
-1.5810290573723065
-0.0971024373466744
0.8630342545407241
0.056647035423431975
-0.6705570837170342
-1.156558522573748
0.39373485124293145
-0.1196001091972666
0.21528967496965823
-0.40646152265289487
-0.8810327230516448
-0.45238465701380837
-0.9241294992649959
-1.495155754760241
-0.3802834593286502
0.7974087213032081
-1.2319571678628636
0.6516078704718282
0.37603560729473057
-0.45033579878379076
0.3982220030203447
-0.31560138857703623
1.5481742657523012
-0.10601817490852031
-0.8709138037881308
0.11903860368970834
-0.1930154568830886
-0.6309541398948382
-0.06331389146976121
-0.7215199107122424
0.2263713140421656
0.24686542430005684
-0.08268747014291698
-1.2311511108969877
-0.31498357848324887
-0.1155923982030037
-0.4943220839636343
-0.5663690747987221
-1.4502032126322744
-1.2247398782114767
0.26752804363699034
-0.7410253622272048
0.00500243564496741
0.07401284812786747
0.5186329340298232
-0.7420270220462476
-0.9633129876611145
-1.9427363285477441
-1.2224908622648263
-0.2993341103962603
-0.9489778617724534
-0.6296250190379445
-0.21823201437278467
-0.2607585708581754
-0.16660203540333463
-0.44950644292822234
0.1867521269852789
-0.350175487561949
0.6875699690188748
-0.5963335567148018
0.3925675641993099
-2.6594655557921962
-0.434803280629768
0.095441385124568
0.4501859995653562
-0.641028460925369
-0.9400276475542367
-0.4715805221345211
-1.3936484888720664
0.09873781644238423
-0.5628819350324438
-1.4619716334863795
-1.6594448421462706
-0.7713190274434554
-1.2247237462466838
0.5876865162438536
-1.697530166107492
-2.1405018141775884
-0.16477583855111388
-0.39180336869713694
-0.971424819852087
-0.8221664236647538
0.6355348281039389
-0.4767431444481929
-1.3074470033312493
-1.686073233398633
-1.2983319199892842
-0.26230586049059545
-0.31951514911735535
-1.7115819307404203
-1.9953015413852553
-0.9557489337977231
-1.679854971655256
-1.16847239278902
-1.3063503688990432
-1.604395519506555
-0.4162607839803979
-1.5835905007048818
-0.6304269357526565
-0.9709454188591903
-1.194391037078815
-0.19251568200132582
-0.2539990165769746
0.3853720673922905
-0.720328047887239
-1.0235676797642115
-0.5765274236942449
-0.4688213779621954
0.8502750428630981
-0.405018095101067
-0.5671710909234783
-0.47317336196694576
0.24548706000281093
0.5210594352392535
0.3169525022892615
0.007436171286060264
-0.36709148850903034
-1.2105534469992234
-0.07639779124099959
-0.12812579923406542
-0.09088726407735069
-0.1523572946818573
-0.19623124831474234
0.20151211418722026
-1.4951168076374914
0.30181038297378465
-0.2235912990316565
1.3209106675751743
0.6343009713478434
0.20768784928915404
-0.2069469830441419
-0.8395881616536396
-0.6843330627773275
-1.372717720402219
0.6418790772049434
0.845392641198237
0.48690160011193356
-0.9588954650083459
0.21487922819481003
-0.19022608751810668
-1.0565802523271708
0.583938748409881
0.766190381338127
-0.6486251358546864
0.1944728107681217
0.5345997072438341
0.7336397174822452
0.7049560896750234
0.7133518490360846
-0.7029488521922229
0.8312588465147861
-0.5838050361012358
0.7520668050185132
-0.08930995370765686
-0.29762656727284564
-0.3628960523908082
0.8464767596294783
-0.056443177172873504
-1.3378375597078709
1.5711992084739126
-0.4602811051715936
0.0589422444088769
-0.564957135311661
0.2851624279938857
-1.0938662402696693
0.9086793728863252
0.36410395963465636
-0.6654456944681912
-0.8021602061884813
-0.17402422557771507
0.36239295625380946
-1.4253469217089894
0.061361633088656824
-0.7352378640514692
0.26022689053036924
-0.729174218464621
-0.5179819846260331
1.2169870965493292
0.9218359452178677
0.7433584335660886
0.4860282031488138
-0.9093172026361083
0.4578382324606469
0.9286106456561564
-0.16791078073823718
-0.708795910171935
-1.403743470428776
-0.6212338659463157
1.1445844903242979
0.11958001834387748
-0.6866059956015204
-0.38611318406272854
0.3700461925834856
-1.0049601405256503
-0.6171350139869031
0.32160123211072916
-0.6678309346151942
0.2880177896648646
0.916462601399647
-0.768836513927941
0.16773382700180545
-0.30199831699089147
1.2978991959284334
1.274581591233334
1.8908219885359618
-0.5678405602976774
1.0197348751571391
-0.20724983258720503
0.570898830221251
0.5794689388297963
0.024939059288392795
0.36712054585888987
0.5553151571471973
1.4699969575107934
-0.6048498561387385
1.0667013247725359
-0.8171987054941824
0.20136340266607766
0.33544863144643106
-0.7803536003288405
0.1282090970591277
-0.13058352482870697
0.5420318491772012
-1.2824069287093114
-0.2705035990747904
0.0933283858828554
0.4822363166479368
0.0070810558482272655
-1.514409774415972
-0.06452527677306237
-0.48784986838610733
-0.05054112959663985
-1.9557035877840365
-0.3017468173191574
-0.5674880373939407
-0.7730589838816356
-0.9248007324023673
-1.2890097210821463
-0.5818064580608795
-0.5060098806231799
-0.1657745746158444
-0.09154663323557007
0.8899447722845347
-1.362118255490657
-1.8439241714120114
-1.1200690928542052
-0.8015211414924569
-1.63360142508513
0.1562631375502816
-1.1448586804869685
-1.3348420953392333
-1.0497897664947557
-0.7608600616414849
-1.4267661925908248
-1.641888548999667
-0.3869517710459007
-1.3708272358614049
-1.4433081750764711
-0.8342224409639614
-2.203155814334618
-0.18775807160661742
-0.35649865549357307
0.8740608920128135
-1.8684869816012606
-1.353533841887001
-0.6243399990985746
-1.254906729854059
-1.2644778695450303
-1.6320856364095218
-0.7175724576358651
-1.122927444095438
-0.2796547832033077
-0.9659562293283128
-1.4035571766612658
-1.558663586718212
0.03511986413838671
-0.5763368936584099
-1.495587106998774
-0.4497982743935596
0.05561987584197027
0.6688265221903319
-0.05420138764360852
-2.02953862186709
-0.37567059766588534
-0.9503717021282785
1.7904233756545433
-0.49857105256390477
0.3210398476544647
0.6352399242946004
-0.18549663180652975
-1.565538582055846
-0.8390282871563856
0.13897645081590543
-2.7880815222193203
0.1892143806061141
-2.5991819838591073
0.22591763405068524
-1.3626884098038639
-0.0129386021937855
-0.2588325119350185
-0.661126995614192
-0.83095206012763
0.5026366702053882
-2.8580345577249453
-1.7623576693485454
-0.44030987798586724
-0.4788985680780894
0.3777821284227448
-1.4071791322379257
-0.21750389413210305
-0.8404914475151299
-0.8686026115141137
-0.33648762729445403
-1.977816026241125
-0.7224247218787269
-1.7992081159781645
-0.46708944293078714
-0.5022648329546664
-1.019112510300592
-0.24196497352187357
-0.8614360616036457
0.26953141468032765
-1.8682928468188127
-0.9725612449156125
-0.4597662512558805
0.6875577327206951
-0.7749968640054687
-1.462950128062251
0.5913487937851305
-1.7361155826282775
-1.2481408453367449
0.012811191772205974
0.5023131335937068
-0.902046643896587
-1.0328620968807558
-0.9204408221635053
-0.9862576644382227
0.6624932577974225
-0.2583603771946148
-1.2669969918649595
-0.9186279371350824
0.5500061368993094
-1.4198258526087664
-0.9435622103520342
-0.7781101845319065
-1.7247149081150788
1.3716812988609706
-1.306014955991605
-0.564945432915329
-1.336958030226423
-0.40730766603925783
-1.3170177900683084
-0.16928586216415298
-1.127647737599143
-2.044321267675885
-2.1975179084635252
-0.6113064267866702
-0.7111156445064406
-1.44878732236822
0.7945660417956267
-0.9556617790464944
-0.017715835240366396
0.2694207323952221
-1.319885657623727
-1.681874908421266
-2.1086915591282755
-0.043612276834519306
-0.9954711489362692
-0.8608274273355958
-2.8537276355749364
-2.4487068690773306
-0.8647759497268663
-0.5404786873245125
-1.4363559415854854
-1.4026978984046672
-0.5830255748312032
-1.8746576593443904
0.1483290889905583
-2.1631964765126717
-1.0093986425147417
-1.4355702365827225
-0.6229842255147613
-2.409596671516117
-2.4769439992093787
-0.4921263150540825
-0.9114378650828481
-0.5043515244704022
-1.4871537246925994
-1.7237132735022895
0.22365716800188357
-0.9190522032015483
-0.517891364739402
-0.766321827091476
-0.692357260003411
-2.782485650901666
-2.0973939107656197
-1.1443813036407902
-0.2746397884022499
-0.19728856483964896
-1.0834951716456716
-1.0817745249170352
0.369137256024565
0.9138349671520863
-2.8859359349592513
-0.9674412583984773
-1.1072372041447835
-0.6413737246465296
-1.6204051267446296
-1.141123858358552
-0.1473982329040253
-1.0399464716709326
-0.8273786420254297
-1.1965699467198472
0.6093896701595556
0.029530146689297147
0.2589061648302817
-0.4103793061035481
-0.5193810237376787
0.0060853064271546
-0.33725174585647183
0.6608316293080239
-0.10075352183977755
0.2485068180922917
-1.716547820233646
0.13931168276788433
-0.4785392492751261
-1.2644813795450807
0.6850557062519418
0.17041071675168312
-0.6786740624463268
-0.7796612558443945
1.0174450589300579
-1.0623006634537415
-1.4526146241570417
-1.1357214420224107
-1.4723554989461998
-1.082788051791389
-0.7000151716255976
-0.8387339682223559
-0.1908661442254719
-1.232930931797667
-0.19636521156056688
-1.380787494436676
-0.7837537425626689
-1.7751948362316254
0.8270053711096669
-0.6202020521420499
-0.4532511065002658
-0.8331927262286309
-1.0186416776392786
-1.47211211326391
-0.07084966724043043
-1.4290414706309151
-0.06908949698503994
-0.15733509862237022
-0.3182383086189843
0.28971517113978174
-2.580124632623391
-1.733554983716318
-1.6086396942567016
-0.5941267989396922
-2.6199249956501767
-1.2134615887680462
-1.9461650410814801
-2.4849947907694245
-1.005961104361982
-0.5620346880046568
-2.591315920536501
-1.983816070970128
1.7994007973039943
-0.8526282121781857
-0.7938906380094708
-1.3926682087690434
-0.9533819664384561
-0.6336441260416483
-1.9950925882121333
-1.9117760468328868
-1.2035947498348387
-0.654328116874544
0.3401999521035804
-0.3166070746375974
-1.9847856412417129
-0.9131079895368895
-1.6465922351991176
-1.0444169731201376
-0.9570253870544264
-2.089867927486179
-0.690953053528865
-2.089475002811276
0.8875785471364774
-0.9445693394333825
-2.1572554455636346
0.07162180095945182
-0.94716928295515
-1.149157729953756
-2.8683141815767152
-0.17663331379040245
-0.6352655049896196
-0.07861085765361794
-1.5201077099632705
-1.3559041924862376
-0.7237185739186853
-2.1674048405918143
-0.006138276175966618
-0.6531905453281869
0.4858180052556422
-1.145650004995511
-1.9935803540389594
-0.49217638606520014
-1.5346977856837247
-0.4681287819692819
-1.657288371152687
-1.2307862392804578
-1.4048278045533975
-0.438482856488421
1.0025036078223712
0.6725778744466573
-0.796351532652246
-0.16989462285546955
0.3875582398964596
-1.4213032207415877
0.29315712159681223
-1.9348907822094685
0.12861877329865254
-1.7667602027440399
-0.901538476250772
-0.5176321982609366
-1.1666276967719835
-0.4577144818806166
-0.8260532369605589
-0.6233622393496437
-0.20512636789573852
-0.11554953828303656
-0.6643770941589306
-0.24219369966900553
0.8098429085152749
-0.525193380844404
-0.9046178819963981
-0.8518822056319796
0.1563662198120626
-0.7722567156459604
0.3040193091602569
-0.12406866689225854
0.03617869033742361
-0.2971269655254571
-1.1471354252720665
-0.45856928134077934
-1.7889054913720064
0.2941754009019917
-0.7535010671548233
-0.3994574662894307
-0.01366069708642328
-0.6347440986059947
-2.375875871942368
0.12338291022341817
-0.856545402683127
-0.7185365476066664
-0.36552758453614287
-1.6344190838191643
-1.243158482356744
-1.3178322600329948
0.3980371584502025
-0.032763548300908565
-1.9408718293117178
-1.3442638298493548
-1.425478468002984
-0.6973478299520665
-2.1232047204932005
-0.8995450833141458
-2.420233988940606
-0.8735521329398223
-1.6702886611960635
-2.121117832390682
-0.7028646370954504
-2.09041155865894
-1.4065082173851786
-2.600284921103242
-1.4930642242733556
-1.841664287538212
-0.7835364826453999
-1.6161178803458536
-1.1501189454066298
0.45619600950287176
-1.8927241165680806
-0.9999040379236399
-2.07653130186561
0.2547827662151894
-1.244112129379116
-0.582986701014881
-1.56053590135329
-0.8711267124346852
-0.5541838745300827
-1.9266029483302722
0.11599438576884326
-0.5889045253320034
-0.09806681676246964
-2.248366976059843
-0.8603115738403502
-1.7613170170616033
-2.2013232015339987
0.0970530920494866
-1.9731891040870466
0.3840049361918136
-2.9206134731038156
-1.2000719774645967
-2.6739522694627325
-1.2143048227509075
-0.13811514224569413
-2.152704387303718
-0.3810053626303487
-2.0699994034883344
-0.6006235849685769
-2.415250366673061
0.31867989365170685
-0.37361763178931406
-1.5162646071156576
-2.2317786963855566
-1.8321458879004564
-0.15011844818962064
-1.741568045323566
-0.33638925639482203
-2.983073730811104
0.47057935366954784
-0.48735409840114585
-1.0582046745958353
-1.358351154472533
-0.597453673442704
0.23240450428916504
-2.156443769845088
-2.1414917153228843
-2.127754304896756
-0.0548931049587526
-1.7725020627205343
-0.5192955935215674
-0.9743316567069624
-3.017659294830541
-0.920397974211993
-1.8867291460500348
0.33928020264440767
-0.3834281834555745
1.8349998366990392
-1.140944887299024
-0.8354505391250494
0.7663859149542417
-1.7642160860803484
0.6004978029348949
0.46843101946746024
0.46798892190832697
-0.009612446902303146
0.7649567410230964
0.45342371974680445
-0.4025691199831145
-0.8796441755606667
-0.0090251889913643
1.1840123727953409
-0.7616268669202083
-1.008109672152702
-1.2473100309981195
0.9519975733836832
-0.3745932615218296
-0.10232563163021458
-0.7961662432245789
-0.5029572384587099
-0.4566594520497042
-0.751162516247487
0.645094219728989
-0.4799550650957333
0.45020042674139765
-2.2113126756031023
-0.20617742603485956
-0.7620615193899081
0.33453698817425453
-0.9054810321533416
-1.5471333345022449
-0.6189990891469086
-0.9130035294369218
0.16412160131502856
-1.5490271574927117
-0.6065175328191532
0.261023728176771
-1.2313369128632876
0.11505217820588379
-1.227528548533131
-1.2721626962784056
-2.5364730421687356
0.282756778301081
-0.8740700427134986
-1.015086127947656
-1.2081786921208817
-1.5191328686802543
-0.20085064240884434
-2.609735170175846
-0.8077301559401118
-2.3259325982835843
0.497939291080644
-0.6455002337735527
-0.721778418043527
-1.249463588864566
-1.2174668701720033
0.272601991133698
-1.2330738561399435
-1.0032141873723892
-1.667568502820618
-0.3938246288942573
-2.664525800758519
-0.846235403729668
-0.6822550037716967
-0.9497080876507507
-1.4555175382550523
-2.2051190682115602
-1.3623889875199382
-2.1008683943050652
-1.4936978052821601
-0.08942255795681371
-0.10663238187713266
-2.8997312403451456
-0.7184856670839098
-1.5711437943146283
-1.865338810474811
-0.6108851205119676
-2.8817218842136594
-1.7903111388559143
-2.027280552078786
-0.5236789524288243
-0.4150258988863764
-2.775262920578082
-0.08320948647123777
-0.6226598591977408
-0.614651592632141
-1.5990741471701755
0.9346407232525248
-1.4306462583816588
-1.7890349955429046
-1.9185001577403353
-1.169098473982515
-0.14291883584218995
-0.21064004167002007
0.21405825787250804
-0.7774680809488798
-1.3099427044242642
-1.0435857845151029
-0.6069560409320796
-0.4393442260408113
-1.5858779057819823
0.4944302911418204
-1.07028056202564
-0.04836447245294012
-2.055176408969819
1.0424690306965498
-1.0198653106025017
-0.8907911616635608
-1.4784870563657218
-1.0401353412790575
0.6303299552760193
-1.7369994787650795
1.179921600133494
-0.6216430234688487
0.8624387829376784
-3.1569219610363484
-1.9359963545027763
0.2535328209338925
-0.4897541458058245
-0.0014421993600733855
-0.5674195100058188
0.7989682095881256
-1.8132104696715998
0.772907316703143
-0.281506849516952
-0.7536497983094336
-0.4331311071981095
-1.089037947347291
-0.9271281281929079
-0.7238841430939676
1.8685039971505735
-1.1764493866858128
-1.5261799169658037
-0.4265609742904359
-0.37466134031439957
0.057596096890119686
-0.5431564612205233
0.28099640898076195
-0.879073459595537
0.10186364497620182
-1.8860035854641626
0.23888928499365025
-0.5526731791270115
-0.04687820306264731
-0.3376022774136232
-0.6934177830298339
-0.3261732601564099
-2.18102397387384
1.7995807068633882
-0.7076206908520996
0.2614218662409665
-0.1959834322895503
-1.1384770044638337
-0.4928308447602245
-0.9608658546323714
-0.40074109162035854
-0.7464256452569548
0.0753380290225653
-1.3327325815454028
-0.508509163228082
-1.1152062641344438
-0.6210194737311375
-0.03364897352859616
-0.6142814657750068
0.48331110888914275
-0.8317934319021824
1.0551145217235685
-0.43143333670113215
-0.20625860588238581
-0.3683199463402915
-1.7407306642257623
0.28185105422638285
-0.8390157848690791
0.6776724803545365
-1.3366097088834135
0.039132008739216725
-1.8558598289589285
-0.16882937136504347
-1.8761292086909158
-1.6373025574226059
-0.6527657220782207
0.8134194106699844
-0.02189682686132095
-3.0381545031469877
2.010076681390068
-1.1205740472707937
0.9009437902930185
-0.7804740527630053
0.4340455224655447
0.12724061142916251
-1.5813252959517214
0.03874367917987382
-0.3726714703209426
1.0184570985805637
-0.6147942245134643
0.24189546759921998
0.23283710761606838
0.23874569340079602
0.20654253695699631
-0.8795825347705509
0.24910220119560755
-1.1473869556621066
0.7769674315687183
0.46495776319579724
0.05360043527366867
-0.7019958203206685
0.11151825306932964
1.427690034634136
-1.0687885780240647
0.17099548901328468
-1.779034254472798
0.4227454838956282
-0.06635379423893507
0.44118906489343696
-1.7937483000857193
-1.7647963524554338
0.5884914774662892
0.204211939089513
0.4834692348202818
-1.2011709235614838
1.5450794287510254
0.8618642039156642
0.3748410655560971
-0.22634181496176345
-0.1995623948169993
-1.2437395508711968
-0.252143418974188
0.904179045614784
-1.3109500412010828
0.5499287417852712
2.387460926010381
0.5193862586907089
0.5879778625662526
0.23764602629363343
1.3569800690072624
-0.008899413241881296
1.326913631290132
0.013657109958449156
1.1994233925400974
-0.1425555219863776
0.09959798192307623
1.5611743692862812
1.2780868684366453
0.8628763996799858
0.6716880115144482
0.5232982587923319
-1.307426158757374
0.4414638680683474
0.11046992833710463
-0.0891561385729256
0.44802423642656375
0.3631644099117239
0.2637578581193232
-0.025092284309519083
0.700668175419466
-1.9768700303796511
0.48469290188678615
1.2126337291672198
-0.34477036992740373
-0.5514530440937716
-0.5577053686991915
-0.4957440281489624
-1.7720932139630239
-0.11132652270536865
-1.0819946386063222
-0.8455720737270145
-0.5798466367631735
0.9657083492801309
-0.23564037788832018
-1.1431626269076214
0.7426307058300259
-0.19991330450931458
0.8189160680462407
-1.3556842376413551
-0.06290183998729065
-1.1831997337857505
0.2149244141113409
-0.015340689126039659
-1.1065266288689461
0.9677149063562527
-0.9311972220586195
1.251677312282818
0.3175700837043264
-1.3566649172873435
-1.3929020434507156
0.1858090082307375
0.08437789609191666
-1.2206789585040447
-0.117878205200074
-0.10648552353250386
1.2076890489954688
-0.9929890930289457
-0.49009297180987504
-1.7149285566307575
-0.7339352501258047
-2.455280205526474
-1.9919916261247943
0.16649262715303798
-0.7527538018705907
-0.1450591697266276
-0.7923833429631321
0.007781281437871332
-0.4623223123251156
-0.9578295679277299
-0.10905441559640314
-0.7266174798686058
-0.4335233483000071
-2.099962888263629
0.4086750111615489
-1.7731547501226006
-0.21191080119690048
-1.3288113884673742
0.307087358506296
-1.0054539540554313
-1.5600570987911764
-0.27211685525958706
-2.3843779898629234
-0.9080177824975137
-0.9486317169217051
-1.9023711766650895
-1.0584613641507465
0.35740648453640245
-0.8734344796504856
-0.7082286911654213
-1.5476673981438347
-1.7893290341586703
-0.05987993532398237
-0.8007945984776612
-0.08794291719391197
-0.9276196992729095
-0.5075533031836253
-1.1837486143975993
-1.8983144523034419
-0.3574603899508079
-2.6223374608999372
0.14663102458166036
-2.294160635119171
-0.6488313889084336
-0.8452031219805015
-2.374300997910478
-1.7447242520626034
-0.5268170836309203
-1.6944644848436143
-2.115666946577144
0.4652790442267939
-1.7562943713360561
0.6439760719697493
-1.7511952628780234
-1.464613946049066
-0.13098671799525816
-2.046970854333177
-0.8913965523275195
-1.3895195116240193
-1.0356242372191586
-1.832303707907385
1.0334579726529785
-1.461862827422655
-0.5698796710273228
-1.0058300543847667
-1.2685814767846013
0.9542511197871537
-0.55193613041977
0.1717870501076061
-0.9928185301311317
-0.010657302667518595
0.11240385549721327
-0.6172560515705804
0.2623397958709533
-0.6834061825585481
-0.11777026102577647
-2.045579488203851
0.05838456184793796
-0.283002763268408
0.805410118397534
-1.8827967032134443
-1.9599490091841578
0.5191820345768601
-1.8761622833155558
0.6153632934564238
-1.1701243700525614
0.10315708856682412
0.5952865702648225
0.5304408471701454
-0.9039239932955621
-2.542006816325788
-1.4336792482958265
0.5353678564532287
-0.12745109475661912
-1.4318033748034644
-0.6143873547075341
-0.934072814886238
0.7260627188138604
-1.3620719302204998
-0.6621730102428883
1.0986382942566721
-1.0632545928154173
0.6339969269704987
-0.6402343656984616
0.5357223435092171
0.3002856215481946
0.10416169501765547
-0.3693489847467632
-0.5968532521263809
-0.9094551139906518
-0.7073532748705605
0.26434908523616507
0.043601662723323206
0.5752960533848042
-0.779383501315483
1.0392209176079996
-0.04436285378312348
-0.7123640605497491
-0.8265144361733018
-0.2766050277419573
0.1146218227723215
-1.1321025377870912
0.639177893506168
-0.5031486902564019
-0.4032483679916223
1.0795933875799446
-0.3816576250157658
-0.5253187671970677
-0.8065021868421213
0.6897886138242435
-0.3110321172339626
0.7509799897678098
-1.2361029687723988
0.7090191415433845
-0.7919418617726917
0.17030960734297834
1.1231363759092923
-2.1829404783802118
1.0750607647804005
-0.40435673946795186
1.201719788689137
0.29487112491977036
-0.09187416904625294
0.09368155032233536
-0.09438351171131787
-0.33298275746660766
-0.8046751005158579
0.23372234333557898
-0.9158781694169764
1.3685563919668722
-0.08422882171782778
-0.7926236576370758
-1.3437269729821197
-0.25611518739753214
0.18273568195365517
-1.7718750100526803
1.1380978477151356
0.42203894498876493
0.5080647163539386
-0.7119689323846919
0.6428242075492424
0.21278168187289578
-2.2390638650155843
-0.8311561273530426
-0.48766253303963536
-0.3825133451865748
-0.08863815207198927
0.37125237619714946
-0.13228057036583338
0.2796780907420686
-1.2488742159036579
0.1417364427953779
0.7848376304010874
-1.576828653312801
1.6255034900400425
0.7359003834059076
-0.4443944152178734
0.21089505439781864
0.5177789946513446
1.054344529675083
-0.9751513003046653
0.5847033087600249
-0.5751182071515029
0.42532618723873056
1.8722391438641697
-0.7612078008445766
0.1391462397449196
-1.2020395731134077
1.7219378860406447
-0.5551986264101384
0.8332780037648009
0.43058800423615595
1.1784584230277761
0.8876487604320638
0.3743981145195311
1.9274369928696642
-1.2696690112809073
0.920401005730197
0.04162237588915803
-0.4636159083980924
-0.1804551898824388
1.1002380213858536
0.5732545841498345
0.40483202146098307
0.9789491738829197
-0.047990196684590335
0.40204586480444143
1.1465074857254387
0.5910538072393101
-0.005903384032031882
0.5547380000093732
0.8645167315933996
0.8248449630674757
0.7355848805785641
0.352979902429648
1.03339296456168
-0.012917044714778583
1.4599939750886601
0.9751134712143148
1.282875124176161
-0.2139454216468635
1.596719286297011
-0.12605024395631842
-0.02215063317802349
1.554862153589379
-0.4928611203191155
0.9194337407312552
0.6210728016292641
0.6123760536912704
0.06928784849113158
-0.2954798524206969
0.6083319194973008
-0.02187621177857739
0.6230274148222152
0.09179419446537375
0.24973137855731142
-0.08746683165593895
0.37490205436114993
0.654447062070213
0.5418407191551173
-0.4563361187442263
1.3262035232981275
0.9540844595020952
-0.8676988950873612
-0.010897297007661457
0.947824591784513
0.8767720378217155
0.06572972355806195
0.5035900268933184
-0.7303696666216467
-0.4104253111900266
1.106079510944714
-1.2446252180745494
0.5037776068848482
0.08260848392323956
0.7061210721132881
-0.7070171506303298
-0.15407574536238813
-0.23207426557353306
-1.1622344646560876
0.03356478554348226
0.5063077578305816
-0.23073680221719295
0.28766667486056163
1.7393318483103763
0.4560539012232026
-0.2193902415042638
0.1163604195609487
-1.0884358240246603
0.8970058143546734
-1.3674815619359115
-0.16044635587192696
-0.12285658507601999
0.03353351643738068
-0.3121485441637706
0.04711583030314778
1.4228959021768277
-0.20171321163123374
-0.29314805208016287
-0.41304585859725
-1.046185698300331
0.5262669874641775
1.1409694887637285
0.15167255028293553
0.016435210621732213
-0.13461852946353284
-0.32628153249235403
0.8790094622673188
-1.4990948928271997
-0.5951031176672553
0.6391098410683639
-0.10449685976431684
-0.3091426480678012
0.43513207867147263
0.3755884062370295
0.5121171662858434
0.6867933925997071
-0.4174166752912936
0.4800540028300012
-0.29828916451013027
-0.3110898799049094
-0.7566054004560241
-0.7339823161873725
-0.26689872954724964
-1.8180943177489448
0.0008351663246600134
0.24610776713555477
-0.05206564907732163
-1.0428855216069228
-1.1918839043456715
-1.286731728149741
-0.2329868178032471
0.12243818319935197
-1.234853519955179
-1.3915438513965548
-1.2068984713294082
-0.7998017562718109
-0.49405529080299004
-0.020876776710454938
-0.8956548471881005
-1.1072003607289884
-0.6847627751279548
-0.7872174409396181
0.0827133625299594
-1.0919418504829932
0.8139613243005739
-0.8603107028271036
-2.3422789422330625
0.5143600880026818
0.07409627776593916
-1.394321473982832
-0.9970685341299567
0.35050981751146226
-0.10724449121527052
-0.46953648415103016
0.3101419519536775
-0.6905091998059816
-0.6219473449188457
-0.3340664724917058
0.40294526539963077
-1.2917332601437312
-1.6553595482185925
1.5538175336800018
1.9981570471296937
-1.0969916695000697
-0.459470927178507
-0.5323801596908161
0.6026821711560204
0.9457549530390486
-0.511300540270086
0.14881420301190781
-1.931546233150657
1.4901416998873878
-0.599102131072066
0.221205862612519
1.1124874916748844
0.08795479852489949
-0.15255463114083237
-1.7534799161284076
-0.025075765041501077
0.13821737564489076
-1.3469180774187322
-0.44689766361756195
1.2426588409536352
-0.45801143029579694
-0.10395122436204496
1.3802904175282518
-0.9321201193219694
1.3162242214371078
-0.14577062800780433
0.5404399457095648
0.10332379883856728
-0.43973524516083845
0.030092838528555547
-0.4586303609145786
0.655863570463924
-1.098542677446436
0.824814457461345
-0.5969751525806567
0.2123465871027407
-0.414666774730337
-0.19640803369725313
0.1338535105964032
0.15056190059043303
0.9891807960754888
-0.8816064654914355
-0.12264622030349666
1.3017656802587656
1.4551967032712563
-0.8181522574744443
-0.1829546737126237
1.4507865874016808
-1.9807875962526866
-0.6017533959847428
-0.21714647644971452
1.5733997760093834
-0.7322865043378148
0.11776034059867767
-0.4077433767954951
-0.6000307281643074
1.5666073526557895
0.39279685112644663
-0.02063070852019476
-0.6408290329863888
0.6356612413455466
0.032620140020900246
1.009857788352787
0.6201734963710573
0.4977721728192455
-0.7791978184947235
0.03158797300176896
0.33251960744941395
-0.4511803068336931
0.44984856403762735
-0.4851290164011801
-0.21086678052389016
-0.012404818080696446
-0.9133908687812299
0.6251438932580345
-0.009838264785090827
0.5658526208667943
0.45802883621020885
1.0969512649980033
0.20291106016048174
-0.14356994379029217
-0.20221738689862384
-1.4251605291462812
0.8716823149050364
-0.3194217938730671
-1.422071983663641
-0.12270388188126391
-0.29508843394821677
0.6683098725363351
-1.0916342549885067
-0.20424417324328814
-0.9521675026381171
0.8928630669061962
-1.8349355771933864
1.5230409050598008
-0.010549581052959597
0.2306384816631665
-0.6614112026858883
0.2270772360527026
0.5437473353288905
-1.5624907836757214
-0.18759255824420606
-0.6912829661213488
-0.7950737495486301
-0.6914504912256675
0.34784172943074426
0.15372220660540412
-0.9606219473232916
-0.9442071477350029
-2.1361402564248033
-0.2211949762378236
0.26792388916148013
-0.5167896894239287
-0.8681277348856159
0.4945191855750659
-0.9582531969363133
-0.544871523610192
-0.4117968345439716
-2.639311693487284
0.2967240302462881
-1.930789334108083
-1.2449883987575059
0.5916858001831603
-0.4886528303112901
-2.168721797409638
-1.0968970500609274
-0.5861324608833178
-1.4055787896776308
-0.35717656812817944
-2.030935236722872
-0.6643073127238103
-1.8690558956513907
0.6536563901531005
-0.1430050290871849
0.24541967470497852
0.630510558628482
0.19753901605477533
-0.7048759286886462
0.08998883024673589
0.7694160462901946
-1.4953188393668042
0.5194899656619253
0.20752487510268464
0.12787270324701383
0.5155731328631973
-0.14526805417387598
-0.05577700095421897
0.4112041050291221
1.053709546388527
-0.9258232373706455
-0.11702843507889499
0.8773956445339833
0.5849728708451066
-0.47019537869199984
1.4476241686526696
1.5068044676335348
-0.2235220833524491
0.1436176280123665
-0.49770254431595706
1.558261563360744
0.28630571834352236
0.24848611898886305
0.5376132005571759
1.3586008897268718
1.166996677762578
1.298853380158017
1.9627443257740758
0.9183287169927421
1.5602693290834584
0.9163464342708194
2.012475134571751
0.6279939632582436
1.3735683730913162
0.4646016346910162
1.0417307612591016
1.6952812520284652
1.3027914823635185
2.1338265340752596
0.3011942461893246
0.12535059173330185
2.045228290848555
1.3288756122327932
2.2390233444790764
1.0561256074272205
2.98424613138488
1.7397636176153355
1.3037409579435564
2.5511651677346974
2.890472795246262
0.21503266026512405
0.6817596794331386
2.127234888344361
0.5540370507560329
1.724576782007035
0.5700176787206956
2.743261713625934
2.1614439832236627
0.9733290347597963
1.9118032595903993
1.9862428139306303
2.2270375375541005
2.1946830147962992
2.5582659744470804
1.7352120974059624
2.8417597237731558
1.8306772162461855
2.5700530528394716
1.6146807259182
1.4515971331940347
1.6531126820080861
1.5488090620289385
2.229321971518235
1.8145923671277875
2.659055757257874
1.7427193454396082
1.6586194770121274
1.883273146679472
1.5983524961408677
2.624056451047351
0.8800296519740187
1.1869255293566219
1.5368880575328943
2.5454326882183462
2.0419225215735843
3.3488210867677672
1.6245515681089342
1.496520788115641
2.468473343558017
2.139235213827752
3.0929999191396105
0.5256682918554737
3.1251190394662474
0.8598314902086771
2.083947763184281
1.9699655516629335
-0.5380925241252852
0.6994310561274241
2.3138281604045328
1.9955921818168032
1.5183015234063078
1.2230817803691303
2.058033521650488
2.0659773488856628
1.650286639288544
1.8590930754967014
1.1706651710019491
0.608957709375731
1.1924929751832631
0.6385567218810653
1.1823166258937678
-0.05346708670899697
1.3175715197553888
0.8917800727685755
0.8008781593652547
2.052569977226989
0.19170921923703793
1.4683188672319551
0.7323854225063088
1.1557383577708316
0.22076052346916317
1.5128351926742662
-0.03953431677790689
0.4128239111001151
1.8532152125925214
0.23981197656575054
1.739986560102479
0.2143837176215097
1.2175234484659625
0.526312133750177
-0.30375368176310397
1.1067826948697366
0.6514763420693459
2.2862320951921675
0.2138349822793916
0.5109387289668659
1.018787806139099
0.9426371847402022
1.2606941128934135
2.569188795062539
1.2644563010350334
0.44389017629539185
1.722545966932761
0.9636232027928785
0.7032581475077094
1.7893092851512555
2.714061895165743
0.1636230089291034
0.5262365103993548
1.9258830874692447
1.6153023999284553
1.9299380263911228
0.7404166630249979
2.5885247206577744
0.48374440610889063
3.2218514820756865
0.3200723114513496
-0.6795049217708082
1.2554936651328987
2.228617024219974
-0.07397352110785016
0.6480860230248331
1.6456376145213265
-0.2878677048645609
0.3629423313245007
1.605611953064494
1.6465945586619488
0.32305534647622597
0.8427879939240155
1.2203756121945688
0.5705863565448563
1.0832852563557698
1.7938748942668654
2.9862107104960764
0.6709606139179373
0.9586280918865017
1.9293496710456153
0.900364712638502
1.2232834946549787
0.9967962477650498
1.8055677192954103
0.4567726715550262
3.2327055122420854
0.4752860140179985
0.10153346585540786
0.5597887319834188
1.3266528270782159
2.681449910646826
1.6319211398701166
1.347570412935881
0.7801044666499833
1.4795600524874155
0.4083390875966713
0.7032748940000598
1.5945364624820686
1.9461992176188108
2.484825481642812
0.9023562425153637
0.9100270339956781
1.5595496594032117
2.264110910542293
1.4405345711370448
2.0204363312965
2.2779109038569114
1.0397541425993517
1.5643566162521374
1.157330543857341
0.8016406570632764
1.1504583982462426
0.9353152149762165
0.9638055773223696
0.9765465769061232
1.514562055459834
1.1065105031143534
0.6865927889327124
1.343405532595528
1.4798974673326675
-0.08188817126127465
2.2256866497023684
0.7838230510307141
1.1539038433615236
0.5961736875262869
0.6649377790513304
1.4049470501897106
2.2654793923335577
2.7394712986723806
0.12347634047508754
1.0193893789586579
2.155188017427598
1.4113624696788238
0.9887006958724022
-0.03544448416227281
1.1360159241574992
0.7822337514208563
2.7345221143422376
0.6883797852476081
-0.09703981073914619
0.5285801376976537
0.07324863453629638
0.47742535410674236
0.8347098964203838
0.22463331261202116
0.855930679747077
0.9552334823940486
0.3220703470455337
0.6548147083726614
-0.3429809387523141
-0.379140585494762
0.46847018978034877
0.6215930370224889
-0.4302900921518027
-2.196065004400568
0.17377361618427103
-0.05837137969415861
-0.7215634660970114
0.5056604669438847
-0.7312059504542522
0.05250126511529165
-0.3196874300472155
-0.13944006418960964
0.26710908226398655
0.7779124623222259
0.09947067190101148
-0.3405243341739958
-0.7281412737526937
-0.5913703211641461
-0.25598540346324106
-0.42303949433271565
-0.5798255900416807
-0.7183629248842686
0.09475866706464267
-0.19521483822806637
-0.3846259094841636
0.41886438877089727
0.24837562698240623
-0.12883882912493552
0.20012830197441625
0.5753153676190627
-0.08211170509022615
-0.711443529829545
0.6124964843840437
0.26002652655242653
-0.4944555175781777
1.0603251934966378
0.5741879641376665
0.27202228130728967
0.7555863870823828
0.6382546786261528
0.564795489587722
-0.8147743225643503
0.012279263005091997
0.006945235627936375
0.6252368371707454
0.7070125186954016
1.4165449825570189
0.37756011994571653
1.1827289597563497
1.7732030919652728
0.04826659894883021
0.555833226861464
-0.39794144372840434
1.6649692996352807
1.357537786133994
0.654722406248641
0.625907185618829
1.879617153455353
1.499576678936562
0.002837511570863997
0.6695578062910146
0.009241006832884332
0.723568450238458
0.6004035001544261
0.8569224545359736
1.1651873769125627
0.5302720888881226
2.0433755475456787
1.0835066575080485
1.5397929229452676
-1.0736408076379695
0.8127687316179318
0.9170242307173683
1.5358668906922597
0.7263218165001228
0.7497769329975619
-0.0527849807787018
-0.873864060699469
0.7543032257082517
-0.006900280415040852
0.9378380515718985
1.7751407154361398
0.8878228691537949
0.9416407264415906
0.5111519044211288
0.9780595640552178
0.001430002977847602
1.483599857408626
0.8299510067091742
1.2988255913562994
0.5881422709970426
2.0964923559926256
2.738390456701957
1.1072851877476004
0.9708805008358705
1.2612311548054838
0.7444557249236808
0.4903614532216234
3.418607076278334
1.559137438104266
1.113459680113803
1.2682986009809079
1.071416537032759
1.3221444724370814
0.3657678232065933
1.413999312997779
0.5100391663895621
0.8076357123860979
0.5556613233904977
1.9133861307106257
2.0526064193159184
1.2318358275451577
1.810550319897901
0.47485377648501664
1.917864378287766
1.683351297005944
1.5613706908161138
1.7586079174360891
1.9214082973229547
1.5473635701628805
0.42513488211835315
2.104995755373199
0.4465818460189489
1.2811794563437269
0.9184621195220344
2.640648447140508
1.79599855257264
1.6702116301957068
2.8633247828674264
1.1272554706594107
0.5570588223977788
2.074955955992355
1.7330039264164698
2.230044127505567
2.2137304213571376
2.2196354008109744
2.165456080075341
2.2064169174379016
1.7804388307291363
3.144516129532289
1.7123475735930396
2.152377016098862
2.343540807393824
2.3451073282265154
1.4448983019249266
0.8340478592177579
1.726901597830306
2.3003118276227004
2.304890399835933
0.8731130082006049
2.0463608378988853
0.4445742102688264
3.8264615051913897
2.065803876960774
2.0343924492819045
2.1746279318754143
1.7407492077790965
1.5773167049799353
1.3344487539603198
1.3463769483519017
1.7748859087038449
0.7766486150426779
0.21819739540054225
1.2333395251604131
0.8677170893588934
1.181223989302063
1.3114268548465038
-0.6953566767097967
1.6952884664307732
2.1185677215061145
-0.06216503691559281
1.4780476712710109
0.9559986821852604
1.844093954878259
1.2111645675272953
2.64444635044504
1.0379066418887901
1.2072157733499533
1.7244736817439315
1.9793953323340097
2.696581971106471
1.6659946623561577
1.6754262834525957
1.8506236233341102
2.0421078597978966
0.023272241883023532
2.0602201290728734
0.5340202416412351
1.6873763437156168
1.3318752154876243
1.3060768587882203
2.128444809089771
1.6426404831963324
1.756062004986552
1.4919754836553893
1.6709398574914176
1.5889220007053135
2.94863694247256
-0.5865127588474601
2.3852358520826615
2.3591708262297812
1.4168973810292846
1.1940416382217662
1.3284994889841872
2.9344021142618115
1.3535635828934978
0.17060086986466097
1.4275709025438093
1.8612801293235817
2.0981930961466504
2.2556707169318346
0.8088947297543929
1.4905959771250892
0.9236546295339949
0.8244880051402759
1.4704932495338967
0.2848333862032415
1.0030934407853407
0.04068835985471199
0.07322109496045744
2.128315170155836
1.971193260659098
1.1496764331162845
0.6373249050444413
1.2293431066407405
1.9842865283873343
0.5179361192546081
0.5915289156570517
0.7102361042748385
0.8056638942509616
-0.24544560496414172
0.18139497452438957
1.7184801965614631
0.7134299071901937
0.33934764077542984
-0.06846333309411766
-0.041644771105595405
-0.104017911494229
1.238869331739565
0.8743991674701411
0.5278902201339979
-0.9599389279143821
1.5806715201596615
-0.5780367721282009
0.25490799791013957
0.7210055240644707
-1.9390084642335628
0.6679660815714786
-0.3639572746875824
-0.9905156376583476
-1.7154772920961114
0.98414906194304
0.712171960754825
0.8787416463093426
-0.611695755984471
-0.8088782909437333
-0.5158442058711805
0.7372983027627538
0.45317165174624413
-0.17151448421810178
-1.398443955097837
-0.33956073124427305
1.622786118086371
-0.16058729927933724
-1.1185022366372808
0.18306025079614544
-0.46969094644245596
0.004421440119505024
-1.1641400563341673
-0.3217107931019452
-1.7579255060161287
-0.21365926818527892
-0.252299409074716
0.23527697375133377
-0.22638954029000793
-0.08719855763757499
0.12627287561217346
-0.8851615618891082
-0.42860522023744074
0.8055623522099108
2.127334013489746
-0.24121819772583325
-0.8897608341988344
1.0587591863243586
1.0434921648625235
0.8944973168321023
0.8809597217867421
0.6842806672492746
-0.050280054209097834
0.13722537436632834
0.2530415179010755
0.7612205589315089
0.40863741547434296
0.2624494505513642
0.8272146320349761
0.2508993146620379
-0.4568059578357448
1.095139710073467
2.243262526136244
0.7833430009254178
0.5264148656692251
1.1670863693857656
0.5067315091859104
0.25362443191437295
0.07690333507426848
0.13435127354832846
0.26239315125751184
-0.42486141152630463
1.1657704391298769
0.612261007445656
-0.13903578819819576
-0.02745395874814281
0.8379153276890025
-0.5273304926970497
0.8058915572947541
-0.24216552522452145
1.435441405418472
-0.13540802964511522
0.0614843764400433
1.818042497553831
-0.38031107224312205
0.47460622583807016
0.48155538859013053
0.9138350279288953
0.3583099915831782
0.10555273712815513
0.819125511062749
-0.4808444431703661
1.304869389272581
-1.5790199709810266
0.09062133714309174
0.5846732303752381
0.7971792169191613
-0.5851781228628959
0.8087069112626258
0.7807255879470608
0.6465760490975294
1.0047136026612242
-0.2369109374925485
1.1283245574230747
-0.09899480115200904
-0.5553567633232299
1.1707461208051462
0.04742054287120333
-0.0899875785434459
-0.5565596985730612
0.054791736473855594
-0.3172837957430982
1.678136412145073
0.5186640333958022
1.3298821146299595
1.6458811154398265
0.6606463984010698
1.1834035532352092
-0.0370101620904228
0.5744407155181521
1.7075635112879322
1.7002096613450277
0.1476340744027338
0.9612905762585178
0.5435273816492256
0.34843528431065396
2.3054503305927363
0.9722477106657237
0.748092145563138
-0.19732068467808758
3.3015275460794187
0.2889716706120711
1.099233509703051
1.1244233721220436
-0.08398996040152625
1.2441776729341867
0.7786841476700215
0.5252781631866393
-0.19246663804619266
0.500630722804557
-0.8520840035389521
-0.25434950443427795
-0.5805172228173544
0.4077385177580387
1.9884714545346664
-0.9052731946895884
0.3196243635429941
1.2597810262263756
0.33931395805070247
-0.29287727174742756
0.5157904782358703
1.4052813519901741
-0.14730554972101656
0.7597951522702404
-0.7461415048178079
1.0341118917442755
-0.2776854671858309
1.2421438527691055
0.4857037575573704
-0.3157927666421789
-1.0065905533734925
-0.7753830852752616
0.6291860092348036
-0.8296615124051818
-0.9622020831746033
-1.0796602046438106
0.15565187809015568
-0.32848510542909204
-0.22629684864592628
0.10392430293226136
0.49829833507459137
0.20344331333506355
-0.578315261184768
0.029869929344922316
0.31417884215700637
0.24665626925295386
-0.9316950488548756
0.47409871524219527
1.1704552041899707
-0.4816152120131509
0.8011662139344781
-0.9476640089610593
-0.3037650627592733
-0.2870164576886617
-0.17705212386918098
0.23772635688717084
0.44120751021721616
-0.013312966566705695
-1.0769376296104884
1.346488210316126
-1.0247577551082059
-1.3043087460357183
-0.10913545439308364
0.4290312705000439
0.1476910550589091
-1.2023707229171927
-0.4452315239424204
-0.643769100766098
-0.08864548567726395
-1.1878438857761235
-0.28391786347213904
-0.40770131774788665
-0.976223840386088
-0.37734489748690475
-1.0812961026832155
0.4408378189558302
-1.2751117072650227
-0.04203432429629426
-1.11888376055549
-1.6796168461112477
-1.1403430937432257
-0.9703538995159885
-1.4545446451089203
-0.7678089315897846
0.6988731531002738
-1.5507764961383317
-0.947557679602545
-1.9951931832243355
-0.875933722319369
-0.760696112853621
-1.4158824191602573
0.06361948895797556
-2.8274673664144245
-0.7410299226833953
-0.7777779673140934
0.09997197988194371
-2.0894801345283147
-1.54431139301751
-0.5860871865185345
-0.9605934483777246
-0.7452528148999733
-1.6127217274624501
0.40169953961238464
-1.6299585515786021
-0.4851711146342444
-1.0727129981000016
-1.512846690086619
-0.5140351927775559
-1.3850159375830657
-1.4262193400787049
-2.7595694623883538
-0.9744105898337462
-0.8368998546564326
-2.4078783970897475
-1.7981426574207133
-2.06024377691564
0.18523599919897182
-1.6101038906071936
-2.223703666092965
-0.5804281602896977
-1.9955584347774786
-2.7268295245797773
-0.7766642057728543
-2.1663918509911007
-1.9276922186197327
-0.5593565368749298
-1.3419312989031595
-0.1729664466355443
-1.2191453684043507
-1.0429737433881265
-1.0588999541008788
-0.3510769062789931
-1.0589518528315252
-0.9930123449561565
-2.271649728790203
-1.0056654925457646
0.46060936985875206
-1.6750889834671754
-1.3789870253077519
-1.3513121646638317
-1.5401390028906405
-1.0925978158634706
-1.484388773657698
0.11785318898335109
-0.5716893472053997
-0.6289996780832222
-0.2604704493470235
1.1567573597159662
-0.9699122492100434
-0.8824543751850966
-1.2736017153761268
0.18115164298974043
-0.7375689889179158
-1.2948554508365466
-0.9485251136008036
-1.615464768644868
-0.7805871070089077
0.14562289688335348
-0.019911145215776797
-1.9049863102207114
-0.3597844360333646
1.0363043824711746
-1.0163260177365268
1.257504055225685
-0.6406559950352083
0.7821729958435437
-1.4146245141690128
-1.2132562108612188
-1.5202176059581527
0.32620022648319946
-0.9920179466901053
-0.9276715534601662
-0.199312778261059
-0.11152870837558868
0.29313474718888416
-1.6847957033469614
-1.2470054035920746
1.4203483191660202
-0.14554492871775193
-1.1252231917032571
-0.5897999205045307
0.4488534932023886
-0.7741134782323214
1.2427148647783925
-1.2406769909316078
-0.5333156202025576
-1.0130630977874602
0.3911239883523461
-0.48209504160368205
0.1757862906897345
0.31615209766659996
-0.8917470164387916
-1.0360013578080187
-1.421991223623091
-0.4383972265229838
-0.5219065540283592
-0.6655505667238082
0.38720446677956105
0.2752188331103845
0.4156925554217957
-0.19692788868740077
1.0411771011264341
0.003562420590921997
0.5434863909637794
-0.9329819838128062
0.9200034059227404
0.28130218923415334
-1.4246309241112776
0.6748758973658155
-0.9769602286061997
-0.3966687586663072
-0.5859183613447639
-0.1352510322203299
-0.7336641848130458
0.18384320572649743
1.6700511256829687
-0.7894457526109584
0.034758017674352215
-0.16900255719888738
0.30273147216281854
-0.42476072804183607
0.5993907024314413
-1.1289169627522868
-0.6385924677362581
0.21259995539069929
0.6282319057727935
0.18379799510579806
0.6377462372071426
0.4768814980668536
-0.7070433113147223
2.739303000912545
0.10143649239307258
0.5786058022088845
0.6654421175509997
0.45817184080966367
-0.4461151281756899
-0.6312919864110054
-0.20122461392808452
-0.6722470042124076
0.6916468854008287
-2.006470008799183
0.4258446891182955
0.9089292984991246
-1.0120713793446097
0.3703933099380079
-0.6999635584046168
-0.5484388687140608
-1.1698950020306063
-0.31344907297765057
-1.4407114226834126
-2.7643725745060137
-0.3817926790764348
-1.074168516088397
-0.6497547659192078
-2.061186174781616
-0.09444253773283942
-2.4463294893756773
-1.0542298086305544
-2.103776932179194
-2.247520515246042
-1.9486151640430334
-1.9683729701441772
-1.4953383449457922
-2.9604507745125566
-1.332986557787297
-3.257463134554048
-1.6358508487163785
-0.03934703887422145
-0.8786554090665893
-2.054269478119912
-1.704688580598554
-1.3248670753513287
-2.0937053974224056
-0.12436026758980298
-2.254123387470429
-1.2420407992935212
-1.1270111446850382
-1.8518863414555533
-0.43547520106751075
-2.3044609936440588
-0.7929403211498817
-0.7541116732393497
-1.6853208589134634
-1.4105677432464574
-0.6290389212637317
-2.1310807654115935
-1.6216526538549076
-1.0059666300848404
-1.1521388037553175
-1.1181340193784888
-2.8652377455728257
0.3129142689265378
-0.6210506819260672
-2.419482715659247
-1.804973216990335
-1.127664951478531
-0.8624570237679365
-1.070943792387338
0.34307677396632863
-2.189078502439915
-2.316551746522699
-2.6402175129364616
-0.7898435405768706
-1.6590593212262594
-1.3356727022096082
-1.4392841647419345
-1.9103456441570223
-0.4984084798586953
-2.282805933698009
-0.5209050282740411
-1.5436564490853386
-1.4189912942705603
-1.1543289354626731
-1.8056945840501033
-1.004442614283023
-2.1573305890976786
-1.57775537152582
-1.3102105062015061
-1.2575885446073227
-1.801168603680443
-2.432452582076906
-2.1331598347552023
-0.9665095012408919
-1.329877734147892
-2.293088336996877
0.18645742568882454
-1.7654801117522074
-2.6631591806568444
-2.182465135361959
-1.6769337472725174
-2.4290888115137474
-1.3238741964623473
-0.5848367747537795
-2.307329966561636
-1.4756260445143765
-1.5790470436780846
-1.7521135485313575
-2.577077204437006
-1.0978266139441142
-1.4368564548548404
-2.7816585673104104
-0.7864825384517546
-0.9719187400947583
-0.48128961760516686
-1.6872991768724075
-0.9787684070645689
-1.4446588018246842
-1.9400134119557422
-1.4452972692237291
-1.1721934375117784
-2.0070866498489726
-1.9426336206450752
-0.9818096613668745
-2.6155283643238665
-0.6858725641706992
-2.201710349902546
-2.2844472008541064
-2.0255570051407696
-2.901128355635087
-1.2158735138849748
-3.6317701839338716
-2.765000476168658
-3.5816456809200536
-1.2364329276789798
-1.165421862852261
-2.752892580850319
-2.412544570213996
-1.9613971108853465
-2.8091923019416876
-2.681342608395196
-1.859818244593894
-3.37531720177532
-1.8404790535638291
-2.5949255025176186
-1.8144038556083288
-3.2947302334186492
-2.721989388450077
-1.0800051880715948
-3.125587110516905
-0.6362716275742358
-2.9783549436996446
-0.7552702493652242
-2.267676437414645
-1.6747852957610236
-1.773984133015675
-2.2135864789085513
-0.8975363799826331
-2.3685740927469348
-1.727572907969931
-2.5976576067747517
-2.0970599167342585
-2.316457012484974
-2.0808481907978416
-2.105565737874826
-2.686118498705959
-1.4579875162602882
-2.5330926647912375
-1.275719897398078
-1.6678276745819325
-1.6739129763786391
-1.4721883556611242
-0.45719220495913737
-2.770218129436517
-1.6359928890683058
-1.1092205562529545
-2.040288332002021
-2.195523969452333
-2.109994420958204
-0.6688194745378586
-1.3137570947084434
-0.021196621306912234
-1.4239622711197513
-0.819145948541488
-0.648422438957667
-1.2430750726578652
-0.8160078007467014
-0.3996745682539019
-0.7859849556454808
-1.5947751138855206
-0.7698496632046019
-1.1130228263053272
-0.043125472568250445
-0.4171196255586896
-1.4999639946105428
-0.7129675251961748
-1.6119409997776164
-0.6768001667241909
-1.2820697082754855
-0.300050813011797
-0.5132373448265423
-0.7471711919419954
0.0654269566018494
-1.2044587147556691
-0.3602861249901082
-0.14629381053422164
0.1861270991809958
-1.0086654335922272
-1.0319074523753382
-0.6414197523891096
0.49990116878869806
-0.8101995524891351
-1.1920688780120943
-1.0566644259101796
-1.6359483652008653
-0.2933542653505029
-1.193778866799843
-0.5635672823765439
-0.496925500222256
-0.06659061780098822
-0.6736832372435402
-0.49455872229452086
-0.4952991681160355
-1.9771758005450866
-0.07284053527507671
-0.3744146881667698
-0.8433585825815492
0.21851221405025012
-0.4550612439779025
-1.8715028038334807
-1.8747700782463048
-0.26641161186073214
-0.9881072481309585
-2.19904186370261
-1.1720633740327469
0.49539015577439227
-1.3407635846551766
-1.9065125158936667
-1.2638625878824796
-0.06536964118822665
-0.8380570295835685
-2.713818966460188
-0.2184317372782307
0.11864215087104905
-0.077112939617008
-1.4844360097362674
-1.7010296252722679
-1.2667975089938452
-2.6329200261249848
-0.7836827687891582
-1.990993023864661
-1.5295618721680728
-2.2535405226246144
-1.2224884026226461
-0.7959288787585063
-2.7080174215076864
-2.73764276104545
0.2926042821547452
0.32011431594683504
-1.1175274603912235
-1.473908322122878
-1.7761618487214308
-1.3563849486838557
-0.6475825854201748
-1.2887699107424277
-1.3939432694648317
-2.7513927318873472
-0.6871274345134989
-0.9893673738773466
-0.9961101180246542
-2.0165752409999054
0.6371035812064627
-1.238305760915383
-1.110586318697248
-1.393546822961364
-1.5509131000730703
-0.539776846445084
-2.6499869914934915
-0.4905372239005107
-0.929160212008665
-1.0982449959528742
-1.535159010122172
-1.0566996741725077
-1.0544004379859133
-2.026795638743611
-0.8905225191655669
-0.9404891753781813
-1.0721119889888826
-1.3863917485012376
-0.4781983660445242
-1.902964721355588
-1.6649093851423302
-1.4663114677137556
-2.521333926344664
-1.5695874892951411
-2.242753315352382
-2.320490235295968
-2.1733393839192816
-2.3492604312761833
-2.7502534375607293
-1.6361650435685835
-1.735186936289171
-2.6235729597050472
-1.7249677744616683
-3.014480983439601
-1.6671972593020474
-3.6869735467458975
-1.8225535309955185
-1.8664893850979236
-2.6469063079968915
-1.3802823218431515
-1.4339592395758018
-3.5987825550430546
-2.398409075822312
-2.339983398354222
-2.3540477512178617
-2.711331426964688
-2.0194188800477217
-1.4827276552531086
-0.8222937206494859
-1.4706847164967054
-2.344934487597757
-2.772003087195157
-1.5390680356438833
-2.4581188733581536
-1.681509126177867
-2.2507093844856554
-2.5863215232897794
-2.383002758747126
-2.734329087738223
-1.8593000698404256
-1.7725700271700926
-2.94303522977521
-2.3328053080138327
-0.8265967204280655
-2.2258328927098145
-1.6234768841256677
-1.688375134277743
-1.024938060058823
-0.9539370237021385
-2.86720579113632
-1.8223390720281811
-4.182758771522342
-1.0516103438946733
-1.6551742349906735
-2.8771953240880372
-0.8054140252233567
-2.459918219922906
-1.277565892008816
-2.7956804337400873
-1.2420218074166043
-1.5771660617658205
-1.9990387329492831
-2.0221823572081497
-0.9966124230417117
-0.7661650430701156
-3.556228383309448
-2.074777664831142
-1.8452863782363491
-1.8898645463809172
-1.1755736100205945
-1.1213536072308572
-1.3137925512145472
-1.2222574049678518
-1.1465539374603024
-1.504937143822046
-1.248607541686045
0.026389352517702074
-1.0459449257993954
-1.3445882887024234
0.1303348876011668
-1.5107386744598958
-0.4378862080348501
-0.8829569364054053
-1.139510065124057
-0.7326572434225229
-1.0878806946193713
-0.5621915157665596
-1.1544676894119996
-0.34263893280908114
0.7466206549751239
-0.5269526808057523
-0.9580149400542706
0.8747677988976622
0.8241801497046776
0.6575747310423943
-0.05855493825185096
-0.4205195614297881
-0.0028344890665833
-0.14035117894572288
-0.4090405774138441
-0.21265048408138562
-0.45602801751191724
0.24249946940516778
0.5809543289248809
0.811844431332542
-0.7186762637032187
0.7135607597563546
1.1358128814870951
1.839862860748278
0.12625507898583896
-0.8187390418971736
1.7330449425141665
0.6754619117922291
1.2793291836160534
-0.5110374694397577
1.306363343626055
0.6070566803867831
1.9056498056574736
0.0360377579863411
0.10259431485384549
0.6764910492282971
-0.5001541724171484
0.951767684360052
0.25519682227525387
0.6194690011775386
1.2430100693175063
0.4010218001476529
0.7313644643010113
0.7657693912724034
0.8074940084416905
-0.9073248703657427
0.17500132127638912
1.1768297179614675
1.6011966730786946
-0.348206347477407
0.7550442840148964
0.8249318051676647
0.8381231709085798
0.7418732959493053
0.3171838587462679
0.953116965842135
0.009363172617049314
0.9703380086288175
0.27948776519923507
1.4312244039684356
0.01637636762163431
-0.14471734635442202
0.10267685546672067
-1.094829299416258
0.4799682328196772
-0.17489606361732773
-0.30703683825518574
-1.6231367492076108
0.04590363130702987
-1.21915943702498
-0.11515870649262666
-0.6656645971374304
-0.8253338998765015
0.8727750364123981
-0.23465673037900078
0.4278012160579884
-0.6865119470018276
-0.9713077064860777
0.44779388036830287
0.10090193321739538
-0.0649807247549834
-0.7335020648918338
-0.28137561580228804
-0.5158755789792714
-0.19934919225906736
-0.26831849372727795
0.4447998826000371
-0.2166396893465156
-0.639885187799438
-0.7355865835090057
-1.0948067296848099
0.31000441694942077
-0.115117478895814
0.7322670900833315
-1.5464742007151397
-0.368947925562326
-0.9460954393257374
0.29550031582693537
0.4140301863463434
-1.3754556200239956
0.6696386739802321
-0.4521488363493728
0.33585773184912326
-1.565204775056856
1.334431975859237
-0.4904679384864062
-0.6846915129571345
0.43919747217636934
-2.0903485828564854
0.8830777456021919
0.8058339502651563
0.4179744107850009
-1.1801484012336934
2.095281076126916
0.044134715720197365
-0.40243066673082767
0.6088122590350499
-0.7477291249195789
0.8419637711304737
0.2117622436788665
1.588041641559182
-1.3212638925782405
-0.41680692862761104
0.0002181777684345132
-0.178796248098672
0.2695462855213013
-0.058063572504534325
0.5504434211026255
-0.8965486009258827
1.3566319315801505
-0.6164479656762204
-0.30560299837391325
0.13387193758447813
-0.9399363004170508
0.34409104974199817
-1.2558679849829872
0.9280285747120873
0.2788756308010544
-0.7174431064738064
-1.5299302602433413
0.12912073389758655
-0.6705889217667401
-1.474161985712599
1.0944410717453197
-0.938266685559701
0.7525156975411069
-0.5795311437377177
0.07915306554494009
-1.0083853045687206
-0.20708233089859068
-0.9623681490231358
-0.025461085482076633
-0.3366793842453104
-1.4757731378029388
-0.1897748525490004
-0.2904485637168857
0.08804615665130508
-1.1651199467536633
-1.1467451836422473
-1.0571188824011866
-2.2001443980322324
0.8113674847947759
-0.5048720904427528
-0.7732217663441094
-2.0255147894556904
0.3767039515956294
-1.5378928806928536
-0.6581762386224806
-0.901824687997162
-1.5237233678814612
-1.2195156544113495
-2.3439713490529512
-0.5721342024007166
-0.5195201549982333
-0.8459670067612697
-1.6373446945095813
0.2775995699171497
-1.109320656142898
-1.2119277094218914
0.08981636878191543
-0.08098241212485276
-0.8253829295717333
-1.2136350925367947
-0.0950992414718327
-0.02966311252689275
-0.86457132312864
0.3957322844384122
-0.3032707696629292
-1.0493125929085927
0.015680914436172564
1.0796272761117065
-0.8508963487253943
-0.6337604816345686
1.1209561020432297
-0.1863604920040879
-0.4376418829209462
-1.6749587633323533
-0.5649713057562988
-0.3446493906290017
1.219244224471385
-0.8723445767074219
0.2484063874667048
-0.8785998731897702
0.10731449478969732
-0.586688673630097
-0.31210383181404444
0.1933360116050596
-1.3351230394216829
0.39406067252684907
-0.12067845682896652
-0.7946054196432901
-0.9291489293638477
-0.22420181739602787
-0.3135781203391774
-1.1874305988478224
0.4150495794941145
-1.4686749035475686
-0.07557556756440222
-1.1193999837516593
0.5301411628359064
-0.14127078029764992
-1.395282126900212
-1.864898920800206
-0.31873592037514165
-0.9251577997598234
-1.2884342044431658
0.7419711803250449
-0.7547265896911454
-0.14540754801269334
-0.8389580500428047
-0.6518949659775394
1.2271505321280278
-0.8770098883527426
-0.5930980321137648
0.22293578463921002
-0.2458122048908517
-0.978311572582447
0.1127484149514455
-0.796825520281833
0.3908464243798491
-0.519076452593662
-0.4612767199527345
-0.3772634662057143
-1.5028985111694837
0.8658705275896027
-0.06923563620075854
-0.15026125777067795
0.05202002062821114
1.1316880457910476
0.538894959896196
-0.12194903723788224
-0.059186895042397644
0.45782084873485795
1.4948224851734528
-0.004986760403802157
0.26206006469338117
-0.717903626199257
-0.5444934939450191
-0.2954287737649369
-0.5865971839721427
-0.3378524227087359
-0.7028935325884968
1.308225597271021
-0.6797889597986313
0.8505025311141362
0.18204523891423416
0.7210939383966306
-1.086080895588224
-0.9524027979071608
0.8238914660440954
-0.4939796303879374
0.11242305842356783
-0.6661300190935018
0.8602167610538998
-0.6623661398141603
0.9061042577636422
0.5731969448174249
-1.0741123414862248
0.24464316288862528
-0.99978244465863
1.1436402899379319
-0.33052831416283823
0.8528615734172769
0.13413929063345176
0.2705526251426496
1.1568517490671493
-0.14415387975587785
0.8377860151348119
0.35915233430776033
1.1956426546393704
-0.02253498919842285
0.7384154548262046
-0.54832964449609
0.7607172304082345
1.067583542161273
0.29705797523402405
1.8179608736503425
0.15680756274907717
1.1170717446902687
-0.38026573102238537
0.04000342020914614
1.050551688663506
-0.22007576901339954
-0.5512011361973096
-0.26516947311051026
1.7483438365191852
0.3344246620951997
0.2365114446503939
-0.7043045864944358
0.3645005489975087
1.1824934166185261
1.4824611013791598
2.0260062934171597
-0.36735251159916765
0.9063028613064538
-0.13115849934432433
0.753375819051178
0.43015679005977425
0.38155295388717964
1.3513968399837797
1.1666561001535136
0.8719995459406764
0.5973805133114626
2.9055588284711655
-0.1567588956355171
2.483736651497984
-0.3982556391429875
2.0382294317953495
1.0535763886213512
2.9194188931541034
0.460947976148671
-0.1375075115773126
0.9335988021479056
0.1006037901522766
0.9501584784883852
1.3424862520190286
2.1727982539129367
1.450983115557813
1.1305548787357353
0.8665966428554527
-0.15428688558768255
1.8779492791739685
0.6832229047633549
2.223912120125966
1.4183686609813022
2.7328574135034387
1.1183364782713512
1.5404177083397
2.063941706016206
1.7517771656106718
1.451697664272817
0.2640557651052441
2.190550587925395
0.8774703100033615
2.2819892192166256
0.8885890557924819
0.3090112552368452
1.0062946926986842
0.32611273098409116
1.579474645119439
0.9466732234491928
1.4463095143930889
0.40957195975887917
1.6215473554221924
1.5001324881022995
2.8220164599347757
1.1041785113589317
-0.0597719265461042
1.1585383547301176
0.7864232583603343
0.3531798649049878
0.23627039897788052
2.0446963281924146
1.2935715503815113
2.2426100751474514
0.946874966835808
0.5330608632710194
2.0423745077503943
1.506453338888014
1.0763392187263097
1.52522617972454
0.6632068719126297
0.9242950144193899
1.2870745901745766
2.0479123459487387
0.04262970587373274
0.048589711341393664
-0.03009300187251619
0.869263646056155
0.22246726907747602
0.9876527099255492
1.303196760400357
1.8256946145383957
1.338308848016436
-0.6172708479405794
1.806327199568222
0.006840948043946152
0.778462287219393
0.8964971699571497
0.7854411169039841
0.5340834817438523
0.013006578694901884
1.086843491696308
0.24835509670612727
0.304844744159354
-0.8028896700034043
0.44746787583212927
-0.2283487097369288
-0.4846636616233562
-0.9236199295569659
2.1586994607423127
0.9846243781385952
-0.5482152944613596
0.5776242586210076
-0.6491401048599525
1.757313285510115
-0.8866620344763978
0.15866511348292783
0.1349973198948443
-0.110225051264733
1.1547285800283331
0.5649299939891365
0.5486180830124846
-1.2676265554742918
0.7880267019021931
-0.762611478554406
0.2461376495125893
0.8714866665337396
0.8275156323514874
0.4484569991252988
-1.3860014674604464
0.8318103039906611
-0.5667721771857139
1.6148852698926424
-0.4180511119684659
0.05567668379080243
0.4389412925086353
0.28746921380727397
-0.46239381771459165
0.9136651506780984
-1.0416324781142572
-1.0091223455449698
1.2303546427898941
0.5113836716785898
0.5488978829425865
-0.8166117177857402
2.0798481767764248
1.470317001412234
-0.047197204764406746
1.0687599637611371
-0.21158846660934413
1.086182647537823
1.9471613183539158
0.9990352257565547
0.11419580860224038
1.5685313539373722
0.7979872793637144
0.16164108401794777
0.6763240878057492
0.7490703473675859
0.5597393191227831
0.048564144814191135
1.6058184269843654
0.24150329396032483
-0.10221519654228178
0.9061269150129463
0.311221043900773
2.2429115768063603
-0.29550046003471053
0.47650970544607263
-0.2488304158337382
0.4389706142962727
-0.7764185504275185
0.05598157447138353
0.8374244773608753
-0.5694058033995659
0.6058581527931242
-0.5760799051375002
0.8687369695413434
-1.235103342682154
0.6058716146114377
0.4387292081385869
0.27712309266214147
0.25907964310646686
-1.0107426699305442
0.4364959496766656
-1.6456063126050282
1.1070489072800491
1.848442935967886
1.4931961802557192
-0.023047616998856654
0.9881531442509408
0.19272540121471485
0.5164629532631657
2.031234596232004
0.007697586558352603
1.5660378445507463
0.11955593291451888
0.9015865371509331
1.606769962170092
2.118257440390913
1.052060120447339
-1.0449246362999973
2.115992346616137
1.7963726867342202
1.5964443008384324
0.41028490482977886
0.939974452983638
0.40553211057922695
2.901230331024976
2.0174102272493157
0.22798317875248797
0.8366770132144249
-1.3572325768772786
1.1200140369597773
-0.07186308622958651
0.0678666530932207
1.2884753372425652
0.041297971953086016
0.3367695416089941
0.4065312488016586
2.104399047379339
0.5200299995176659
1.4098960798621514
0.8428731387517955
1.823980049155355
0.49418562090405754
-0.6333117203349703
0.2983130956453526
0.3017433308947247
2.1494808554474383
0.11754610143177965
0.31807873834266787
-0.8514024596788329
1.088608970927626
1.2132661793889288
0.5896577695768114
1.836578493770677
-0.6641512070304624
1.9487323457524937
0.29219523366895656
1.862771813597941
0.5021059398922908
0.757324715885251
0.48159123272479776
0.2656272655068418
0.8449526387785499
0.38931186585333377
1.0924007739952704
-0.6866124437957928
1.3348399315431407
0.5727312211716131
0.2630250424129335
1.5307267601347831
1.1477215117038972
1.0473996915170796
-0.6161006532406403
0.7416875379478198
0.1813852498186156
1.8407451738659006
0.8311281572734086
1.1493557498836702
-0.027219884241797252
3.0131565596428613
1.7234362358223676
0.4453228824746583
1.980552144751542
0.5503885640974501
2.142334198119096
-0.5094180453130058
0.43294492992408173
0.7729796869270853
0.34790749323491005
0.6276190755976465
0.20133796833058104
2.8936501183624523
1.433463985258556
2.21079809226949
1.1303821470302957
1.0675400367490995
2.0622811134376904
1.405719702273496
1.3588190219952585
0.8995717767394062
1.7298314231129888
-0.4031163360994892
0.9318927591760546
-0.23199691179451715
1.2420254993374698
1.5574372782649086
2.3774845458381137
1.2778473527842298
1.3596258440781386
0.7882219633759463
-0.5858464192121594
3.324792833812832
0.6383700383579098
2.253862313168825
0.6072671106911817
1.2472851299312893
2.12973222791573
0.5145649196142018
1.3524253465038933
-0.686121326130843
2.7329849518533185
1.873573619370983
2.3598219939154434
0.7659989783895356
0.1367835417211832
0.8366278680528076
0.6479217784006442
0.6953818714140072
0.50105173153146
1.9566524370262148
0.8373898560764944
1.155457090787132
0.5828230041165179
0.3909112794651525
0.5883977465532039
-0.21447318054864833
1.5368585028527015
0.05525238128886936
2.310000486745116
-0.2935792174984106
1.1526813769060191
1.0305103838082281
0.5663302090873112
0.18658772204279367
-0.37364551548202324
1.4494627088426357
-0.7179676883437294
1.8515537870963426
0.3403701870127858
1.7536113539641252
1.4228281796544493
0.5216644745754652
2.388140587085447
0.22815314893033714
0.29954898126284485
-0.30218602390368354
1.2631857043231949
0.5477938198662214
1.3722109602743484
0.5523946293468647
0.5119129524566292
0.24984691843594034
-0.4341836470749954
2.580445114770026
0.37688839436002747
0.6153256829449595
0.7213951460008451
2.216286743886246
0.07781601203015229
-0.47758408975129557
1.0275577486144212
0.424782043846953
2.20658652679234
-0.5717440322780226
0.6944617837618365
0.14367097995362904
0.5225216203583299
1.4856384998263046
1.5482490581161519
-0.31148145523700893
0.764879588558604
1.6375464397590773
-1.1164572979249483
0.8609101357226451
0.2484885395907246
1.4430935684230468
0.23895430265992693
-0.5932625651933366
0.41141261782499594
-0.07973902653733544
1.2188254527365865
0.4031929794965413
1.2113378859803905
-1.8988690367060093
-0.6724959465471566
0.997064609571892
0.13102579608263104
0.3680052325145843
-0.3720240778364438
-0.34108211810863304
0.2942052470611033
-0.9455972885004053
-0.13698036142756626
1.0931858425525036
0.7496801290067353
-0.628889442042024
-0.26466919215834517
-0.8725332127107501
0.5234526521898966
0.22395749186050626
-0.24385339390663924
-1.0513350661980108
-0.8697043494713798
0.8211053084513554
1.184859662478127
-0.10947810213028893
-1.738851214024774
0.14259291791609238
-0.5945992144597098
0.8748343398350364
0.22598101950367264
1.3170647027042184
-0.3819080525383418
-0.4275752888374501
1.1050716824498032
-0.24870278473675472
1.1261115381963107
-0.7405082640097479
0.4477948704180577
-0.3956235525262314
0.5397910934597991
0.9804149937247016
2.044849442589574
1.1762028412802557
-0.13155373044784027
1.4244677630560607
1.1673172486287589
0.1518423253742518
0.8294072875035244
1.8563770198026501
1.1018831037926462
0.6322543962125121
0.1450350331328007
-0.017568040281166555
-0.20335317466690994
-0.6401791134084378
2.0098062053478665
-0.5362320074910386
0.2525103989956752
0.9245232608756864
1.584368572935114
0.7781410008876021
0.5079446021570773
1.391726627561691
-0.03365195771882239
0.7872090887600173
0.22873880745961128
0.04497405800838468
1.5516621193551658
-0.11611927345786031
2.301477791088469
0.45332363873556214
2.3327254323399336
0.11179533183340401
0.6667721975252459
0.7081590017650875
1.1300566234438851
1.3316675161744431
-1.1544990911717192
1.9737751279616176
1.281463973949825
1.8743896022017323
0.8100518134903787
2.720434509952206
0.7086574709811743
1.6822112677923542
2.038309166620336
0.050329963370406405
2.1763161492111505
-0.10429567572259915
0.8716126389993206
1.694122842832444
1.7274971991402785
-0.06705175621125184
0.6215851122293153
1.7943830719879101
0.49339369052250015
0.5855297070329316
0.14604547660250017
3.1712865918724993
0.38974381393888996
2.89280274594008
1.1715072863043883
0.8428202331815108
0.3047851369730966
1.9160796949448933
3.2622307574519502
0.40372717355649307
1.8253865158662224
0.9565294606897585
2.8660909275984343
2.3160127765960277
1.2196784664566795
2.0736288391347832
-0.11100271230270661
3.8182785669130417
1.5130191790858734
1.768874184978282
1.122714263799905
2.94474634502631
0.7473246864933258
1.1903355212342925
1.069924001250891
1.0734562228679518
2.037644335887286
0.424628332702557
1.3854444852492747
1.0018039011504136
1.1908729821925532
0.8722045604599976
1.6021750169208344
0.6494511744348759
1.4480556841521115
1.005734396340848
0.02565754463492474
3.219680697812168
1.522348360503028
1.6315362511422724
1.0331950005106227
1.5356591480734305
2.230892755086573
1.39105556164996
1.1515115948221537
1.570008685172041
2.129492804025698
1.5107389026382476
1.876125869286871
1.8838974412856426
1.5692447605589988
1.1298461169663536
0.7557690145818041
2.1983086749501637
0.3074156417342261
2.584070242016506
0.4672355216006289
2.317137868407985
0.44150660012545906
1.2045065284757055
0.7886164087320713
-0.17643021551735671
1.1059193125339988
-0.3081447176704205
1.2528565372189453
0.18984325334946114
0.29390726644355447
0.33757748364559065
-1.356023205691238
0.8893175437591742
-0.8472465665523746
0.22845671100636494
-0.8220797384237322
1.4974845960421854
-0.21203249671565266
0.4829430637554121
0.3679325722681505
-0.2921318012084599
0.6773953658837103
-1.0760339833484893
1.3103840436797594
-1.8370546398740408
0.048849841236286
0.5583634381138611
-0.15259008415106176
0.7827262887814272
-0.4622843224160786
0.5278141434273425
-0.3663613752057494
-0.14808250883814214
-0.3669455447994469
0.3063983216584279
0.7468182984970947
0.8126371634127479
1.07419629059793
0.12655111778078665
0.16057846895391978
-1.6196616353234665
-1.5540765709646829
0.2170876625957684
-0.4886019507415732
-0.5589004191168738
0.3277110650179412
-0.8276368652343059
-0.8593907450033619
0.3697343450989087
-0.04353189143537053
0.6476247610052941
0.4221405947385286
0.39490869882280444
0.7072192289175854
0.8268558175161689
1.1899548332362655
-1.8493976664517127
0.5146330539811261
-0.9611761264429339
-0.3425727026420502
0.7587014536394167
0.11508111625829162
-1.1016688389591653
-0.5571854391979641
0.46220125854864863
-0.008906543992953864
0.6041302615969939
-0.06592373298621831
0.08904890719045304
-1.8068262402293647
0.5941721426585093
0.30378896362172303
-1.6556793415442974
1.030184857054925
-0.3360482429531108
-0.43943625726221397
0.7798596167651097
1.8935260600248365
-0.9043710460516079
1.1391412545848623
0.04815178562470256
-0.07245180753351706
-0.3605518372653159
-1.1334656827332823
0.7362585412156704
-0.5012732895640549
0.1699224404249207
0.6097736169926166
0.54419098397846
0.04065033145334174
-0.12666939410034528
0.8071690661997862
0.3832653407145817
1.2422287244354302
0.833458436580071
1.2718678907371208
-0.23664266123632627
0.41172828860453187
0.6015063520455447
0.2505994459513084
-0.43833577909665977
-0.5740598635160122
1.8249098530070853
-0.686987306907326
-0.23638980296029663
0.08970362982668358
0.36785276478068113
1.4820870433432194
0.15118445236690775
1.0787843004145905
0.8551396035347832
1.4955269591434723
-0.2202501025549886
1.3578236907516585
0.6970123126965607
-0.3716731138089717
0.5985562311677988
0.5580637332730701
0.9838629537350423
2.0082384212479227
2.1323980894343757
1.1540280819257414
1.2786730067933325
1.3238519271955154
1.802961827037713
0.7240685349540918
1.36676184142393
2.6358874469450404
0.5354253103707731
1.3717788344539872
1.184251001649631
2.506311892003392
0.9169763157909653
1.4520846844829063
1.7303310407106975
0.4928582891743153
1.7584454388499393
0.7182697901386045
2.1469731928958633
-0.5609806514286223
1.6549994240130308
1.9381856214196738
1.8785435586054005
1.4672440803894464
0.5056592691006606
1.5176253597400204
0.7724698432359627
1.2258826942091294
-0.29941633757921565
1.6318041296873096
1.5322444265549273
1.6232773542407395
1.5252985319957442
0.6016633567178825
2.015404170304847
0.15525849317362891
2.2624904740637697
0.3613252008857819
1.1045963558893777
0.595170557137681
0.8943691584756546
0.9866596783329156
2.9294334655816145
1.7069158425078381
-0.08669977787176424
0.9283678854522736
-0.4275197519698246
2.2041834469295516
1.5645177266606567
0.18019929607979096
0.6159984516162109
0.7835975750533524
0.5059049589703722
0.34381324310336375
1.21980272860959
1.0012841801753234
1.4478355226445694
2.161693832881231
1.8225873853239833
0.11880418937732175
0.3403203040136653
1.0372729301175077
0.5209871927747144
1.919292254041219
0.6037336524871003
1.5490712414008303
-0.624596873588174
1.0206682102806663
0.8735553121129367
-0.5641722395721386
1.1739706546342332
-0.6603419997764707
1.440986868186687
-0.4489702683547567
0.010124213657372958
0.28699999523056313
1.971733704547267
0.7700729198779389
-0.35749771249527584
0.724831779033875
1.001731449947778
2.670100479453189
-0.07177985693301649
2.2963787214745417
1.8946587342748173
-0.6136028687644443
1.513333926401408
2.0928265944147544
0.776073313996704
-1.1029113532295403
1.5194497633782702
1.094639702434602
1.474811959781707
0.5226510434244919
0.9332521018215011
0.9322459773905746
0.5210937188534911
3.738451752288222
-0.883155346705084
2.301056239092932
-0.5755974328858594
0.5520290248873506
1.3019010790787862
-0.18601389974018878
0.553987573750328
1.8983852714353815
1.9162742212119284
0.5553898352898105
1.3485261465532847
-0.19133434077157646
1.0657112566020461
0.3725288988270589
0.5137236584124558
1.2684635393193033
0.3185784509098874
1.1080384089372295
0.8921920253236105
0.7556129268930862
1.1473297355823677
1.6221257814533323
-0.43872041115263544
-1.1167162410468956
0.7883586053430146
1.2734337139321084
1.4084586991888426
-0.8376703865954285
0.9838521741376962
0.7514904037858766
1.0136072547285198
-0.845973052363277
2.0076801963443236
0.39136391790325825
0.27183957339864595
1.9754963521523736
-0.39805197802933334
0.5990144284632802
0.6445308170729123
1.212205444654561
-0.1135836518624266
-0.612640021767735
0.46150685720802376
1.5256302207367947
0.9138846225061943
-0.7148803867352551
1.6687813810859322
-0.5716102998798306
0.9734822767837158
1.45950899998731
2.4306135050404443
1.3469292710134586
-0.09975226841609769
1.7011804634356997
1.3811714700404716
2.027959526961426
0.7182928312372115
1.554950806583448
0.9732286711338219
0.23091401177731122
2.310032496046842
0.15492600436248263
0.8723337989598351
0.7304964226321013
0.5329037596783592
-0.7552929026784208
2.197283065316173
1.2132517279731305
1.3068572445343756
0.9491640584919129
-0.4895644934980706
3.0174246475516404
0.3241288144847359
2.1281408559726063
-0.010739332451604109
0.5712811445545369
0.9824181644853558
-0.4621136744888425
2.866523012978504
1.4815084733448305
1.3907059669449233
1.131197161270205
0.8834730165914868
-0.14932330814198563
1.9150443388518241
1.3386232903092488
0.9650977281662796
0.8598215518762403
0.7766764126503324
2.315289982588159
1.5043791158207758
1.7931027182469028
0.19067793955641407
0.7191129377125091
0.6279484446738025
-0.7165737396302794
1.8047857239220024
0.17325601308859373
2.275426978817704
-0.3009556198730156
1.6382484186737685
1.1333209782422262
-0.8093145309666899
0.603052917768219
2.459446780020038
2.3445525011373602
0.15966952988139502
1.8329763690522078
0.736528176645096
1.5220119179388656
1.5322025276293885
0.4864150129620046
-0.020402340229642837
0.7851305089048801
1.0762416689824525
1.3290759164506767
1.5118227840221654
0.7059684066621609
2.067250373325394
0.3163928254933293
1.0117739145039828
1.590082040536799
1.2784448368804697
2.6341536621604136
0.20538036743322857
1.0629959791530572
-0.06488190546163726
0.9658282678054027
0.6454465800318523
-0.4566477712815417
0.1254147886514697
0.8524678751465631
1.354518823122248
1.386283258343623
1.755796598234909
-0.4681707933807346
0.5288526502306057
2.224413116560813
1.5142268298996002
0.9278147440166993
1.1939333356116626
2.091970578152822
0.4948488550642562
1.369955167346198
0.009808204871977689
0.899195482865094
0.6472028756981864
0.5726165166420466
0.9404414220310209
-0.32770465402843474
2.8606862446208936
2.099450154915987
1.3252057562279969
0.7766844817141495
1.5170917102776684
2.186965257761006
0.9577866155071996
0.5087783028672551
2.223660731304795
1.843527932966851
1.3279080491108353
1.6379321006143837
0.2954824559563301
1.4054676874622722
-0.01582376137235627
1.13586820759658
0.8759639581683855
0.7845992004261889
2.2348265115428356
1.7758933319897185
1.678887474446954
-0.678067901664951
0.4822935562738434
1.0879810208824305
0.20520558114424256
0.5856429955080976
1.6706668915246452
1.1279917351812803
0.553719041516932
2.91144403113626
-0.4779832878008469
0.31142943953909197
1.5826704718636162
2.151916066480533
-0.0048899306139433855
0.23539278723097323
2.5551290586992623
2.2257720717261806
1.6193752831284878
2.2614953534791185
0.5626339581100741
0.6242195813066144
0.42876969492820505
2.02229931675454
1.1241538581784403
1.4783966042821115
1.0950108974328066
1.9200468223187268
0.8712517724727808
1.488029412435823
-0.3172581833066318
0.9482464288798992
1.5541589372512021
0.7650454162183385
1.0336685288222562
0.4656761005747245
1.982997064608059
0.2991357825341184
1.6707927689902566
1.4589978625396027
1.3433647813185012
1.8499760109642993
1.171094227896107
1.0001846341615641
0.29430848763240325
1.7445608861399353
-0.706643849638752
1.0050134108149351
0.13550163107420451
0.6529044186838864
1.8671187783583656
1.4572498900743958
3.1057620834474315
1.128145835879499
2.1021394370457376
0.544972392726973
-0.040419932326247875
0.6917922028731676
0.8506124995439532
1.3615277722487957
1.5818202286954428
1.1299791906401622
0.5576422366663033
2.31005951089172
2.328938451087953
1.1929281113418118
0.3795537904179368
0.111267494722971
0.7197416334389045
1.3605014189407563
1.1827444330095056
0.2518424449708261
0.8055487258953641
1.3358587421385955
0.43130042685345593
0.7365652405256374
1.1173193820783411
2.956585953144195
2.064942682084593
0.6751046873177137
1.3168471439798755
2.76447959876863
0.11907193519434578
-1.0059783857583895
1.0554555623979538
1.5563049946944603
0.7989167375440726
1.0811128645774268
1.7245073282941816
1.2366488721548996
1.0193214915770206
1.5855618091895343
1.7902644998030715
0.7276047396061427
1.105842070270271
1.084505892604642
1.2305570488833837
1.1202108520908383
-0.027708732206268245
0.5473086736318283
1.3836687345838536
1.4883170304291948
-1.5868412977351078
0.38573555675200116
2.122961643351114
0.7811828812170163
0.3955360630737296
1.0937412051207156
1.3603511409193023
1.078403692830816
1.2240557158367196
0.8046992016491628
0.9623381786845268
0.6081031556675659
0.19328123322377663
1.132047825494637
0.530690356371903
1.6069133561721203
0.2546067259007746
1.839685706866563
1.7519557804463237
2.631811942868065
1.5358560995512107
0.2634006500676361
1.034623087438057
1.0735980645782521
0.9125334478715825
1.0232728164331573
1.089672148075079
1.4960647776734393
1.1618614306966009
1.3426230656071647
0.7318520346093307
3.3903563734853064
0.8773640254664431
0.4786716662780602
1.8720073502443357
0.6003783510586648
-0.09479385427560075
0.42363426216924643
0.5518945585820497
-0.07858636710371059
1.4543603754232723
2.5001452993872664
-0.28142236267156817
-0.6027577067044849
1.7403497420596241
1.4827303568824175
-0.7694676980161077
0.07134460949935198
0.9580965793208317
2.1350857845485987
0.047642882706399256
0.5378130851749502
0.40653652874644525
-0.21206631757693967
2.6376668954706846
0.04597693919156098
-0.10753708871433011
0.6670619261603277
1.1904127025522968
0.33955159660612444
-0.33715554988675805
1.197030696618082
-0.11989403066036369
2.2344918640316807
0.19487460703733983
0.018515258165793826
0.23724476399782346
1.4277493042662088
0.5740273942169495
0.2422997883631759
2.040109601265359
1.0939814192941282
1.753355655671652
1.3904466924763368
3.6306668815768637
1.1027693721069094
1.5993604469070988
0.2862591927291448
0.7543707528654505
3.023706901899249
0.5162401592657095
2.5167614523384727
1.7007199788006702
0.6277292897822884
1.217888786483915
1.2711575252349496
1.2018223588850885
1.4909950104039102
2.3617472858870987
0.8435008561865134
3.6015264432665206
1.848076947927435
1.214214441428113
0.8580279535957361
0.9653759018557178
-0.2224883870756509
0.44572301603338466
0.37721625474557774
1.982239487656265
2.2638903726778192
0.660857234097372
1.9673122023502245
1.3150517022862411
0.9494044505251544
2.3472056254105897
1.6663933353856255
0.10759426463310408
-0.15727567690577565
0.6798579659109693
1.5245842746834253
1.30068324941005
2.619256373239437
1.0601208900625567
1.0905971363573503
1.0641546966546929
2.1618335866846428
0.7870583158314619
1.758508626880885
1.9729302543696816
1.037581721176773
1.3603612234031732
0.5154177024017057
-0.2072965493968705
0.8339128880630184
1.3803872940386395
-0.02936656373797167
0.48599098230240434
1.6459796639636148
2.2132587939866513
0.9311364926621664
0.8298808385789213
1.0650073717587798
0.5922056791912725
1.4424942318012857
0.7355788373455517
1.6087336631728262
0.6142579878889278
1.0007923182290517
2.3890634549713843
1.0435230470778258
1.0023661082692261
-0.3231904342061335
0.8989112669292851
0.4980415230211025
1.0909775097435714
0.9356457308140314
0.6741026685916138
1.3134419756830746
1.6875028937656575
1.9104663231565164
0.48444646553907766
1.5220739729294364
1.320252509921223
1.0186907219559513
1.2528609477546313
2.389907141256787
1.1503257712312442
0.23695696550423545
1.3564098005457526
0.6679983505854316
1.2874141467945381
-0.22157468801791708
1.901382314944764
0.5889386427388171
-0.37016451894061575
2.723930787817922
1.6600851886067773
0.7819429235508851
0.37009465646639317
1.801999978022837
1.9960078735804365
1.1563854891686551
1.2272160302295305
1.3711688319778272
2.354367626664308
-0.21511363480123163
1.222016817765818
-0.42489903728022455
1.083075749141102
0.5021737758346426
2.164145174316864
1.408489960575615
0.28136470933616353
-0.2084701739811349
1.646004847087443
1.2559330718636088
0.5688131902626204
1.2043146748955822
0.18751663018998577
1.1787243156605791
1.8517025013576487
1.4968046480819326
1.048276569868382
1.3814519700297636
2.535088690009505
-0.10373692203270068
1.1209822890417975
0.423913720582054
1.8603353487665046
0.9842881616639705
1.2759520743099015
1.8180446621540216
-1.1206117724708562
0.9755253634528462
1.9967548714420984
1.5551803894390008
0.5913959188122021
1.186808145974492
1.8572626597343556
0.20770107534612417
1.1936528849745973
-1.1086754558056675
1.7911770404868868
0.4876806274301919
1.4057269706160975
1.0949969536856876
1.5421647371019611
1.97556985171731
0.46548138886172546
1.0483027821489541
-0.1147265027708342
1.5234377117026192
-0.3799840112120982
0.8131644322946148
0.9503907674743096
1.2791540221552244
0.7510996198331942
0.3324240248772709
1.2813165691165518
-0.730142373491338
0.754119193500448
0.9445118967608166
1.9688968362143318
-0.26654770082431106
1.9353956551377294
1.8760077466719267
-0.18172700346034357
1.8140574718814817
0.3215217106969879
1.4886509089265967
0.4557789495064516
1.8463395994551899
1.4763234027335257
0.9751817056294457
1.7282684998138111
1.9480561755684078
0.6665725190404145
-1.119970605100297
0.7013114087523866
-1.6025943681229078
1.0998546422025197
0.3661350420544142
1.1261134793701628
0.32129151715958487
1.540375531401402
1.7971790828366094
-0.6405940762396468
1.6343001686505199
0.12377902487134029
0.6058149325907423
-0.05790112115853434
0.48783256326117125
-0.16603493509112746
1.3417698136538658
1.6452828934699826
-0.31567097806752153
0.6631460758844244
-1.7805863297805757
-0.08399722983005457
-0.2985435673410157
-0.14705422144578986
0.4589314545699542
-1.1614952748612224
1.9263089800813853
0.9045354299947655
1.0309060847024352
0.6894086209117678
0.5924561982280708
1.8207880828257135
0.14095389357292337
0.9769846726304667
0.19299761145398897
0.1937071916896488
-0.21107083488279868
0.09696940956120881
0.6013287422190025
1.6369271101069496
1.4244325451392599
0.9708062478907956
0.16729333940075886
-0.2269303782260124
0.12575849611311254
-1.1399722468412843
1.4110456110722556
0.9638447604098128
-0.5954251658300885
0.7463520281775079
0.12631404990916348
-0.18911953821743824
-0.32889562300964814
1.88791588016371
-0.21515947094491275
1.4372891616444878
-0.37409948891406636
1.6263919780244502
0.8939418662847418
1.2725474670325003
2.0775557359590358
-0.11724091626772686
0.20143752129111847
-0.2975427053304693
1.341111184566384
1.4767310835274559
0.3351614007702295
0.603250716327284
0.8088884604778929
2.704798510877818
0.5632825460028957
0.4824256561450908
-0.25462966336553944
3.6933571129336835
1.5526259761866716
1.1865328747003028
1.2337149609595623
1.3923842834128362
1.8569576117069642
0.9180833491583088
0.3956894170844908
1.0673904054781542
2.0684173758101054
0.547827267468444
1.898215179123753
1.446487700010086
1.1715856692965148
0.6108012270736498
1.218589244788945
1.272220110581769
0.029559000871068716
2.978603201317203
-0.800206749410477
0.7540080087729572
1.264487388409637
-0.6820360887307302
0.8779601748312732
1.9708862837599208
0.617613070224294
1.5334979840659662
2.959752640336782
1.9571569140381189
1.9112865612317786
1.8289083498740561
2.1122410279870403
2.2384901461784406
0.4436641254807647
1.7596651501692189
1.1471096426947391
-0.006045879994863167
0.012780310656092088
2.035438394897067
1.5317286572300686
1.4820297508235978
1.9839203034079242
1.1660125793831044
3.699711205357945
0.05473268571564008
2.1848288279191475
0.1273131642871862
1.5328758696106448
0.6275430807750978
0.49365687700505534
0.9881350240068912
-0.03725753821960888
0.6421257516375667
0.325819422540383
1.2545927097062046
0.5116414649410597
0.3877763237933055
1.8077835980614727
-0.584768759393867
1.6274852165402802
0.6305743868812177
0.3786956183259732
0.5127500284762243
1.052084412813123
-0.4126536477535688
1.1264663516010553
2.0975879836411964
-0.058266332989185175
0.6418346074341139
1.3579252005132145
1.3160520265971454
-0.5397333826518009
-0.4375261824183427
-0.3224360453096167
-0.004538345851363544
0.8571858189864634
0.40279119449151307
1.1628244775974035
1.284038194055428
0.8575886273661122
1.4419422184802357
2.15797615791091
-0.19094856794465762
0.5360157227789556
0.3727599260326361
-1.0861962826038947
2.255520306224601
1.9168372026689413
1.8775957967352102
-0.027943901960928823
0.6337502991168376
1.5528793955087548
1.0345652304288877
0.4808599092303184
0.8505802769060609
2.3219898155090792
1.1871410914175244
1.1505367431326623
1.0418381685631097
2.7072395145900363
0.582570982876125
0.9635725892198603
2.202293582179494
1.684478174157102
1.019337798491865
1.2197063903571228
0.5740668723135719
1.2436554230873458
1.581353926032136
0.21030693696695044
0.4654133754440117
-0.062119710984299914
-0.45009165490010106
1.0603011091178174
1.0088035323723714
1.7695220660875595
0.7694476227163723
-0.2732627623918078
1.9227583681232698
1.026053035982635
1.3378071751454819
-0.6021534482832828
1.1255674806160563
1.4303139300904828
0.13153315549992523
0.664747031754019
-0.0389485583904416
0.7157274856396809
1.8958878138294177
1.4371749775996214
0.8686820062022191
1.299186255768963
1.0617720204205026
1.7947492777094531
1.841835639598839
1.1142238859592706
0.41359587436312384
1.751744712490575
3.2296867594100247
-0.21592099024257633
2.04629722606428
1.331596821554629
1.6734115087981747
1.0325222766185107
1.137141147647666
1.9135594687420299
-0.3765131942723557
1.655971734838832
1.4458660668625234
1.0179143358863656
1.2587962577464054
1.8827986405179253
1.0119930905289105
1.9466886067535514
1.9358618413837025
1.2157523866763644
2.544429146989127
0.14165895325252198
2.180222986418527
1.8053465449823942
1.2250796912287167
0.8273840865041338
0.977224634662472
1.2131916934305187
0.1069864662606839
1.75611373053151
0.7125358492530008
2.295299297554064
0.863500395852379
1.5489475058220035
2.217108195906526
0.7446573217799937
0.1434960671734049
-0.04694947188875162
1.9683592544404442
-0.12555805830173566
1.8585489697297575
0.7857935516782166
0.22396986319916748
0.7226214461685958
0.11470827313630919
0.19242966438479056
0.8134938863895844
1.3360964841908063
2.01925448903576
0.18268446683699072
0.8813543161438986
1.397030988307845
1.6039197078007597
-0.7269429667621556
1.1901209530039023
2.1841852958831844
1.964485087443694
-0.22821355666822155
1.3092241932403492
1.3560996866194424
0.7737900149790097
0.6531430826714768
-1.5711092026788518
2.0517737796091504
1.2827881844676188
1.362087490878015
2.3054515819183963
1.7618221389673727
1.4370215207654942
1.17350486782262
0.9334213054653039
0.6354873144177702
1.1774152312525101
1.2429807663531012
2.943503160908648
2.454926762567925
1.3753557751443668
0.900960576816455
1.2974221863426836
1.0133355469982679
0.61614717599335
1.1160532379429804
1.4333685728115617
0.9691970509994425
0.9875843209375966
1.6058878294093506
0.849857976757288
0.538199401943319
1.9980803954026973
0.9447507003601708
1.8073173211057414
0.7723457014329039
2.645814242244989
1.5645597490232361
2.482200451214252
1.1007107448922473
1.3474929878845197
-0.10957899279493255
0.8970905725269912
1.5531762258117816
0.7747424799312532
1.371844755316525
0.9817856797766739
1.357047383361553
1.268819158769491
0.067758997731644
1.4273725692503723
0.5566591037823613
0.39982338326226097
2.2423446847259756
1.4032995120352054
1.9053959776248885
1.9873422640366147
2.1550123630312807
2.0249149557400163
1.5850600359956
0.09321033286619616
1.193090753135286
0.4592693074772702
2.557054012590481
0.12935678502284423
0.46043339686623946
0.4008972722962999
0.49367470960571364
1.6155500704895407
0.6014398323371845
0.7911905518802465
1.1725116030840885
0.8093461677938989
0.4411681880319294
1.061048546677799
1.8069454829697917
1.4123830930096375
1.2332777789033338
0.43520727989452207
1.3908508247852898
2.0332519136130993
-0.14200885786244896
1.5094494536310683
1.4470759687033365
0.8865164463289655
0.4878894787738068
1.2546741856106294
1.2853579462264981
0.5892195053652449
0.796218885741381
0.9571604403557473
-0.27402494554408446
1.1579328938254894
1.584490562877303
0.07197904069434001
0.8484395125335562
1.5444161836669716
1.1055785350534362
0.2623162802309426
1.7837451957386787
1.0615074065902848
-0.4823373893721799
0.9839726719242203
-0.8044330999028255
0.1059707876053335
0.4441489044746899
0.40601068613539426
0.7261494334035713
1.4158419394581674
1.482522868100701
0.03217882310659482
1.48409952823955
1.2205669420227852
0.1869663295301553
-0.6840816212146116
1.5748328789485766
1.890407081419736
1.1457461266815496
1.279661419931357
0.2855800060998297
0.3951686700353915
0.3711510495524465
0.44059930508208645
-0.9376533042094874
0.8117695389476356
1.3706229499896005
1.3921942073538711
1.907004438039329
0.17148486729289364
2.775932942970627
0.4002547584863201
2.1214824271525288
-0.11516956910476954
0.22402600115022803
1.0870881455222567
0.6261008104120531
1.594016477172199
0.8852045058538013
1.4563567101141064
0.8697131184353462
1.4548677346243999
0.3091158453187143
1.1818347201840305
0.10866503386893141
2.029627284844944
1.0878456543381552
0.09741503731898168
0.7015952340673527
0.5406160193730997
1.1772375848022805
-0.49487068950272284
0.5158234276021634
1.6028188277299547
-0.3830770128176599
3.45859927674562
0.6898871432674415
1.3822842732928955
-0.08337841974013326
1.8982213309225922
1.5663861407935644
2.5389344427410006
1.3810047336619597
1.5107493587723018
0.3402977725851869
-0.09518504303130837
1.8929339269861907
0.20365618475082856
0.7445796689321046
0.5919784192652899
0.8802709857002572
2.2345859046930956
0.7088114318399032
-0.2522035866427637
0.9927541497032456
1.9860265953377239
0.010027531683475142
1.6897775115136602
-0.22222724695177273
0.47840967182285954
2.041642349434535
1.8631739853655283
1.3423933769150453
0.8769353527959467
1.9975958840799646
-0.45235701825042385
0.8167053396796269
1.1522147449824633
1.2652338953630293
0.6929126343224128
1.3755028678182462
1.0054165427488166
1.3311508196032664
3.61062395553774
-0.27156266283173114
1.8630773658398954
0.8558432436517568
0.7060907843746004
0.5488973411187381
0.6484520291926692
2.415060218678544
0.18310502373679324
1.2240807507673852
-0.869509177669476
0.8415651419664704
-0.48970509589527117
0.29832521684843216
2.8214404068251184
0.949026979394679
2.002759648446947
-0.20971362228812743
2.0276809159485754
0.015810377389523615
1.9729353790462032
1.5310805730724586
-1.237118025027748
1.5071385774968158
0.26059431046588466
1.5355340522621657
-0.1109206488611303
2.05483575740236
0.7020362028042989
1.8446003355606146
0.2867126677818767
1.0316598309612304
3.07922775402551
0.5714295069705997
1.2130107375003898
-0.5188911414168619
1.3884840051781135
0.36272641273073053
3.1241929417240115
1.7740849988437337
2.4269117116866394
1.9941734142698266
0.9085282002148329
1.9196048749914518
0.1088484781552582
1.9527061637811274
-0.11504668587270611
1.3612581933814523
1.494956572707899
1.9476474459122113
2.046857006737883
0.3088071787019165
2.7100831902027904
0.6090122533424578
2.157952152184296
0.8454479800888922
2.733295273736578
1.9462995575146702
2.1280480280568517
1.3802569111842777
0.7350168246065419
3.292355032866491
-0.4843116588103953
1.7698373003458039
0.5953268531631568
2.2348094614742595
0.18897186690356085
0.7336180571628771
2.594805936514231
-0.3732121373836558
3.1900282296932665
-0.45881962638523827
0.5282048473501535
0.7994277350204134
3.644461731552397
1.5559489440228302
0.4290869857674095
2.875218949761344
-0.8320849126560678
0.6946397736986818
0.8970623269300417
1.2929749671554378
-1.9249195702245365
2.949178356712188
2.0447513065490606
0.15099906289309548
1.143567517229883
1.9280961805966141
1.0108430774819874
0.001970298023475525
1.777017353969502
1.3249328699008698
2.8178029745872233
0.44298763387816253
0.10964587798575343
0.9957259036997583
-0.30175711808964695
2.142607940639289
0.013072038787459866
1.6380115246846827
2.0132498830261767
1.8737428674128702
-0.07855580499309574
1.0845694302970776
1.1309441743042485
1.2573989050049978
3.4217025968316013
-0.475464901338147
2.41715713685598
1.8148941617628587
2.452699506154611
1.7434440486475922
0.9979816178089063
2.0747713595274355
1.0608754305342565
1.7872036653337782
-0.35674355660290913
2.8080355239175026
1.2359440527993808
1.141624400479693
-0.6146233061249253
1.0466117315948438
1.7245079357574793
0.12840421806313984
1.1452200094281202
0.7145997834970557
1.3020038553851712
1.4041997788307192
1.4009752527733905
0.7748502156677516
-0.4720267382897557
1.0037949591528208
1.3336073362177105
2.7307952114519733
1.4786343292520778
1.543767705024662
0.5879607126417988
2.0258098037591417
0.44508480393486094
0.6923667425108767
2.18039575602253
-0.06219563259724177
1.768920893386823
-0.1052706131808415
2.298596590217875
0.06320860484046638
2.392904389531714
0.1329487917960222
1.0058907181182337
1.5715631148952955
1.6291963151402455
1.803666669489574
-1.507850950895709
2.0820477322571027
1.052240285565705
0.9914526083674974
0.8894869004177653
-1.1149878142306833
0.37960804348408467
1.2594167509475103
2.0713061747953416
-1.4731057808585004
2.046224286853627
2.374585382595276
0.13899842295622708
1.0358109281250094
1.110895177251453
1.2164998508363616
-0.6454451932469176
0.5985367719997513
1.7572403457054726
1.4468646276047883
0.0017961595261049234
-0.03784753661750895
0.6134964213644374
1.4172631015482553
1.5931717255067799
-0.443505633243317
1.572230859670745
-0.8364820896368409
2.0190428874161284
0.7411645990289208
1.8993889902278953
2.788260848835476
1.1001189990533025
1.9039497390155513
0.34909023308091336
2.035793628447377
0.32969193224888127
2.0822176722667196
2.25922988536606
2.111725098743654
0.9179964902527019
-1.0804927822186523
0.9917832802866855
0.6799192134587644
3.0706793357991424
0.8262299211152095
0.8735286480564994
0.6627768229745675
1.1289213777311689
1.7068434473904417
1.2526967196591656
1.917837118122973
-0.02656875305053831
2.995904410920692
-0.3734547477478226
2.213589406505741
0.3934222903562764
1.136038286014747
1.2599728402038033
0.8260019517613226
1.667832148224955
0.5131691785604081
2.5273243763681625
0.6474255650855684
1.7142451304972024
1.4535274719685796
1.5067914024754985
2.454121386614203
-0.11762385116321884
2.881066336488024
-0.328984257108322
1.601825287079498
-0.2938774805037954
2.5123530531933906
1.2681409352559412
-0.2129855736126268
1.4907662850571912
-0.1573652289186916
2.716505558866038
1.1466330367339548
1.0474271056748827
0.7962603677391209
2.280670809797577
2.0220603557204058
0.19342210376819624
2.054118293788186
1.0454861422943051
1.183738503839075
1.5738058540708797
0.9800004028496527
0.9558632001616483
2.791792152837521
0.5104919711462506
1.1611466490044724
1.2718168335062432
1.2610745082321864
1.7838315241393956
1.3002804822674903
2.779097596067568
1.2627622384985495
-0.011828308417495338
1.3719193665115188
1.5847712688056794
0.9284155707334742
-0.26337728634809926
2.4478534384474893
0.44562969708987504
2.91108741332818
-0.5054419186818639
1.080816174701978
2.3885053716624376
0.4550113730383867
0.05288133513099068
0.32583194340906224
3.169437041864205
0.08542378639256336
0.7110763626173991
1.6867126767277323
2.7047537019583574
1.5900882485763201
1.6132314470574856
3.552608559806951
-0.9717978352317492
2.6508846929071774
0.257097163829514
1.9612070013906258
-0.5931121795672497
0.4639604857073747
1.1093626635026517
0.8863557519930919
2.0842768537075482
-0.02244163739891967
3.2626889422412804
1.4890787815985007
3.7044680913233563
-0.2366236229065926
0.6923954835923596
0.03739738759079672
0.885618920997673
1.4090186624493262
-1.2082984433612047
1.772010518042761
-0.6763594377290694
0.3445748479504258
1.0844457782845496
0.3582744606390798
-0.9788902529925085
-0.05468558187907195
3.014198798616131
0.28865639213730304
1.1402399025285626
1.4342603016534943
2.058013276196797
1.5934129427045454
0.9238270818287858
0.03513103690566964
-0.36462759309254805
2.128974808060753
-0.2769736389428131
1.7286077148965255
-0.7606223182198291
1.0639061345676908
0.5053836311709388
-0.7614560642987154
-0.16709366634499728
-1.006724167487094
-0.2504092968378136
1.0688686476916458
1.2262968940519046
-0.9286193201520817
2.094207409519866
0.9312689570845413
-0.11023168316967147
0.24202604097667246
0.12797364745669612
1.983004905006611
-0.35815871316400305
2.228203262025668
-0.56023581654683
1.3810205563013258
1.137308042645757
0.87567664601145
-0.22086977960112777
-0.42434216824577903
0.9902334059358633
-0.013620609783059947
1.4500695081028554
0.684244811539953
2.7017669263506914
-0.5077528793439389
0.4298360169567579
1.8666848251320955
0.1994095538515409
2.2772160849391243
-0.36960362134576885
0.9484505254576487
-0.4634217923853471
0.6669805963106473
0.766950936501672
-0.19852574043397775
1.0791000413179066
-0.9286823038866704
1.4441334030584978
-0.4676885254761498
1.8141452665059548
-1.0556129235490996
0.6044401001192127
0.7420580168427453
1.2770023656215423
1.477771323411193
-0.6122528026788064
0.32403435376968504
-1.1638053937876027
1.6293202278191825
1.4421359220092356
1.9377433625654465
0.18111816156642316
-1.2519324453365388
1.0859845512874742
0.17187188193888933
0.4833968142694048
0.22253380902684797
0.7528075465431817
0.3735011250055042
1.3807938819284804
2.2666776985400965
1.8103237280999829
1.446514377380782
0.5895628510696271
0.4708487446376785
-0.5241826562450667
2.4854479865315566
0.8093106044691226
1.1091024834355778
-0.14315723721209833
-0.0330764312326297
1.5282127157932717
-1.091641147350321
1.0123976886146973
0.7240758271355979
0.9277853531891561
-0.8065775465300695
1.635676949195104
1.1466821494924082
0.5033053219642576
1.2627941821600266
0.5601803313979296
0.6747723585978568
-0.7233419015861643
0.8641304046852223
0.1991674231463595
0.5538820719353139
-0.3776083119746137
-0.22176261929076496
0.38869039773379804
0.8371178763829585
-0.45561562476961687
-0.2971105895535314
0.9432849897467547
-0.20771158271360562
1.9717658649489296
0.010543980975732555
0.1499700603827631
1.307118013864002
-0.01666828475370477
1.6236289274951683
-0.5261108869076525
0.6688217833244511
0.8735720540433787
0.5356339378029653
-0.5879495359034757
-0.8479033661654248
0.7394194001577107
0.35957839851389983
1.9762214703266214
-0.8218244478863183
2.3660065027835815
1.2029245138867313
1.0867763098902463
-0.08327879947258557
0.43908431101499545
0.9335072644259605
0.5030312581110494
2.0594258521276627
0.36546405932727816
1.374682938321528
1.627018915245859
0.5851708186552027
2.177345058602706
0.36358985300949015
0.9063277774152442
0.7087429571584294
2.6098264516445187
1.215779105937315
-0.10966762217473434
0.2041690437380857
1.6390471409071918
1.6435238935082286
1.4997045059997178
1.1516085000629774
0.8658532904189985
2.267268405884614
0.7412593168677988
2.3136445930534335
0.09669009316649271
1.7659561701064241
0.9106188012530814
1.396372550682807
0.4479299624681248
0.527088483554368
2.8235911774356577
1.050272263226449
1.9145366544059064
1.4066137958223113
1.4115423325095489
2.0897348999283127
1.7769465456122135
0.9812332034966901
0.18540986168435963
2.119761107170401
1.0031169349387459
2.516419695823722
0.4850042991190485
0.5721618802301743
1.3570792983232918
0.9524590956221367
1.4975489723190396
-0.17671753797419604
2.2823394720788013
2.1261862878054485
0.37730211679291414
2.4849791193463364
1.8252584420183988
2.6280794236228386
1.0206803026898037
1.8559041508156233
1.6514091873163672
1.9229926324197857
0.7959631634476778
1.6731366401580376
0.3980659635143899
1.2566774134405725
0.7413749454672972
1.2761948155047986
2.545314212598247
2.214190083279106
3.4296500901968785
1.5347293831257844
2.4407028339600165
1.458586504942557
0.8512793335401916
1.326424488257956
2.219700103711422
1.7111496651963882
1.0943704663366958
1.7280332271876384
1.2137745844762309
1.672677428718935
0.14054871589899526
1.2937120876593668
2.2600588856245616
1.487251097143741
1.598863051369124
1.4793593675408014
1.8569628343420612
2.063821883586007
1.9614029458636784
1.612132158589516
1.482067242733419
1.2190773991581942
1.4358019663290946
1.6356063179068747
1.783874315023397
0.9547318115298598
1.551045907921725
0.31714535366942953
1.8731267834812078
1.5392931865036683
2.3200102113830017
1.8914049599976184
1.8338752010535737
2.4316992074240313
2.775201696491011
0.9977226313073049
1.3401330596169587
0.9700744662468794
2.0274204995127345
1.521250735582278
1.4982228981318497
0.20994856437473136
0.4626661961411601
1.7690729805423213
0.3746058173728617
2.7023533820208043
0.5468125198665792
0.25827370365651975
1.3364787281425614
1.602480579004726
1.7580690440773827
0.8410643783482407
1.338276296037719
-0.08968750102881488
1.0595700688830074
0.6465622364693376
1.0594147625033192
3.078037967154308
0.2477445677523439
1.726936492016451
1.552046410990628
0.8878294340880735
0.3865231567842975
0.8222138357977666
-0.6732363804839371
0.2046628516934445
2.5549571360109145
1.1931476408867732
2.2427296379520336
0.39702471459404665
2.4613415038062834
1.6439930994196914
1.7969395666922054
1.303159591187356
1.1132078977713973
1.5685068504705442
0.09794807405980968
2.2435275740983442
0.9566583531238133
0.5109373445661013
1.4132000873503834
0.5976611395796164
0.7585564387844541
0.9016842421960962
0.8414151068705588
-1.213591135354903
0.8930247158113709
1.5165626064979036
0.40087900841907353
0.08050074152538535
1.0993620046397021
0.3107226449699051
-0.1985843834300264
1.7087531934701414
-0.01021600209084707
1.8586867359425983
-0.4622926572577366
0.9356476381917707
0.5456406489430021
-0.40353370574142494
0.8683907283172181
1.069703683678055
3.1226864345802627
0.9195337748942191
1.1056341387936306
0.6134811715479059
1.7485877272333255
3.505498504240126
-0.026200834940649977
-0.23816254239016704
0.2802167071211784
0.3569097986150351
0.8623866172818697
1.3279189010845036
1.248267174954154
-0.1513405343052351
-1.6068180070184552
0.09994052287297893
0.513426254605196
0.9445021427886877
-0.012792877985796359
-0.4500588495573017
1.901118648029133
0.5156994594359394
-0.18558482129103826
0.5005207960788348
-0.3952560468567108
1.0198449594662409
-0.5743788508628717
-1.0664823091224072
-0.6105731489077467
0.1757140467899533
-0.24424899513468984
-0.39574817526116574
-0.9926360574579399
-1.3855371410486017
-0.6725995794328463
1.01972510157464
2.1094031850167263
-0.5625846732995039
1.1815459401040456
0.9605575129245849
0.7129299976715658
-1.2797121135670022
-0.09007176146901681
1.3039609505767766
-0.774514491397922
0.8491100052082341
1.242498406501417
0.8624501079761581
-0.4581510149599815
0.2014800330995667
0.5385263695832377
0.646415596691294
0.3723296898892678
-0.5433938085352472
0.6766698212018146
-1.8324082441398521
2.8828246052832296
-0.28184946456616683
0.13246107844843572
0.1079842804554239
0.5424007989918862
0.06435049031057835
-0.5904459545694675
0.020610327910346372
-0.38520520869206587
1.1133262875172982
-0.5170841576764442
0.0034591435051653193
0.5468190923030205
-1.2867941081672822
-0.7196620974883281
-0.7021082322458497
-0.0431006118089554
0.5703607784126912
1.0428628712137387
-1.0642174716478359
0.2575496531265824
0.9608703368195923
-1.771173962033065
-0.4916280862192294
-0.1862673709594514
0.23812980131760556
-0.6886166737658224
0.25658849775778786
-0.9506185177997071
0.0038895729778426857
-1.2886957279237876
0.894159236938905
1.408126240815217
-0.9820585859837447
-0.3800744843538125
0.9830231043490105
0.030109590430331654
0.044807465328835144
1.485642806399544
0.27130451209013073
0.2276611793575643
0.5863462505962171
-0.6917536357044346
0.5602081956421454
1.836856585591534
0.9587058708733525
-0.02023242086937749
-0.5874637113077984
0.08249470842998095
0.8329143437356525
1.5431869046317077
-0.5937333766396666
0.20249098750143804
0.5732314150253597
1.0212601457865502
-0.4079480053491729
0.12543630623327487
0.3174925104297439
-0.8557948210216304
0.5786862668200736
1.7780968032899478
0.9763883057345732
1.5258861358975984
0.6606394491066399
-0.7648919463998963
0.12395457976823926
-0.6609703070630601
-0.7695776662027398
1.4201862544000488
0.7968068210015835
1.6964212523206228
0.23743572543805316
0.1228718062696125
0.22512588124783162
0.7197063444664664
-0.7628625318759034
0.4006977232355869
0.46261672693576167
0.8411240499010606
0.47133599260438036
0.6476381821791538
1.1126705495823475
-0.690295154843131
0.11433367755039596
0.6807101658889432
-0.1604490858883511
0.7172830022936648
0.5684349887625759
-0.17434920123832914
0.8516742791543429
1.878679950900793
0.5715932177089356
-0.299102591450646
1.0814128685735358
-1.1691966431769714
1.328707844285665
2.2088613859773005
-0.032130506696056715
-1.4190322508841156
2.0115362431289134
0.4164913398283413
0.15964099056630454
-0.3509849027760592
-1.5072669383738146
2.1568124026433844
0.34988315743153653
1.4671273038682244
1.0219978870243898
1.4321859651455113
0.37552183896907326
-0.18804467333805364
-0.007545877617680994
0.14134897795067025
1.5681130292336667
0.06315780550797898
3.125246614311207
-0.20066898594306223
0.6203092083063183
0.9641540356081192
0.8788495863922918
0.7562262094427108
-0.11045988555482933
2.037455608172801
-0.3321448334900471
1.2464735800254476
0.40630452832264186
1.8499488779114068
0.72467386604308
1.7432113988897007
0.6653112030043362
1.603233392108303
3.38218476493111
2.040389982630251
2.1137644597312732
0.29876118512465316
1.3241785511107045
2.085645334884929
1.9256753418126358
2.083587831169307
0.9195093305485884
1.9814500146151506
1.4693736167283427
2.352486636980446
0.70114851911694
0.9063633864111164
1.6760841575247611
1.5591680240750823
2.465956429165354
0.07300412047112784
2.016040396484257
0.9209676513270391
3.368474908317239
1.4730763968589762
1.0187431867513395
0.2551220725757161
1.8234162761810266
1.9858166355726004
0.9586696962160629
1.657720335303608
-0.4050349695299651
1.372583670515626
-0.47334061315240705
1.5013007398470284
1.9327828344007354
0.6220128301413388
1.4485240773703283
-0.41258840086878756
1.5417986183338197
0.17153005571416477
2.0303511955137026
0.8542820898407595
2.187550881479245
1.7414349798603417
0.9145643504142389
1.8974520400327184
0.20864686111657071
2.1221638576207402
-0.7811162825763432
1.0613469782936524
1.6002785269711512
0.6779998257749643
0.8784086066294645
1.6228319327181704
0.8885902328957327
0.8590061231478151
2.3912952164347847
-0.183193996655287
0.8834853061657089
1.0352932457008206
0.46064279829659166
1.169791907937766
0.27278286271208346
1.1214531708479036
1.162950139950196
2.774181992163648
0.7084261781577592
1.2866068160918864
1.127149730165089
1.6533002049953216
1.4978662581296602
-0.25300450306044264
2.1865733079690726
1.0059163808516078
2.568864755797078
-0.7547104978573946
2.585739130645415
0.8176775488739378
-0.13753466199960607
1.6040893319447107
0.05833923388483379
2.1931615738311123
1.929776467547509
2.0411170934893237
0.5325682979452151
1.3071701857876605
-0.16566159190995358
-0.18952159177410655
0.6592146746444846
-0.0435269416976168
1.7936058359099576
0.4057725610133472
1.8704141962683754
-0.6152298847805885
0.7504601408376953
0.9987137928336752
-1.3090751252295192
1.5345247631427896
-0.8241805568186652
1.547403225582735
-0.44557443170871963
0.3916733772083115
0.21706946367578073
0.5774925744801517
0.46884542451781835
-0.46642447285545496
0.4420995195117276
0.25233199047272414
1.6992985981776008
-1.0501646102479634
2.1845770119816166
0.6541677963592423
0.39076340759931466
-0.6286178251537815
0.7686811794412407
1.2303094866302993
-0.5651995506744575
0.9134986858048985
-1.800182370005624
1.3809172797593485
-1.077293332604909
0.5981717667987947
-0.8449332048496552
-0.12502038800615936
1.1111216952794236
0.5975725471459065
1.855692061273944
-1.9538841748192
0.726357232374204
0.7247074505278259
-0.46634198241363967
-0.8080522081727388
0.05177615552367508
1.0388883604198866
-0.4055195027450064
-0.9182840922758154
0.39659841983645583
2.4474556409727706
-0.8968910930071979
0.17584671663475443
0.018409039315357596
0.5093333823110504
0.4317344103405149
-0.006981299008143947
2.0449485968319525
1.7534799625582218
0.5250098997173306
-0.5217392895886236
-0.9662971544012802
0.07483327927675004
0.6825551015355197
-0.6035928332308385
-0.8594455754754449
1.5024132377698676
-0.7429490776287698
0.038387269120464196
-0.521539406678191
0.4747138558586186
-0.8842745500243091
-1.6937192295297974
0.4406529762290537
-0.15729179109004446
1.6168996541322642
-0.0023819472500717694
1.5228928082654882
-0.6025891601760025
-1.0387638258688958
-0.23739164842155805
-1.1289854250008011
0.3935196121935876
-0.7291844202090426
-0.5057095570327425
-1.7868725283398847
0.520623858264649
0.3909615223550969
0.4216447084833384
0.13847512062958905
-1.5860202729131292
0.8537433148708716
-2.4870077824699224
-1.1366518216759915
-1.5052457197854103
-0.20064068388386602
-0.6313618279754627
-2.3910991372759276
-0.5106270328243523
-1.747796244297214
0.7850794147656273
-1.602174223040583
-0.5942022965287688
-2.322076056942846
-0.5960666014215459
-1.149942498041155
-1.1384611257675248
-1.2177480004340713
-0.7045549541655355
-0.4725640823233809
-0.9272913426679362
0.983409184135206
-0.05116066199081286
0.02220587343023275
-0.6959781771249409
-1.925553180675141
-2.2830960502435285
-0.7074445635217771
0.9184794014444401
-1.7952846347075146
0.5903889876733698
-1.53549801720323
-0.5406550359525842
0.035749816639802826
-0.6620043796272667
-0.08369802454198354
-0.293275930182857
0.23880417382819466
-1.1651440789756082
1.1627521834743042
-0.444836191314965
-0.3006235072048834
-0.987520624718143
-0.42948976430461466
-0.3536251172015861
0.09170104150776119
-0.07890734678835984
-0.8790427777561588
0.03476844007157306
-1.1385050692677081
-0.8923851331632652
-0.07901576886199563
-0.9168595374824318
0.5712665648810664
0.1909146329791424
1.721088135902426
0.021752720251204706
2.0324645292192494
-0.26578912680313455
-0.8210683613536731
-1.258022214660389
0.38862060706174967
-0.4823943686678
-1.0307963724691491
0.4162889611164633
-0.0441437912243755
0.7720285974814726
0.04154501533641522
-0.1409084752143828
-0.5585887589722407
0.1575969670671039
0.581856141232199
-1.5160418808969787
0.7853636327658547
-0.4661992221850805
1.3289949070526499
-2.313847734345954
9.738095521480255e-05
-2.1599204845266295
-1.4866923166791328
-1.0355753410961883
-0.4882100879916603
-1.257990567336265
-1.456076154565171
0.497750736897613
-0.24718854834995443
0.3677680753161819
-0.34805612224563665
0.309183344099563
1.1290126640448206
-0.2270565716605495
1.2441588458078805
-0.7474138159807285
0.9111989416028593
-0.6805971803843417
1.5240867718867466
-0.654449678824655
-0.4941320617886855
0.08876323720804612
-1.3665749594830685
1.6362576310826316
-0.6540392439387769
1.5091789882412587
-0.1341153765563233
0.67963397712922
0.8493729769380303
-0.3858131773374771
1.0140396034682735
-0.17000889860519552
0.852960181442544
0.3544406774025515
1.2732510207929717
-0.9856066411943656
0.8183888253234174
0.6383471284566661
-0.9065676054257419
0.9470849352772468
-0.6309831612911617
0.9586072254843805
-1.1138010844105788
1.1692336517280173
-1.5577791872885485
0.43179787493910726
1.1583327599499982
0.7890778582988474
0.501766983278301
0.9034628552840772
0.33111398011401916
1.1157150876054929
1.8195792773259118
-1.005479988533114
1.2765729709099347
1.6492990841697854
0.6927844371249969
1.65526759689062
0.446802661733255
0.9423882027536887
-0.39660485877732826
1.6739865535416372
0.7465750607819259
1.1468919178850399
2.27030240020285
1.546544596089785
0.783934615285365
-0.171449331269976
1.6707070856457416
0.21342484521444413
2.4084629660174453
0.14114148055628614
1.3106810903076174
2.205357576515721
-0.8991458224436426
-0.38948626191424396
0.6859878654815675
1.6458511966563993
-0.40496137088491335
1.787321572971445
0.42586121926764303
-0.7435997445882985
0.8227263430912898
-0.28123074506855916
-0.1419526742524441
0.03724844508592452
1.909763075141992
0.22849517580421114
1.5432372556678202
0.5317285911667864
1.0137687135308742
1.1397196718122455
1.186447645830399
0.44883548895634234
-0.038746473865187134
2.5419528155589677
0.9587479340686516
1.8248792518404673
0.8699290777203114
1.9949272081178946
0.9580158909713958
1.6713643403847598
1.4101718656617606
1.0679949700671223
1.244731080945281
0.6849687219965636
1.5060017747451748
0.2869742642355057
0.8157777406493598
0.7391834401612106
1.2061484579873931
0.9283524400817524
0.6264899037627951
1.2089084552684999
1.4557878371576756
2.887111925089625
0.471831304145681
1.8719550659437894
0.15436332789736745
1.144598519190454
1.8828950708450516
0.6005305001450367
2.5642530462924484
1.1008653967252913
1.921233598828208
0.026152719431116384
1.3533764140560505
0.36166222819616906
0.3938866872322407
0.9478082568353883
-1.2017390268588732
-0.12220466284526532
0.4716800462891201
1.1411773798434897
1.116964610171061
0.3719325020284247
-0.25368553255078047
0.3992642253141815
1.3258902229699903
0.13955817382641128
0.8769361150626332
0.44899996180496704
1.6788072779691532
-0.2630654310597326
0.11057943537457879
-0.054463518455435046
1.189150637971926
0.5313296152657113
-1.1763891187133582
1.7416551099167545
-1.3321926764184557
1.552677538338611
-0.049009830307128806
1.1100848330591826
-0.4213817006596059
0.9809168769114479
1.3463928258081592
-0.7289599161824752
1.6444446212701986
0.1467485804301338
1.3876202872677748
0.5209780432501849
2.801956946580662
0.16718917853921983
-0.549887634606466
0.4674002610628549
-0.27556443031211475
0.5518995461063776
0.9199541787817559
1.8353264921335126
0.25649459251473905
0.2247156749637333
-0.4758146467364214
-0.32380476794489715
1.1559286382082594
0.46355028011857186
0.9832072500129785
0.37994603196982174
0.136340100481493
-1.1201435469953671
1.7791634884665515
0.19720948778979588
0.7149944037959534
-0.4007379398164125
-0.9918039630529382
0.12997484979150029
-0.24271286571808418
-1.6153818291511086
-1.716055185313059
0.9516950483000102
0.050097283098889674
-0.13487281914936283
1.1041241191520679
-0.9169302332639063
-0.31042892262232347
0.33191952666221647
0.48033886066271175
-0.40847515736844714
-0.5687595539238893
-0.08152410717498428
-0.6422330890159094
-1.3467406547893757
-0.4346848151745742
0.05222055028622828
-1.8600442882256658
-0.050497141559639566
-0.46237876707024983
-0.8478815076459326
0.0076532620208521855
-1.1286053683504937
0.9778311460444411
-1.8274835619339216
0.49739149231390717
-1.233348757459965
-0.4802661769671795
-1.870002614102463
-1.7285375194970984
-0.32738674187226846
-0.3654018099128041
-0.8692526660154594
-0.9989686357510552
0.2338288840683287
-0.7123337101448091
0.08696201669448195
0.3233820885547997
-0.42175505417692755
-0.2827793210728432
-0.6396361439422088
1.1806829085733455
-0.3985239186614823
0.23353806758428924
-1.8393162424941936
0.5506359830096729
0.40649774183804266
-0.11562976467492288
-0.15297397117130423
-1.5226694514135295
-0.39303752473794323
-1.159667713255481
0.05968777468649128
-0.2764017423897101
0.662755169289718
-0.09896068835352215
0.27140645722589907
0.7547235480349752
1.1892868022719452
1.4404997074669816
-0.05770989323014925
0.24773847260235202
-0.09554840579687363
0.22093355526018102
-0.6031643534364434
1.0588009225462238
0.9080335917296759
-0.29072467026422777
-0.04216143598084045
-0.4960599810575883
0.8463377338073572
0.3847694808890065
0.5512036289059946
0.9317583816588941
0.5494624630430951
0.2593809350531539
-1.27489251114643
-0.43156386830839494
-0.36932385355913533
0.12333965214106284
-0.194893281887994
-0.44307636005850765
-0.2835647874175617
0.8658839691827005
0.9342562480482248
-2.405571713617741
-1.5961017453162725
-0.5387099498489836
-0.37456798397253627
-0.941026224309399
-0.7294437211198908
-0.9974128744338472
1.3288965224090563
-1.476611112298936
0.8238324010163267
0.9991822519976439
-0.41074038183436073
-0.22656421016449085
-1.526422763060946
0.36422505369641595
-0.653573827237636
0.8899213512001349
-0.01782863695009723
-1.0873211930110536
0.08860854624406096
-0.45125657598416685
0.43695419699533894
-1.2866944272178635
0.42235301185511387
0.17764878715805385
-0.0446215221787638
-1.8421836342930908
1.011376825053749
0.38967530366198677
1.1366863814019457
0.28323887184937135
-2.54700182827468
0.7334040734748851
-1.5792785009423325
1.1518650889474655
1.2258139014153397
-0.24397312558298667
-0.9323611512728683
-0.5904361390706412
0.9441000528455012
-0.5951649297330042
1.956269996902131
-0.2204324432850822
0.06822635206511392
1.3232259895088254
1.169494770436301
0.9598724602036964
-0.37800850442553807
0.4596243800101927
-0.9642740891800519
0.8644985889620164
0.8298085150864423
1.7775722756988994
0.6868498947446062
0.26760085942791656
0.4674812204458942
-0.21230809486290605
-0.10845863729420138
-0.0847764738033779
-0.1473734088039501
0.9375533830957539
0.09029115876440687
-0.46664928913253223
-0.7524844874362914
1.3845169003821935
0.27386494099343883
1.3514849794370392
-0.3271763245589498
-0.09513098494626247
0.8453071506580442
0.8570925891185667
-0.5330315065984937
0.9144203871649765
-0.07397359497600907
0.005093662634441135
1.5855238666112135
0.3106624634543692
0.08433405536014717
-0.10525911049497577
2.5824936653698476
0.26515112149974096
-0.051304724729235404
1.0787584777991517
0.6409710348325305
2.720207738532698
0.6153021649627742
-0.22191807637223576
0.12380074344016828
1.2888357694147043
0.6818997192537358
-0.4507280370608842
1.4711935447996083
0.35952693240800837
-0.9903641033822898
1.041646219910935
1.2250816632483434
0.7543561126919867
1.6115815695976918
0.9562982133617579
0.9204779268515825
1.3841303632955868
0.15951231367273896
0.39647950809057564
0.22483067885968597
1.5550575767604404
-0.7100339663319466
0.7167062686066976
1.5236760137588787
0.5549617168928893
-0.1974324523886578
-0.5937888162174514
0.042739852768859214
0.9658790217812453
1.7620798024533444
0.9053463648789782
1.97444558530117
-0.11984692435814503
0.7064683915148428
1.6620196477316367
1.6770634060427239
0.7768502185943721
-0.10331883584228843
1.127227716681289
1.0183748424981303
2.2436113986215385
-0.36231617820869927
0.09193538757240349
0.7380401256351781
0.9046853468350996
1.741421920219378
-0.2791615651403272
1.5952032899028512
0.4737497100014753
0.1408245344786662
0.640556136808
0.9947121831390863
0.6584304944782292
-0.6544023415802189
-0.021576177887799038
0.770185298342885
1.791207607964551
-0.2117796182622781
2.0060131476865757
-0.8996079279350379
0.6594065620737369
0.029315132734231808
0.06353647541962894
1.2004942181247265
0.8960930333911877
0.20667362679943424
0.749306877228225
1.5834531151837703
-0.0641584087923104
0.5637746451708687
0.21596138235238976
1.8660697097765984
0.8215444639863213
0.10335954913071686
1.1251123072053264
-0.39411809181189067
1.3099753653052064
0.990506725704176
0.9555341298637011
0.15524542781604897
0.09148790773934319
0.46578073140075466
0.7428696755557287
1.6832302573380546
0.6454782786211681
1.9027153525464857
-0.52910319511121
0.05705204638798044
1.6493120217753552
0.030245811597228743
0.4727623323942308
1.0564682333196178
2.498887043807768
0.3066337178719535
0.22037650500663916
-0.5486973155244066
-0.29695415423463717
0.6500430125295572
-0.5064557816695558
-0.27214614763074035
0.887532159001286
0.12645379002191892
0.748477264655397
1.6697753383514808
0.72622039637473
-1.054328957139843
0.5524384140765397
0.9625611072322185
0.17983474502695895
-0.8017419685595395
0.19884366427302821
-0.11769280983982812
1.116265761779562
-0.22746751234779572
-0.6173612499896023
0.2926366626583359
-0.8821667398544559
1.5397918420653627
0.5000538146266763
0.9121089862832653
-0.33418044874951824
2.011775952820167
0.7776232286279225
1.117164035540025
0.8066819850909864
-0.0997178496509823
0.9453810138357965
0.30049975881388163
0.6031613203116206
0.049630949769090944
0.7494010898910367
0.616161682592438
0.7773485495263941
1.112306377241945
-0.05126377248651816
0.5237566259637749
-0.02945112846531848
0.7772251875946116
-0.38123821987712353
1.1067545316022922
1.4735557210424626
0.9386802043035032
-1.6427213748938405
0.4489966225729444
0.40294388353256483
1.0073015861521195
0.6549561831681259
-0.16203100849631552
0.41440600590426735
0.10043102043085067
-0.7185254739053275
0.5410446399812436
-0.9044638473898771
-1.2963449070549737
-0.1828887057404569
0.9307009260415107
-0.23530435015805873
-0.8957754721400084
-0.9075772693586851
0.2559515409221662
-1.2396074519555467
-1.0575612996685098
-0.2069148998668469
1.3587406153226222
0.35275030314973593
-1.149437097816871
1.6020225635858993
-0.28213256853665575
-0.8545441339992925
-0.7783471216752742
-0.12504005436438015
0.457405677147546
-1.0032249005304066
-2.052980483096254
-0.8164438785167655
1.356874481119411
-0.739101182104423
-0.417640758668483
-1.5287307429810526
-1.1768731129375571
0.07002069076283979
-0.6698072841511308
1.3875375870500928
-0.23349574171657278
-0.5350229893935603
-1.0476991781794547
-0.8965639721761944
-0.30870629462580945
-0.7777976664474396
0.10571929157121393
0.04425959353464095
0.15131887280563433
-1.4950183103259937
2.094008048435707
-0.24280849095645843
0.39540781326239266
-0.8949296482803533
-0.6993038037119513
1.23202999389247
0.004855774246750938
1.0132655065331397
-0.7872626056555545
1.1834175649029444
-0.17399591907093348
-0.43978639224399985
-0.4126612344944912
0.1859131493711355
0.6077214605347411
-0.8036838849515244
1.576214194874945
-0.7706675439014345
0.6367383595262268
-0.313731464798077
-0.9630627279416221
0.07921699108564982
-1.9861764463714746
1.0664804440291156
0.9954388277949447
-0.8055481606437066
-0.47569986094920436
-1.202579989276966
-1.4117515596058055
0.39476833003124007
-0.3373417295757778
-0.7936608799502493
1.478213830275494
0.38761403746038076
0.01981825145534002
-1.5988279739904963
-0.06114108371035696
-0.46991188902185543
-1.5567936768619566
-1.06926350411857
-0.9610645983241365
-0.4338338371198558
-0.7767517982164337
-0.3554692103174944
-1.334847794939618
-0.6210087730547117
-0.019078476614208258
-0.6133648906338682
-0.5945105214925935
-0.1487544069762063
0.36223902035501065
-0.2830744788712327
0.7070434926485265
0.2319712606002733
1.1285416459228008
-0.8057460278752097
1.1848648030372533
1.0191320382297697
0.12605111465823002
0.5260922865702329
0.8965375467721253
-0.04719437406944896
-1.4889372225121393
0.049065116326630534
-0.433407260388294
0.3092753750751368
0.23492164412803948
-1.4738299091139062
1.551340383364204
0.5995744442897372
-0.11904189645503324
0.40841259193180307
-1.0072165992968933
-1.6548255202655158
0.45870439809779145
0.7373440429718592
0.452244417698155
1.04688829532358
-0.6956602391267754
-0.11674745025322672
0.40236789903878495
0.15034490755481222
-0.8724213952971062
-1.4494730184937086
-0.11776090454230288
-0.8939621089512347
2.074487863695048
-0.8881975737419188
0.6911067050309468
-2.8057037528298676
0.4948042482498287
-0.6353771980970379
0.09595716295969717
-0.633342671483299
-0.6779664888428475
0.0644659324113697
-0.740518030338043
0.8669312979350511
-2.447893076158576
0.2762644054998014
0.28668736047513155
-1.230771240565646
0.07745434277988424
1.466731106491029
-0.1674922908152646
-0.6339958776586525
0.4889282831005127
-0.08274118754859981
-0.4250729076168236
-0.5742747012348334
-0.43253026160919644
0.4364922925910888
0.66909295225628
1.9388383858189995
0.06658278682038059
1.2366756654242885
-0.09380209319367837
-0.7123246658153835
-0.5739547351296144
-0.13050662041306768
0.496107731753788
0.3669111956311931
0.2732318741875097
-0.7783209873412762
0.8756387977082685
-0.4855918695539242
0.23599967099220293
-0.14452870550354852
0.29975176302529133
0.4899096893096941
0.5424621128578917
0.18298365892910606
-0.0880625854523714
0.8605066018896513
0.36944626575104406
0.5271446510631255
0.14586430730049052
0.08407816563308437
0.7672778985599816
0.04754308988645035
0.7214552374339882
0.5179242863384688
1.1129857781269477
-0.26113095390633173
0.5459265773875337
0.09495289761599103
1.8793569657084752
1.305484225328354
1.611416177620683
1.539634344029876
0.06503468165224195
0.655068990491741
-0.5560469325218429
0.7289180630307349
1.0540356899572128
-0.46578629769211277
1.3967674679957207
1.345094364464842
1.9323075834504566
0.06426337898935647
2.03411111122053
-0.27737408377143524
0.3800410956000467
0.8563358289878568
1.2449048913831555
1.1230788253416568
0.2327313156991017
1.730181768986482
0.6466447015683687
1.8480424871830305
-0.8553483949998705
0.6736257572456051
1.2465216016301364
0.6783216448405509
1.4845906138529454
1.6440972267647467
0.59245945753629
0.9184864309789016
1.4333312579884816
-0.0045948974370552875
1.6833408127432166
0.8898260044641892
0.07048432576924354
1.4224750774653105
-0.5202472989181615
1.2415612022963416
1.09980850161596
0.4284327194186796
-0.7672592977547383
1.1492437576982788
0.2488272754613327
0.07640331793477464
2.418805032881008
0.09605649452713567
1.1220019289572885
0.7518763842295081
1.0855610309143906
-0.17436238504392754
-0.4187998473851185
-0.08171161610310072
1.491219800655226
0.18405215852896775
0.5461399395062385
1.9169758305280298
0.7590231270901168
1.1367231314021404
0.14931970444383713
0.8140143057413977
0.7472459729028931
0.016928812808142107
1.9574807686756468
0.08256683624848894
0.7576507871378217
-2.101875782811952
0.5358247233420754
0.14699303946861375
0.8882436071639533
0.45935119450585227
0.6894721675974252
0.6547656269550418
-0.37745826192056126
1.788970664806488
0.06352253785938411
1.5328130519569776
-0.10749686727454284
1.1771104215622272
0.5687523760701884
-0.7942856883383984
0.343163879133486
1.7060204435602087
1.0746105371120187
-0.027071680303218337
0.3294914650125011
0.22590651245512594
-0.34941389821369123
0.8831344410482231
0.8250286654349512
0.4455917187775788
-0.22712887253120861
-0.014261491313618507
0.17496164673530207
-0.1576012561962583
0.03269515032836724
-0.500002353822398
-0.2032982882459691
-0.8947743967267037
0.804182611584426
0.6944083307490873
0.4742041868331342
-0.622230156848294
1.0946904850936194
0.16437855708673854
1.1113458958100861
-1.0898585372245368
-0.7076508768277542
0.28699829437552266
-0.5069557078183541
1.1776792151425224
0.2228838710921906
0.26273244751967284
-0.21147409604994147
0.39993761037270037
-0.3338672248970301
-0.6826635327461585
-0.319484612011029
0.5090321896906272
0.2853733764414888
-0.43783340290744654
0.2684607338384125
0.05941337874022124
0.30659444104752476
-1.1040198974428455
-0.19451604400040823
1.6590003012061594
-0.1494515373805976
-0.10201264548981546
-1.807186395162159
0.10376482639911558
-0.8339338951143658
0.12529035097810012
0.06737318851380257
-0.5572705865752885
-0.07564972851304241
-1.6131730845545587
-0.921717830860668
-0.8426080154697615
-0.6580034972275527
-1.2256203035699678
0.28121164593372866
-0.8031914140362297
-0.7560947566611621
-0.30831608356889945
-1.5040399147660244
-0.04036696104274622
-0.4456694651266644
-0.9416309962048817
-0.039863108053399245
-0.9408236844333087
0.49905828271156044
-0.25367693863323293
-0.34603964724560615
-0.004405984922851992
0.538948039665044
-1.1364816745164306
0.044672771347439855
0.20623569086822563
-0.41729149378053537
0.4338454137875525
-1.917243921557269
0.49239561523607694
-0.27258782957923716
-0.5038421478956193
-0.47599282713618035
-0.22959989735118838
-2.0672708213020528
-0.2367439461105104
-0.9214040261448853
-1.4661428979605668
-0.4781854168147286
-1.6912383310935122
0.2561106026803621
-1.3413951248919382
0.19951709429095707
-0.7595014570933127
-1.0254276836208294
-0.06083536449847985
0.41064375908051626
-0.7143714479126385
-0.7402949966236405
0.6863070169536073
0.9002998813312564
0.30584724230858623
-0.3802893128980794
-0.678054501292573
1.124462791674882
-0.858065239202348
-0.6695478977923919
0.19216562590166889
-0.2460866742567933
-1.4482351789685233
1.116388134523963
0.8719353816593696
0.05204150976258727
-0.37322954889972704
-0.135395097597834
0.3147981055193878
0.7679551921277946
-0.3834543792756608
0.2727523937380334
-0.9832211793198435
-0.39060330941235705
-0.6441266814930786
-1.370213707221278
0.5154472783259434
0.3285438655482494
0.3089666584178922
0.36241951781265713
0.5900722158579398
0.32000547825148795
0.09827849978727421
-0.02005700263390227
-0.6258188538974753
-0.8027979472147755
-0.2199734824175425
-0.8581634839386347
0.5006161275624408
-0.1310493896702016
0.472698575324963
-0.8628648764779739
-0.5541088264769334
-1.719847980150194
0.5328401664294543
-0.29456607834468457
0.11751861593355672
-0.09259243255810899
-0.4102292462910143
-2.43363547355028
0.27382503598688585
1.6465443699094608
-0.9108250429441164
-1.457520280096387
0.022150345165197993
-1.0538391186815035
-0.5713599167036375
-0.5942924893703257
0.035026152408287124
-1.7671240514493136
-0.7562983495142382
-1.0948248615760925
-0.8620300379365474
-0.2519383690913832
-0.5385726921036967
-0.5078146060542921
0.22002139737653476
0.2654048845447906
-0.9082721972564236
0.4154491047294718
-0.614410616722367
0.18052949407050373
1.04166319675652
-0.4259336581805001
1.1014019719918646
0.5163796457216153
0.23403336107685002
-0.8567557849713525
-0.5638940901300605
-0.21082324897029994
-0.8828230221639596
-0.29098145792112606
-1.0627497711440244
0.36774367279711007
-0.2744666616743298
-0.211654439588406
0.4207640193883895
0.8020794543963541
-0.03568353873924181
-0.38467168533224455
0.3676566026999057
0.10993738498948578
0.12930614707233343
-0.5069621296446625
-0.12148726134273945
0.463131596751137
0.03427925744767847
0.09552600637874512
-0.6494630867761892
1.0073126961247434
-0.41378928342132115
0.8208550404326111
2.1833845657983892
1.3015843412251145
0.12936234824515258
-0.03173849331164663
-0.21784879358876116
-1.2305908304232482
-0.3461248715808054
0.3019006510998225
1.54886030433213
0.39676523894692023
-0.31096386563768014
0.4880167533569028
0.29099320071508983
0.11653955105070468
-0.0023353088823200347
0.16961436269542848
1.298658385766479
0.5703367486484892
0.26510342521053276
1.7840971010177173
0.7282341508823567
-0.3235425220754721
-0.7457077085122009
-0.09913628901606301
-1.0884698755088515
0.4558324479688884
0.24004953775115737
0.08237584918257126
-0.6107480933013528
1.76914654428347
0.31673982886886204
-0.363461944928746
0.45300895410446157
-0.2390435041725294
0.6008187564025027
1.3983697612819237
-0.7977348177874047
0.7386704850067933
0.272109699236203
0.32678864103866956
0.6636354380177774
-1.4726167077052745
1.1989526066872882
0.189604174801126
0.4887961444756656
0.9458886759830218
0.18698619816544537
0.34754383718532855
-0.1897604004217085
-0.3492434094026363
-0.6699346198472762
0.3520408854318535
0.6963750057634842
0.16685340761078718
0.4420770041290153
0.5210489689207171
-0.49035578783802924
-2.03519123909049
-0.6487466538624466
0.1601024695981047
-1.0382721941317274
-0.013773911177830622
0.0037292175726977043
0.5708883863875878
0.34373022266372244
0.7093708462922275
-1.6898306300498143
0.11757629324150654
0.7069225650981853
0.30088210875654897
0.33528691046529074
-0.5667910861440529
0.434306417424886
0.8694522008996165
0.6095479692972846
0.22425883959466825
0.19391128750923778
-0.7301207913027596
-0.5177305840125682
-0.5913042475208183
0.22387425459203475
-0.523946718081925
0.20427976157910793
0.7496270962316138
-0.8993730298675088
-0.6364802973015039
0.10671867410310072
-0.1769239983166911
0.6065247920004304
1.5328185543827233
2.0313072581278204
-0.0233177684286137
1.282704954327591
-1.7364337774920113
1.3704841787518551
0.08413565453833897
0.7582592899800082
0.9207594658488448
0.9389446674789317
-0.08672656414559271
-0.5054163776599995
1.0593907116132582
0.07414880810115654
0.4866963266538592
2.021021206580151
1.141306154042799
0.4586783980458783
1.7150903631151937
0.6083638541062075
0.20667377629279138
0.23362178396565889
-1.7940154238787243
0.3185848007084411
0.15584337264710618
-0.0710988446270173
-0.386262510527923
-0.3583393746804575
0.7869695356751425
0.6662990397478482
0.4563410338427525
-2.1055645285632787
0.6838229771029376
-0.035286767257852326
1.2112558236483038
0.3765472630439162
-0.8809824988288291
0.650943008712683
-0.2026593873949123
0.8057769497784052
-1.0050689868626177
-0.803378191923295
1.1340253284076716
0.6188724889908839
-0.6869732228142469
0.8275884757134803
-0.0374438976783337
0.4297337925251293
0.843577492715151
-0.8950034020495884
0.31860551038403984
0.5256835916909204
0.2714342232743144
0.5314782009153503
-0.17605675472749685
0.4286051136622571
0.415302050629875
-0.1265732379396745
-1.4916671182073746
-0.7512606895826731
-0.5513775033882686
0.254160992637269
0.8283212324971149
0.32121639232237853
-0.5231502125719073
-0.3771085782709762
0.2677155163994255
0.5729499003596877
1.5417098376760663
0.6494742430356809
-0.08575479270455118
0.20471172955174238
0.18803248183283836
2.067818008512276
0.6067275886210349
-0.7247430422480449
-0.09754376293475431
0.17740152904895226
0.4003276986053677
0.16546013092464182
-0.38483050696704807
-0.42373344834057725
-0.28660739839866217
0.13190271630179223
-0.5799653685118211
0.3140279497107799
-1.255559327537098
-0.16558205942087387
-0.514237963888549
0.4863284064957415
-0.04948841473634865
0.2683909065287082
-0.07186460594459218
-0.19967501907474772
-1.0881825415287418
-0.2022564957294979
0.41087253580880684
0.10105263095031274
0.024054258860485362
-1.5630631150485175
-0.2786000357000425
-1.1844318074928484
0.12101918246718993
0.3778835637596415
1.0062599325250237
-0.3513809453349013
-1.6505352374479776
0.9365024082085778
-0.11545176902769273
-1.0152560715511274
-0.2121495360632604
-1.5377348334869374
-2.0403096081755714
0.27900723613510914
0.8029173896035763
-0.6318499804876542
-2.152984463911894
-1.8050044899468898
0.3751960392556248
0.6040016185915142
-0.5525620412071482
1.1414918389381299
-1.7140331152570458
0.18723166859603727
0.16549059518809991
0.26727026899020173
0.27946589461280624
-1.3338432489088807
-0.9724336870965747
-0.34070322435557515
-0.022295416131368418
0.7495834478724389
-0.8834285542989855
-2.091351473099664
-0.04815288479630651
-1.0236147881608482
-0.4312741356363193
-1.7647779699976633
-0.6906080951858438
-2.1784081158803197
-1.4823498945922537
-0.1348027647271324
-0.5255372514948276
0.09817606474940281
-1.7461141138928773
0.5370721019421063
0.148230027214508
-1.4407287986617163
-0.6902348990551561
-1.486006063676777
0.6954692792491666
-0.687570009926548
-1.446723007263885
-1.737759287056333
-0.49421314287202095
-0.16655261977771335
-0.5601108017798652
-1.0483651973726835
0.43737153860028505
-0.28719693076572383
-1.3340563749617322
-0.9047382874609033
-0.020271932331694827
-1.4970378409127887
-0.5568447229314386
0.021411816023783697
-1.349656027114999
-1.4531777882763597
-1.004154136602182
-2.385274637921327
0.05747796274853601
-1.3017717185780253
-1.8357086347139526
-0.8796643677436604
-0.5365475571085092
-1.3596815711886059
0.6627002688117581
-0.8632512356120454
-0.9303261050804081
-0.9427427555692903
0.052345311441104686
-0.8235953637633083
-1.5942348985186134
-0.1356372124470505
-0.23221205398838896
-1.4661516038336315
0.9936859138417179
-2.360584820273134
-0.18872964660018263
0.10601004521400798
-0.5785297052308719
-0.2619910422254148
-0.21471939342627236
-1.3818593827890466
-1.934005029726253
-0.07476039281584221
-0.12660911440855172
-1.4771607448816804
-0.756572768685698
-0.21609526266520854
-1.7852691496266733
-0.5134133144386176
-0.5057346339835971
-0.44979694383867547
0.044368983010520495
-0.5828350788460046
-0.6535498670589607
-0.4082480100788537
-0.6706067532760563
-1.5654353893879625
0.6450744069165645
-0.4011619042066682
-2.4476943058131675
-0.6337777516274054
0.6004818915504482
0.0820818857778975
-1.4031819485489798
0.7093134199810597
-1.7472690270365092
-0.7285843701927058
-1.1662879437752438
-0.5888320496770012
-0.5477271475793046
-2.5871041711768
1.0849469727959715
-0.22705578710962182
0.3655268984693644
-1.39327834932017
0.6416648904721093
-1.2437502096537068
-0.7525247546521956
0.04425004634840204
-0.9497119455691663
0.21702111276496988
-1.5125244770465314
0.8456979819278263
0.13765074188378873
0.9400181934710786
-0.14518282208390215
-2.000198026416282
-0.436298105648015
0.5335961668947524
-0.6161000317107931
-0.0936746045364
2.0225634103658106
-0.2482609204043607
-0.39152531022857995
0.2088613887119199
-0.0043681188202867195
1.2958337197435346
0.011469157488311704
-0.4889747565641064
0.6636239646258648
-0.0804802250454838
-1.591309093081944
-0.9478465538202643
0.5928517190592866
-1.712271840410743
-0.32799372000871546
-1.4377344878934122
-1.9819448582395636
0.027061074797505826
1.9505180544391358
-0.8537418640646488
-0.5457792977347103
0.8380197988384572
-1.76311454015287
-0.15127774422561477
-0.7320942938910482
1.015186540177317
-0.6557103496652216
0.5590594816923319
-0.9344585199006696
-1.1976353434846692
-1.4308006973693208
0.0727367603508469
0.8637431025701761
-1.854562893883803
0.05537126499215787
-0.25694278061470055
0.20713746692836765
-0.23578194215700748
-0.05636592482778362
-0.3773714227010004
-1.2291192154969313
1.4938717624418965
-0.18752250747811539
0.7369325073751868
-1.3529332760057797
2.2452086046828112
0.633877891842433
-0.46494663085169713
-0.32533489308754043
-1.4607119790899004
0.08132841821486265
-1.058316326338966
0.960459851114796
-0.6284125301303287
-1.3388555750588151
0.07722186285673295
-0.35465532195685057
-1.2139454731819619
-0.15098977427537325
1.1392216645517212
-0.2830011773487669
1.3917940787596441
1.084645127915227
2.4580823185036027
-0.9121688682803202
-0.665133192750522
-0.551527497544525
0.5016594298275848
1.2988386020269838
-0.8780128113778933
0.7648316341083409
1.5475949448683395
-0.2995063707911371
0.04240567495506376
-0.27335535688867424
-0.26563988427934637
-1.2324576450523221
2.0169389240507782
1.156034701757078
0.8216021260365488
-0.17719482335402856
0.28159519991146353
-1.6442804460879843
0.2815047380767997
-1.3444889994644837
0.2528517523591357
0.40913102613368013
-0.7618884830677295
1.7797707620214018
-2.1219954125482134
0.28361414152772724
0.6708098250806819
1.5741458804256199
1.6804068702288728
-0.30922003761800604
1.6171685703043774
0.5058271884544085
2.011122753280156
0.7513055196254422
0.8023227549069545
0.7891449738999803
0.22807744156605977
-0.28493521327112803
-0.7927067825961491
1.0402313587245904
-0.465349059762517
1.7740393523413147
0.8810400174527736
1.6167431725697348
1.2349303879294262
0.41495956983896404
-0.2993713305541876
0.803032685955866
1.2980391686562287
-1.3520587197114737
1.0467592631775402
0.7469285957315904
1.186744937671726
-0.1604746458704584
-0.01369723400514576
0.6103120960071582
0.05975624109196574
-0.45088162527121756
-0.12424525521458828
0.4716366192149055
0.32878905627520744
0.6689805876064714
-0.03025541556867363
0.4083367798969872
0.2924661018778753
-1.4805830614443234
1.8774156154504016
0.27196291453703275
0.33735647288523374
2.1341147813830945
0.15872199406095588
0.4482114787876652
0.3081405124594323
1.0260939359072974
-0.47719414209783556
1.1368332168219029
-0.21681910247138705
0.3363048588708123
-0.685797939431951
0.9655133721527194
0.31066827847120737
-0.3519311907207239
2.255098258824229
0.4890767821239373
0.6766008135569735
-0.5638850167058023
0.2436349916198584
0.599082977141108
-0.766738231244519
-0.744742794785397
-0.24117627107734968
-0.00452730950799159
-0.7944517777283481
-0.06913975642652843
0.5079167824816957
-0.15879310841070768
-0.022363320539727206
-0.2549601672383216
0.35088699944635626
1.9213304486185276
-0.46010929873121764
-1.3597947880313623
1.0780010909892361
0.566341254828839
1.5087603657502895
-0.2543601207459437
0.7466038334637697
-1.3794175594577625
-0.6964641221884221
-0.5893697626062858
-1.2661954840573537
-0.04274441464461253
0.7263182969687693
-0.10293037352205403
-0.3705284108509096
-0.6995418778241876
-1.2335693948239934
-0.7244587744457506
0.6812483607942919
-0.7764664795582611
0.9049349659514763
-1.393058010195638
-0.9446467410172374
-0.2672524321663305
-0.40989511574720466
0.627005721199659
-0.4547487144669761
-0.5992264025449181
-0.025624468494000928
-0.09703376970039855
0.39089721892414014
0.2778490082622281
-1.1569250563926397
-0.23212912046372433
-0.7871651552162908
-0.8984546101050372
0.5276691938833592
0.0027417332161026597
-0.6044255853908521
-0.9644612542909088
0.9371481371616792
-1.3745244574933286
-0.442682164817979
-1.170939416304077
-0.11490588933734358
-0.2647671053037407
-0.4591513389858619
0.18246069403923856
-0.29913917003307944
2.1867345756046803
-0.3639661270471316
0.10197103912582436
-1.3019061423933198
1.2719646966356486
0.3034572121001956
-0.9193435832496032
1.1434879188792417
-0.48512841660628764
0.5056770967949449
-1.7486203002810776
1.3150679533538907
-0.7272636838589476
0.04105379346497033
0.8290129211268548
-0.8707267593976775
0.0502123948431019
-0.12377670266536552
0.23045868907725092
-1.0446748129107426
0.3071809099233152
1.024767538065443
-1.219017417074445
-1.689221123143587
-0.5118871795615179
0.06753675417513165
-1.3531234531483656
-0.22538662942095375
-1.976861512182927
0.49172211141686584
-1.556482829819789
-0.4935250300094956
-0.6542542425272785
-0.8318118413894441
-1.0565624208889237
-0.8824599119868758
0.66375978502212
-1.74325209399731
-1.7932028406194058
0.32058699834285015
-0.8035576704398699
-0.9739214149891072
-1.6719042506001658
0.4386156081293019
-1.4108753187297394
1.0184373190043032
0.0014304235212004278
-1.0124932577682335
-1.739975990872756
-1.0394659802557515
-0.1974600015355655
-0.4039668196477878
1.2376015795147102
-0.45086873640184366
-0.6399519374116975
-1.2185244550623222
1.6080836874820859
-0.22993320882079424
-1.0861362665788448
-0.771378229285526
-0.43431918705403444
0.044731373520030634
-0.6464323168144442
0.3860036997798991
-0.505074542099296
-0.10396786847960328
0.3669176339067011
-1.0640909063310509
1.3086824057570157
-0.6323971734100491
0.8730828653131989
-1.9655231833137452
0.3485571048252145
0.1938832304507824
-0.06845991054848276
-0.5561404800528185
-0.1307245543425962
-0.3449958751512986
-0.6983055465149625
1.2537836884153926
-1.9797496232683367
1.4832956093926108
-0.5566702698375248
1.041688273604034
0.3375750933223021
-0.3449663801315466
0.5407051873144352
-0.10128962740642782
1.3082054487862276
1.0910023054332205
-0.2664443424477983
-0.46664536827369646
0.6637183851682898
0.7018696683299357
1.1576190650966698
1.2350175947455184
0.07749610024538466
0.8941056229730676
-0.627867711942127
0.7083042019308795
-0.03172741855224552
0.09526317819096106
-0.7140013182829315
0.3009039251718217
1.6446724961278567
0.09369677398331445
-0.5377730690097854
0.22658970673136541
2.2316475092578067
0.04760243145662376
0.20647903053826236
-0.7439136735308111
0.9874716036145382
1.3720430058631163
-0.31781115122014714
0.5221329762593593
0.7370513821093214
0.8702592134059386
0.5430350480352637
0.224414987928065
0.893329523684847
-0.5897917099539135
0.3980838411969003
-0.2518295491526162
0.5637272646753276
0.31811168369289583
1.5047274130502182
0.17778066025026124
0.6784226948631492
-0.012919845231253873
1.1281647266533121
0.43217334061361096
-0.8649572719595874
1.075449264039068
0.2438319818769462
-0.2755288299014096
-0.6579013496222746
0.8621663607021552
-0.8421499442122182
0.16969101125637812
2.086864712441524
0.048766632866316245
0.36253821151678867
-0.3266674010918544
0.026057518411385216
-0.60294325361743
-0.31341943771657693
0.7348406509267333
0.07550045654513114
0.6252797891098787
-0.062058141891193366
-0.8300558098819942
-1.4057605750623259
2.132507997798759
0.3847936458054219
-0.2804113964774586
0.14689787168261934
-0.2584159642628542
-0.4906056327789533
1.3344360351143658
0.5495009388502136
-1.5058994898216946
0.08732528762299024
-0.6326961066060943
0.6331838257336788
0.1775400124737683
-2.2503488171870174
1.2491605071571072
0.32521473272527956
0.05100814588661169
-0.59873115133073
1.1465832810057541
-0.0360940738608702
0.7236125362646701
-0.9602753391304106
-0.3328891210773609
-0.6238990474672641
-0.5219164142863782
0.4867342140248115
-1.155831062409538
0.4524503308640095
-1.3590253983914662
1.5647527711585314
0.49972692119231044
0.39069660490672836
0.6276348330793714
-0.40243844844195564
0.7432847694318729
-0.20914356326782557
-0.39510671382360296
-1.3504245224731333
0.333096921029587
0.29616247900619314
-0.14122452309626743
0.4081103385476986
-0.6503338669263132
1.7004014582887101
-0.5451490693907324
0.7683674769628805
-0.37078292266010265
0.4502380715581299
-0.17200121202398785
0.520937625965714
-0.3220036520439815
0.1270007711783828
1.5627570945440927
0.43376755452049287
0.7056561417525454
0.8211693342090146
0.8089477415834714
-1.4990464360416478
-0.5147240471764902
0.0897715553373967
-0.49652738425006515
0.046861960996876055
-0.6145776892679807
-2.152643535833337
0.2528985100171034
-0.20978849026466276
0.1475039246818003
0.8608414376434751
-1.0633499206951331
0.35441096693905644
-0.833258354841138
-1.3647692507023244
1.0217893632061763
-0.1091623193053063
0.6324477088999624
0.8141095383775805
0.7454575678715462
-0.9215834379907987
-1.5186470263288614
-0.3575076413761106
0.017988277741731014
1.9196086622361044
-0.9524555845085985
-0.644317981552264
0.36132874610485377
1.4185969605710393
1.5918496997243279
0.6645127002185779
0.7152346937994212
-0.889005720854216
0.7881052288635757
-0.7544691760719306
-0.02913955239186083
1.1384165071592407
-0.04152191931975752
-0.06252478657697287
0.43481066869054247
0.66443694211634
-0.793380866014292
1.2844203412637825
-0.6054645755513857
-0.18461914721420938
-0.08491244069072244
1.036475106066298
-0.818700473095028
0.10178216350178267
0.1012863797160297
-1.1217575564496725
0.018919066485123374
0.27933145684320465
-1.0366323172043206
-0.21690782585000598
-0.14418024151730588
-0.23089053299600043
-0.6709642295085498
-0.17475635754043375
-1.2060742114425618
0.42651608547766345
-0.919932720688566
0.09285574468865676
-0.9965020993118625
0.15170992215625093
-0.8344203208878402
-0.03259740979395443
0.006907907944436082
-1.1484418761108581
-0.059404024989127495
-1.1036187798109933
0.9447745606569999
-0.16643710473213688
-1.0742394178838435
0.11030035974919891
-1.0758413348367823
0.10825791168408835
0.04878116358283009
0.013618219320622075
-0.3981339023139574
0.866876164026154
-0.6512977758077264
-0.551330686424345
0.6374585110491886
-0.06923037178255674
-0.27768896461943343
-0.7624829543791252
-0.9631478579141401
-1.1947527652360348
-0.542543646662869
-0.38155102934035323
-0.6409296536219781
-1.0735088755086983
-1.878705694106682
1.3475284268673955
-1.501147280992868
0.11137691521068555
-1.8179893497591582
-0.259561313701141
0.48509835440507326
0.8576958856163586
0.02199121500841354
-0.9580274745372862
0.6136704250559435
-0.1251001090737
-0.38576294283318435
0.446004468159534
-0.8541471314895205
-0.9819051894452601
-0.8236625737825121
0.724384708153733
-1.5639604553432014
-0.3408602985873659
0.3992560743609114
-0.3733491518387683
-0.49029251697595055
0.6440917077474657
0.34048855268987077
0.02856356009288469
1.7630774354444052
-0.550300330284296
-1.9475282743448736
1.9734219079720994
0.5524170325392764
0.7790047612885846
1.0692724057533387
0.871280181467548
-0.20358769460297893
0.6434760373762192
-1.317751449213929
-0.6063976639554554
0.26979464274533455
0.5134742765602216
-0.215789638034541
-0.42906411749522066
0.23587212487527817
-0.2836147376375814
-0.20096842439336443
-0.9469543333036493
0.20339842023182284
-0.260658766975841
-0.1020699451916699
-0.3754320143136199
0.7799209815016555
0.5505060274654251
-0.5724535098843897
-0.806177417599724
-0.412382729475609
0.9956799960455385
0.09220528921175389
1.759065054724725
0.0172384198047691
1.1681669199875342
0.7060815303553574
-0.6464475517413797
1.368987733501438
-0.24132318977359987
-0.3159113813934731
-0.03977779236389928
-0.8086906597537935
0.3399176558371122
0.5287848910306603
-0.4025682945166287
-0.4035877299631235
-0.5117566023010764
0.8846076090617295
-0.10914260143758304
-0.8936452280408742
0.43377031143561484
0.040932749496521856
0.14257483747466496
0.2732900608279056
0.9222866755411921
0.6648027547408967
-1.7292552837783173
0.8529122191210392
-0.7817093229057858
0.8839900489229984
0.5455698937523783
-0.5666301826074231
-0.8039073994756767
-0.6284203099847002
0.1302970272635793
-0.5199277301958025
0.26522929548817287
0.9432071826433295
-0.7376619870629605
-0.16414621944335547
1.2003873912775658
1.045719918089586
-0.039806723306496344
-0.33416998180463603
0.9631437187534164
-0.1726989812070031
-0.6432707441598812
0.7035627324143242
0.6986537014917774
1.2998426149295788
-0.26298845745785415
0.18445968227461923
0.8855038953399942
0.5623230648017153
-0.8125717489910095
0.3788126627777735
-0.989533368850792
-0.9230650178285281
1.3712036798735092
0.8061670916086892
0.09155507746673668
1.0839755850375952
-1.0227028811119008
0.41661246547424047
0.39751202754257253
-0.27411277964873476
-0.4062021229640362
0.16560263031061603
0.42228873173010684
-0.11157364186802217
-0.5306354969012131
-0.16115538675266414
0.956228347580756
-0.026755403722983184
-0.20170363140557787
1.475481067450854
-0.5989807786019801
0.44099044115977204
-0.4120328402592058
-0.14603559195226948
-0.7710080859513376
-0.20050254985027982
0.03491444847850144
0.5545508799561274
-0.2741331523561407
-0.07104971040453893
0.22427969152927757
-1.3145128206134447
0.0624530975918219
-0.17416409074251832
-0.5988366590262452
-0.09423996162645601
0.9333530225266348
-0.05409295301539247
-0.7699684666940859
0.9719477723004515
0.7591386903116838
1.1272881777239383
1.2670251882004788
0.6375551859396017
-0.6736998066644241
-0.24523855603847763
0.597817544554653
-0.8514207309394562
-0.24679736507331557
1.2238289859869556
0.6192642104296859
-0.8006934125609895
0.5600674515132025
-0.8854334666745379
0.8687377352801594
0.6999613337508034
0.5629700613538117
0.9924977596063967
0.6997169944966518
-0.7224285796812782
0.5028256235147225
0.9096764935586245
1.0078529097851388
-0.3928895450112093
0.49604532818842323
0.18411427762977406
-0.6273481892861749
0.6216407327227746
0.2571522358602419
-0.10896687850964186
0.7586483293743983
0.42064126795266793
0.9367947242672416
0.14523918079527223
0.6020280275596126
-0.3158446748474935
0.8570972368156772
0.9723023458991499
0.10704858002482123
0.5552402384774654
-0.8657420010566281
0.4613559758350321
0.9167558439288155
0.023460620030218655
0.016385227379402085
0.5069772382214521
1.1301587999923366
0.29283400015102123
-0.5482751018819718
-0.06750656535011128
0.660090023583804
0.8851602551188769
0.75130658044238
1.1291883996320966
0.5493250264754246
0.8943112127306889
1.2508121409799358
1.4788968630897352
0.848383063064746
-0.03211995401726932
1.046029873064587
-0.05594454786632024
0.027812994810578497
-0.2872750745192391
0.6505448150886527
-0.32582558054041905
0.8401190455160531
-0.4746021357385756
-0.5697478755824847
-0.4941195178128413
2.620218694759574
0.8805685665482063
0.952242974331339
-0.06496733230989249
-1.3124381616767127
1.3162011273693643
1.2476602880838112
1.0955462799823883
0.07900164980139232
1.2353087060281518
-0.7908712032281214
-0.31391973128882145
-0.468270160760765
-0.874025498169352
1.1771455270159097
0.005732829953314902
-0.2064453429587609
-1.4933818157783079
0.45086354437481824
1.750602201574417
0.43567885417824914
-0.23327871652233195
-1.3235729110173584
1.908087607329712
-0.26869732959609405
0.20909303289986544
-1.13778743700925
-0.6650398152960506
0.3224371716129817
-0.4267334416797992
-1.253281902370186
0.638415635830412
0.5544099689809682
0.882658671302431
-0.09296774838053505
0.4535386110188674
-0.20790689643469185
0.43464714005563765
1.5301713461150441
-0.8740692422959286
-1.8538060320907181
1.5800202689035365
-0.6804951436144736
-0.13828832199617194
-0.6311878808229533
0.9486963621592176
-0.3980134278054567
-0.5564610854481646
-0.6932191406961185
-0.07262607149915615
-1.131602433296068
-0.5546657113702335
-0.267678073915383
-0.3144231874126448
-0.19968211673850203
0.6710875086318029
-2.0365396061253582
-0.26538905145736247
-0.2939497147836541
0.9883155025973515
-0.4140623144107862
-0.2664362631114066
-0.8304441569309992
1.9787677033178248
0.2971557542012954
-1.3824421924347539
0.8793504804140526
-0.45150236622477213
-0.4812397318027831
0.9841833651083394
0.2324613200938543
0.20291990233328544
1.072518475176616
-0.42987983164047133
0.6260954219297459
1.2401712623859185
0.29261881244242843
-0.22026321363782173
-0.7692798866102731
-0.06134456112377159
0.22457802104773994
-0.06929826395487781
-0.3453723491958489
-0.04522078725903631
0.5382814634549721
-0.7993644205300122
0.46640357074737526
-0.6607127908476507
-0.2915472970604455
1.291930012266473
0.9966842452028124
1.5629111710244687
-0.13226657165075276
-1.6683472859698614
-0.791922097344587
0.24987150759446636
-0.1883857916515293
-0.5748481452590173
-1.1689597310010245
0.6030224740944725
0.43120204415873237
-0.2956036417571834
-0.11702315630953487
-0.012385622977169383
0.10727844194215615
-0.32254621595906857
-0.003733268503511109
0.3940641634521086
-0.21487484802145923
-0.5151409596456396
-1.777316357269202
-1.6782592755943728
-0.3234567094214808
0.24571944206581833
-0.6059099784288052
0.5065464708315298
0.358276569536235
-0.06420308965233341
-1.229084342948357
-1.6319475619221508
-1.204547828829192
0.6616861868645161
-0.47615376648478935
-1.1376877760717172
-0.3655294571863857
0.7043298050605059
-0.6901917710243624
1.9421950597505826
0.5453757142457463
0.37593390499757784
0.2359057375915448
-0.19513669804651348
1.049378508186911
0.658619096847709
0.5719759452260641
-0.425913988780633
-0.7483616123095109
0.014554157181877221
1.5952027572720573
-1.399168320312164
-0.6560271793714131
-0.13296795403501174
0.051809962775010494
-0.285375123911549
-0.29686379623620796
-0.06442901097907958
0.5337392308790899
-0.794477689656729
-1.1191162029904727
-0.9961295094109496
-0.35563233379682635
-0.26889194331817773
-1.3052718487672634
0.32035355631195556
1.1995248403635934
0.162197519025245
-0.20650401614853361
1.209700862667377
0.08362150819365011
-0.9289208348746074
0.21613472802551467
0.22211644689636553
-0.16371809527735914
-0.08136677966359501
-0.5901112513293294
-1.4248412441931715
-0.3594639402384011
0.02181606507632448
0.613081072889238
1.5967902158305662
-1.3358642747049978
-0.3490019505236737
-2.079198226822251
-0.8920310139501846
0.31173367859026635
-1.069528859608586
-0.3495698252992422
0.9388548575508032
1.8005960673094283
-1.2639265190953874
0.8570014856240987
0.046213178969622994
-0.5767696860059806
-0.7651547116379613
0.9543298139572035
1.316815777844935
-0.6437013065751754
-0.5923814131261279
-0.13247282510197042
-0.6001039716616542
-0.9387382190122581
0.6281518334024336
-0.37582151724862406
0.5454154021286629
1.0829487746845885
0.3198450996010211
-0.23436458871936516
2.1188396885698295
0.19137350231590022
-1.395337065973799
1.3216070960672393
0.9594555213207698
-0.07422044892250794
0.8217183336363045
0.12294822054802869
1.5219522220404933
-0.20702812121691222
2.0339083805684237
-0.5162898258718506
0.10316992793512897
0.47319189054288946
-0.06896381666746024
0.10974918847443405
-0.07751921539931401
1.3207168828543603
-1.3735922863481937
-1.067133583645845
-0.005332104580612629
0.8643104812014752
-1.0340562725242186
-1.7512840516289117
0.7111123159651992
-0.6582087172975976
1.188863344712719
0.21156384691868127
0.2835373640743099
-1.967775602328155
-0.03808331692398842
-0.2578129934211152
0.5003868198403121
0.7615496745520586
-0.6476336483943911
-0.005849269575051802
0.48643466560515575
-0.691220539686013
-0.3856184214614612
-0.08873936263862399
0.19950805807561908
0.26184895670239255
1.867477733956729
-0.7392856088976733
1.1362988039224065
0.47127002083484026
-0.8577314733020031
1.023457627790911
-0.9811572133258118
0.5614830253562844
0.5940446397956283
0.8594815981859597
0.022110745991980787
1.4897485673503907
0.7924805658250283
0.2491617953568009
0.8078248209124385
-0.654374522173385
0.6349714867844329
0.5985358380613501
1.557357008971216
0.22761494840977534
-0.29291658421600986
0.26623877380117617
0.3777613794099741
-1.1391103716544986
0.10890871832804165
-0.5857554871386782
2.1372246145024048
2.289105358439225
-0.6917368702949611
-0.4364247622181425
-0.7961418986388392
0.3269865328597272
0.11227397770197584
0.3373061213615107
-0.8294630708335301
-0.4081509521529604
1.260056488172972
-0.16913954094368766
-0.2806874032581276
0.605277080214989
0.17596006516731016
-0.3401552124996396
-0.37620090228784986
1.0899340116527991
0.07703686625199135
0.5477917354073999
-0.02790098611237752
-0.3364976611463877
0.010305292159002282
0.5625378055930499
1.223942375433616
-0.9764796815448935
-0.5924717984878867
0.5069695433765906
0.6206706806152683
1.0569325804640823
-0.4684336083837506
-0.5018904508370424
-0.8223808298491413
-0.4867806069569345
-2.503870707345358
-0.32769563836624094
-0.5420422813848883
1.4104145434910407
-0.40526884697150034
0.20445639128566195
-1.002556558321152
-1.0539212061187546
0.36595933027290556
-0.9879763424711222
-1.2100165530932467
0.12447818102226858
0.3105806967828511
-0.391990590908224
-0.18760370279465696
-0.5054175935052974
-0.7368469034087857
-0.7337417585298978
0.13983432776184915
0.05661578767970582
0.2996461453450205
0.3217668046959863
-0.4458103460974346
-0.5611929246259886
-0.35500210621319034
-0.3823302008273438
-0.42078007111059046
-0.6329779540837662
-1.0045975028456227
-0.39707037538615414
0.42756247243470175
-0.5944114875024819
-0.9740828636946527
-1.4367256774241541
-0.479357994278754
0.9670938040248795
-0.34293736461027774
-0.21549609390301172
-0.4921333507133678
0.5435762329769764
-0.6892370976538267
-0.2692446814654528
0.36839262773956755
-0.7290096066013279
-0.11540597528384056
-1.6461995470322783
-1.1268601317971614
-0.9210295234496426
0.4664641521943786
-0.9067679188089581
-0.6890685904338596
-0.4939741636189402
-0.7784988930796894
-1.074964465394319
0.5510670755878923
-0.5481383760920335
0.019446935920583112
-0.03244274297409387
-0.7652532005640643
1.009099924130671
-0.47067498357406945
-0.9106922477784526
-0.4561956045920473
-0.7507415145906319
-1.4294574503125665
-0.3540329054449985
-0.8000238542761204
-1.6631958255111916
0.307137149583263
-0.5241380027410415
0.10095299832639396
-0.6880961265952328
0.7618158559658413
0.34630882224892384
-0.32363980399774744
-0.27159671799486107
0.42687796458330535
1.7186336371396922
-1.650068137775435
0.6514794619172252
-0.8635361077385568
-1.2797149504941792
-0.6036702551251272
0.5858909261353424
1.3501555627201842
-1.2252229272201083
0.8502558505434288
-0.4004531980870747
-1.4595951278702608
0.52619658084842
-1.1207197483991664
1.857305402555997
-0.11920772689561338
0.24483375009422936
-1.124719578242474
0.193516672223802
-1.397263866659594
0.44909613926095004
-0.522524865402913
-0.36377717512316066
-0.650356019131454
0.030150335826311925
-0.8622540931040495
-1.550231337181753
0.4092586878272789
-2.05242027278068
0.3404644595926228
0.5667801455605511
-0.7315365347483552
-0.7551512954938222
-0.005976511139371743
0.5454019637412476
-0.350256491080977
-0.04827197664595944
-0.9199654351781588
